Acc0,Acc1,Acc2,Gyr0,Gyr1,Gyr2,Mag0,Mag1,Mag2,Timestamp,dt
-0.234375,0.984375,-0.015625,6.12640380859375,-3.25775146484375,0.05340576171875,11.41357421875,-1.0986328125,-18.98193359375,141504678110653,0.0
-0.1875,0.875,-0.03125,9.40704345703125,-9.368896484375,-6.4544677734375,11.23046875,-0.885009765625,-19.4091796875,141504779003674,0.100893021
-0.21875,0.84375,-0.03125,11.07025146484375,0.63323974609375,8.758544921875,11.23046875,-1.129150390625,-19.04296875,141504879780601,0.100776927
-0.203125,0.921875,-0.0625,3.2501220703125,-1.83868408203125,13.5345458984375,11.3525390625,-1.15966796875,-18.829345703125,141504981848258,0.102067657
-0.25,1.21875,-0.109375,4.608154296875,5.07354736328125,-4.78363037109375,11.71875,-1.312255859375,-19.1650390625,141505082608622,0.100760364
-0.3125,1.0625,-0.125,-5.523681640625,9.05609130859375,1.068115234375,11.932373046875,-1.495361328125,-19.47021484375,141505182880810,0.100272188
-0.359375,1.0625,-0.109375,-23.0865478515625,66.7724609375,10.162353515625,11.77978515625,-1.312255859375,-19.10400390625,141505283196434,0.100315624
-0.265625,0.765625,-0.078125,-23.0865478515625,66.7724609375,10.162353515625,11.71875,-1.251220703125,-18.890380859375,141505383493934,0.1002975
-0.34375,0.78125,0.046875,-34.85870361328125,119.1253662109375,10.6964111328125,11.5966796875,-1.15966796875,-18.37158203125,141505483802684,0.10030875
-0.125,0.890625,0.03125,-27.04620361328125,97.52655029296875,6.8817138671875,11.566162109375,-1.03759765625,-16.66259765625,141505584204091,0.100401407
-0.15625,1.1875,0.140625,-5.27191162109375,39.16168212890625,8.9263916015625,11.65771484375,-1.03759765625,-14.801025390625,141505685200497,0.100996406
-0.21875,0.953125,0.0625,9.81903076171875,-19.5770263671875,6.34002685546875,11.932373046875,-1.40380859375,-14.434814453125,141505785885132,0.100684635
-0.203125,1.078125,0.078125,22.33123779296875,-43.7164306640625,-3.82232666015625,11.932373046875,-1.52587890625,-14.892578125,141505887063934,0.101178802
-0.125,0.78125,0.09375,31.01348876953125,-69.8394775390625,-5.8135986328125,11.962890625,-1.312255859375,-15.07568359375,141505988068309,0.101004375
-0.109375,0.78125,0.03125,33.538818359375,-84.02252197265625,1.24359130859375,11.962890625,-1.129150390625,-15.80810546875,141506089032215,0.100963906
-0.203125,0.90625,-0.046875,32.196044921875,-87.04376220703125,4.46319580078125,11.749267578125,-1.15966796875,-16.90673828125,141506189886434,0.100854219
-0.328125,0.890625,-0.09375,20.2484130859375,-79.742431640625,13.885498046875,12.02392578125,-1.3427734375,-18.73779296875,141506292250809,0.102364375
-0.328125,0.890625,-0.203125,-11.08551025390625,16.7694091796875,-10.2691650390625,12.176513671875,-1.77001953125,-20.3857421875,141506399667267,0.107416458
-0.4375,0.953125,-0.078125,-19.95849609375,29.84619140625,3.23486328125,12.542724609375,-2.25830078125,-20.3857421875,141506503355288,0.103688021
-0.265625,0.671875,-0.0625,-17.38739013671875,20.538330078125,7.74383544921875,12.359619140625,-2.227783203125,-20.233154296875,141506603953830,0.100598542
-0.1875,0.734375,-0.078125,-3.875732421875,9.84954833984375,7.232666015625,12.3291015625,-1.922607421875,-20.08056640625,141506704682632,0.100728802
-0.203125,1.078125,0.015625,12.664794921875,-7.10296630859375,-9.3536376953125,12.3291015625,-1.922607421875,-20.1416015625,141506805095236,0.100412604
-0.203125,1.328125,0.0625,3.6163330078125,0.14495849609375,4.00543212890625,12.39013671875,-1.922607421875,-21.331787109375,141506905835496,0.10074026
-0.359375,1.25,0.0625,3.6163330078125,0.14495849609375,4.00543212890625,12.3291015625,-2.044677734375,-20.599365234375,141507006721330,0.100885834
-0.21875,0.84375,0.03125,8.67462158203125,3.70025634765625,-11.10076904296875,12.3291015625,-1.739501953125,-20.3857421875,141507107596121,0.100874791
-0.171875,0.734375,0.015625,9.8724365234375,2.26593017578125,-1.62506103515625,12.054443359375,-1.953125,-19.95849609375,141507208492267,0.100896146
-0.125,0.765625,-0.03125,3.0364990234375,-3.19671630859375,5.37109375,11.90185546875,-1.52587890625,-20.263671875,141507311604871,0.103112604
-0.296875,1.109375,0.03125,-7.7056884765625,8.60595703125,13.25225830078125,11.993408203125,-1.678466796875,-20.01953125,141507413445965,0.101841094
-0.28125,0.796875,-0.09375,10.41412353515625,14.6484375,8.8958740234375,12.115478515625,-1.64794921875,-20.01953125,141507516508361,0.103062396
-0.3125,0.984375,-0.03125,-4.486083984375,1.7547607421875,-14.8162841796875,12.054443359375,-1.708984375,-19.317626953125,141507617427840,0.100919479
-0.171875,0.75,-0.0625,-8.3160400390625,-0.14495849609375,9.8419189453125,11.932373046875,-1.556396484375,-19.500732421875,141507718235652,0.100807812
-0.171875,0.75,-0.0625,1.33514404296875,11.1846923828125,13.1988525390625,12.26806640625,-1.739501953125,-19.775390625,141507818830756,0.100595104
-0.21875,1.03125,0.015625,4.82177734375,7.8887939453125,9.5672607421875,12.359619140625,-1.983642578125,-20.01953125,141507919729715,0.100898959
-0.25,1.28125,0.078125,5.6304931640625,7.4920654296875,5.126953125,12.6953125,-2.166748046875,-19.83642578125,141508020552319,0.100822604
-0.1875,0.859375,0.09375,3.62396240234375,9.918212890625,-13.397216796875,12.725830078125,-2.410888671875,-19.04296875,141508121171173,0.100618854
-0.15625,0.859375,0.03125,6.2408447265625,38.8641357421875,-1.64031982421875,12.51220703125,-1.983642578125,-19.378662109375,141508221985444,0.100814271
-0.15625,0.75,0.015625,-10.5743408203125,89.508056640625,-9.1094970703125,12.420654296875,-1.800537109375,-19.1650390625,141508322945912,0.100960468
-0.21875,0.765625,0.0,-26.00860595703125,109.2987060546875,12.20703125,12.237548828125,-1.861572265625,-17.578125,141508424705652,0.10175974
-0.25,1.171875,-0.015625,-16.693115234375,78.65142822265625,10.87188720703125,12.237548828125,-1.373291015625,-16.17431640625,141508525458881,0.100753229
-0.21875,1.0,-0.0625,-5.45501708984375,61.36322021484375,-11.77215576171875,12.0849609375,-1.77001953125,-14.7705078125,141508626811121,0.10135224
-0.140625,0.984375,-0.015625,-9.60540771484375,41.107177734375,2.6092529296875,12.3291015625,-1.983642578125,-13.153076171875,141508727636225,0.100825104
-0.125,0.6875,0.015625,-9.60540771484375,41.107177734375,2.6092529296875,11.993408203125,-2.410888671875,-12.8173828125,141508829405964,0.101769739
-0.046875,0.78125,-0.0625,2.9144287109375,13.092041015625,-0.37384033203125,12.115478515625,-2.532958984375,-11.8408203125,141508931361485,0.101955521
-0.15625,0.96875,0.0,5.2947998046875,-37.65106201171875,-11.3067626953125,12.39013671875,-2.655029296875,-11.932373046875,141509032558777,0.101197292
-0.078125,1.25,0.125,21.47674560546875,-72.7386474609375,4.58526611328125,12.63427734375,-2.777099609375,-12.51220703125,141509133965496,0.101406719
-0.25,1.15625,0.109375,26.7333984375,-85.02197265625,-10.6964111328125,12.5732421875,-2.62451171875,-12.939453125,141509234592266,0.10062677
-0.21875,0.703125,0.109375,26.81732177734375,-70.80841064453125,0.43487548828125,12.63427734375,-2.532958984375,-13.092041015625,141509335977423,0.101385157
-0.140625,0.90625,-0.015625,23.6053466796875,-67.90924072265625,14.6026611328125,12.14599609375,-1.8310546875,-14.58740234375,141509437494714,0.101517291
-0.234375,1.15625,-0.0625,9.77325439453125,-65.6585693359375,24.3682861328125,11.90185546875,-1.556396484375,-15.533447265625,141509538168152,0.100673438
-0.15625,0.796875,-0.125,24.6734619140625,-62.7899169921875,16.92962646484375,12.0849609375,-1.5869140625,-16.510009765625,141509638486849,0.100318697
-0.15625,1.078125,-0.078125,9.613037109375,-77.38494873046875,-12.2528076171875,12.51220703125,-2.105712890625,-17.76123046875,141509740720495,0.102233646
-0.140625,0.625,-0.03125,6.38580322265625,-87.646484375,22.003173828125,13.031005859375,-2.471923828125,-19.256591796875,141509841405131,0.100684636
-0.140625,0.625,-0.03125,18.79119873046875,-99.40338134765625,36.9873046875,13.18359375,-2.74658203125,-20.721435546875,141509942083620,0.100678489
-0.140625,0.8125,-0.140625,13.12255859375,-74.25689697265625,7.2479248046875,13.5498046875,-3.448486328125,-21.91162109375,141510043164401,0.101080781
-0.203125,1.609375,-0.078125,13.11492919921875,-35.24017333984375,-5.0201416015625,14.251708984375,-4.669189453125,-24.35302734375,141510144373985,0.101209584
-0.203125,1.609375,-0.015625,-10.0250244140625,18.08929443359375,-15.625,14.984130859375,-6.072998046875,-25.604248046875,141510246584766,0.102210781
-0.109375,0.859375,0.0,-13.36669921875,60.31036376953125,-30.1666259765625,15.411376953125,-6.9580078125,-27.923583984375,141510348560391,0.101975625
-0.109375,0.703125,0.03125,-2.227783203125,81.97021484375,-17.4407958984375,14.129638671875,-4.791259765625,-24.7802734375,141510449107162,0.100546771
-0.109375,0.703125,0.03125,-2.227783203125,81.97021484375,-17.4407958984375,14.129638671875,-4.791259765625,-24.7802734375,141510550371016,0.101263854
-0.234375,1.140625,0.03125,-17.7764892578125,59.44061279296875,17.0745849609375,13.031005859375,-3.265380859375,-22.5830078125,141510651059089,0.100688073
-0.109375,0.640625,-0.078125,-1.678466796875,44.04449462890625,0.54168701171875,13.031005859375,-3.265380859375,-22.5830078125,141510753568932,0.102509843
-0.28125,1.046875,0.0,-13.80157470703125,35.17913818359375,-17.76123046875,12.63427734375,-2.685546875,-20.751953125,141510854355391,0.100786459
-0.15625,0.671875,-0.015625,-7.2021484375,31.42547607421875,6.62994384765625,12.115478515625,-2.01416015625,-19.256591796875,141510954766224,0.100410833
-0.140625,0.765625,-0.0625,0.9613037109375,18.3563232421875,4.7454833984375,12.237548828125,-1.983642578125,-19.6533203125,141511055219818,0.100453594
-0.171875,1.21875,0.0,15.899658203125,-6.55364990234375,-2.66265869140625,12.237548828125,-1.983642578125,-19.6533203125,141511155791745,0.100571927
-0.421875,1.40625,0.015625,12.67242431640625,-18.69964599609375,8.453369140625,12.14599609375,-2.197265625,-18.24951171875,141511256441484,0.100649739
-0.265625,1.171875,0.046875,13.519287109375,-10.92529296875,-11.98577880859375,12.63427734375,-2.13623046875,-18.707275390625,141511357216276,0.100774792
-0.140625,0.765625,-0.03125,19.38629150390625,-5.1116943359375,-8.23974609375,12.664794921875,-2.471923828125,-19.6533203125,141511457986745,0.100770469
-0.140625,0.765625,-0.03125,19.38629150390625,-5.1116943359375,-8.23974609375,12.451171875,-2.38037109375,-18.402099609375,141511560497474,0.102510729
-0.15625,1.015625,-0.15625,6.62994384765625,-5.2642822265625,14.9078369140625,12.603759765625,-2.166748046875,-19.53125,141511661405599,0.100908125
-0.171875,1.125,-0.203125,15.40374755859375,-5.06591796875,-11.03973388671875,12.725830078125,-2.38037109375,-19.256591796875,141511762351588,0.100945989
-0.3125,0.84375,-0.171875,-1.27410888671875,3.9520263671875,-5.340576171875,12.847900390625,-2.471923828125,-19.744873046875,141511862855651,0.100504063
-0.21875,0.84375,-0.09375,-16.48712158203125,-1.617431640625,-8.15582275390625,12.542724609375,-2.349853515625,-19.439697265625,141511963360078,0.100504427
-0.125,0.65625,-0.0625,-4.638671875,1.40380859375,25.2838134765625,12.63427734375,-2.288818359375,-19.683837890625,141512063772526,0.100412448
-0.203125,0.828125,-0.140625,-0.701904296875,-0.03814697265625,8.697509765625,12.786865234375,-2.50244140625,-19.95849609375,141512164424817,0.100652291
-0.171875,1.234375,0.015625,0.8544921875,3.1280517578125,12.58087158203125,13.00048828125,-2.9296875,-19.71435546875,141512264728411,0.100303594
-0.171875,1.234375,0.015625,-4.7454833984375,-6.3629150390625,0.95367431640625,13.00048828125,-2.9296875,-19.71435546875,141512365251328,0.100522917
-0.046875,0.984375,0.03125,13.60321044921875,-12.44354248046875,-17.27294921875,13.214111328125,-3.021240234375,-20.263671875,141512466117369,0.100866041
-0.125,0.71875,0.0,18.77593994140625,-0.93841552734375,-6.134033203125,12.87841796875,-2.960205078125,-20.1416015625,141512567587525,0.101470156
-0.09375,0.703125,-0.078125,13.00048828125,0.87738037109375,-0.37384033203125,12.969970703125,-2.685546875,-19.59228515625,141512668172994,0.100585469
-0.203125,1.140625,-0.140625,1.800537109375,-3.22723388671875,-0.152587890625,12.847900390625,-2.593994140625,-19.4091796875,141512768755130,0.100582136
-0.28125,1.453125,-0.25,12.65716552734375,-1.12152099609375,-16.86859130859375,13.00048828125,-2.62451171875,-19.805908203125,141512869256067,0.100500937
-0.453125,1.234375,-0.09375,-13.34381103515625,11.3067626953125,-1.190185546875,13.00048828125,-2.62451171875,-19.805908203125,141512969705754,0.100449687
-0.15625,0.703125,-0.015625,-13.89312744140625,2.9449462890625,1.983642578125,12.87841796875,-2.838134765625,-20.1416015625,141513073457421,0.103751667
-0.109375,0.703125,-0.0625,-5.27191162109375,-2.655029296875,10.528564453125,12.908935546875,-2.44140625,-19.53125,141513173862369,0.100404948
-0.109375,0.953125,-0.09375,3.509521484375,-0.3662109375,6.927490234375,12.969970703125,-2.685546875,-19.622802734375,141513274727734,0.100865365
-0.21875,1.25,0.078125,5.2032470703125,-10.18524169921875,-3.16619873046875,12.969970703125,-2.899169921875,-20.08056640625,141513375773463,0.101045729
-0.15625,0.96875,0.078125,7.75909423828125,-5.10406494140625,-7.6141357421875,13.18359375,-2.86865234375,-20.01953125,141513476304400,0.100530937
-0.140625,0.84375,0.015625,18.8751220703125,-1.82342529296875,-11.98577880859375,13.18359375,-2.86865234375,-20.01953125,141513576889244,0.100584844
-0.109375,0.765625,-0.015625,17.66204833984375,4.5166015625,7.68280029296875,12.6953125,-2.532958984375,-20.3857421875,141513677674244,0.100785
-0.109375,0.765625,-0.09375,11.52801513671875,6.500244140625,6.04248046875,12.6953125,-2.410888671875,-19.6533203125,141513778282421,0.100608177
-0.15625,1.125,-0.09375,-14.15252685546875,10.10894775390625,7.7667236328125,12.939453125,-2.349853515625,-19.287109375,141513878980650,0.100698229
-0.203125,0.6875,-0.140625,2.9296875,14.0838623046875,1.0986328125,12.87841796875,-2.655029296875,-19.561767578125,141513979352160,0.10037151
-0.234375,0.96875,-0.046875,-4.00543212890625,-2.03704833984375,-16.79229736328125,12.939453125,-2.532958984375,-19.561767578125,141514079896692,0.100544532
-0.140625,0.65625,-0.109375,-2.17437744140625,-1.56402587890625,12.12310791015625,12.939453125,-2.532958984375,-19.561767578125,141514181303619,0.101406927
-0.125,0.734375,-0.140625,-4.47845458984375,1.30462646484375,5.24139404296875,12.6953125,-2.44140625,-19.10400390625,141514282127994,0.100824375
-0.1875,1.171875,-0.046875,9.0484619140625,-2.62451171875,-6.4239501953125,12.8173828125,-2.532958984375,-19.34814453125,141514382571119,0.100443125
-0.453125,1.640625,0.046875,2.0599365234375,-19.7601318359375,-8.38470458984375,13.092041015625,-2.655029296875,-19.34814453125,141514483886223,0.101315104
-0.28125,1.28125,0.0,10.76507568359375,-6.46209716796875,-12.93182373046875,13.092041015625,-2.44140625,-19.71435546875,141514584529712,0.100643489
-0.203125,0.75,-0.0625,7.5836181640625,31.48651123046875,-8.96453857421875,12.8173828125,-2.44140625,-20.263671875,141514684861639,0.100331927
-0.1875,0.71875,0.0,-0.396728515625,52.58941650390625,-6.9580078125,12.5732421875,-2.166748046875,-19.439697265625,141514785380025,0.100518386
-0.125,0.9375,-0.09375,-4.89044189453125,50.02593994140625,5.72967529296875,12.603759765625,-2.044677734375,-17.913818359375,141514886171014,0.100790989
-0.234375,1.09375,-0.15625,-24.89471435546875,96.9085693359375,-9.33837890625,12.542724609375,-1.953125,-16.78466796875,141514986765181,0.100594167
-0.21875,0.78125,-0.140625,-19.88983154296875,109.43603515625,2.89154052734375,12.0849609375,-1.861572265625,-16.29638671875,141515087377733,0.100612552
-0.1875,0.96875,-0.03125,-19.866943359375,83.59527587890625,-17.7154541015625,12.20703125,-2.227783203125,-14.09912109375,141515187701899,0.100324166
-0.09375,0.625,0.015625,-19.38629150390625,48.42376708984375,2.44140625,12.20703125,-2.227783203125,-14.09912109375,141515288186587,0.100484688
-0.03125,0.796875,-0.078125,-8.70513916015625,16.9830322265625,1.2359619140625,12.176513671875,-2.838134765625,-11.566162109375,141515390668722,0.102482135
-0.03125,0.796875,-0.078125,-6.96563720703125,7.04193115234375,8.9111328125,12.176513671875,-2.838134765625,-11.566162109375,141515491901118,0.101232396
-0.140625,1.171875,0.03125,-6.96563720703125,7.04193115234375,8.9111328125,12.359619140625,-3.021240234375,-12.237548828125,141515592756118,0.100855
-0.234375,1.1875,0.078125,26.26800537109375,-39.4287109375,0.3204345703125,12.5732421875,-3.173828125,-11.962890625,141515693390806,0.100634688
-0.140625,0.765625,0.046875,33.69140625,-33.599853515625,8.73565673828125,12.39013671875,-3.11279296875,-12.237548828125,141515794216430,0.100825624
-0.09375,0.734375,0.015625,25.29144287109375,-65.49072265625,6.744384765625,12.481689453125,-2.838134765625,-12.14599609375,141515894781118,0.100564688
-0.109375,0.9375,-0.125,4.66156005859375,-87.554931640625,6.62994384765625,12.420654296875,-2.532958984375,-13.336181640625,141515995194712,0.100413594
-0.171875,1.1875,-0.265625,17.2882080078125,-59.16595458984375,-3.753662109375,12.3291015625,-2.25830078125,-13.85498046875,141516095961378,0.100766666
-0.375,1.28125,-0.0625,-2.22015380859375,-57.51800537109375,0.08392333984375,12.542724609375,-2.105712890625,-14.7705078125,141516196355649,0.100394271
-0.203125,0.796875,0.03125,-7.659912109375,-59.16595458984375,7.049560546875,12.542724609375,-2.166748046875,-17.88330078125,141516296988045,0.100632396
-0.109375,0.703125,0.0,1.9378662109375,-56.854248046875,8.35418701171875,12.63427734375,-2.166748046875,-19.10400390625,141516397526847,0.100538802
-0.140625,0.796875,0.015625,17.26531982421875,-73.52447509765625,4.1351318359375,12.847900390625,-2.532958984375,-20.08056640625,141516498141795,0.100614948
-0.078125,1.265625,0.203125,23.62060546875,-107.818603515625,13.5498046875,13.458251953125,-3.448486328125,-21.91162109375,141516598888045,0.10074625
-0.09375,0.765625,0.125,23.590087890625,-102.25677490234375,5.401611328125,13.85498046875,-4.39453125,-23.590087890625,141516699583878,0.100695833
-0.15625,0.9375,0.046875,13.98468017578125,-74.15008544921875,-17.90618896484375,14.46533203125,-5.279541015625,-25.45166015625,141516801059815,0.101475937
-0.15625,0.765625,0.015625,23.18572998046875,-38.45977783203125,0.06866455078125,14.46533203125,-5.889892578125,-26.947021484375,141516902027888,0.100968073
-0.125,0.765625,-0.09375,19.96612548828125,-15.20538330078125,3.37982177734375,14.984130859375,-6.317138671875,-27.099609375,141517002956065,0.100928177
-0.1875,1.125,-0.046875,4.1961669921875,16.7083740234375,11.49749755859375,15.07568359375,-6.591796875,-27.313232421875,141517103458149,0.100502084
-0.21875,0.921875,-0.15625,3.6163330078125,49.8046875,6.23321533203125,15.106201171875,-6.683349609375,-27.099609375,141517203893826,0.100435677
-0.21875,0.921875,-0.046875,-38.7420654296875,62.3016357421875,-21.41571044921875,14.862060546875,-6.011962890625,-25.787353515625,141517304699242,0.100805416
-0.21875,0.625,-0.03125,-21.97265625,79.498291015625,-15.594482421875,14.068603515625,-5.126953125,-25.45166015625,141517405359503,0.100660261
-0.1875,0.75,-0.09375,-12.4969482421875,68.0999755859375,-11.810302734375,13.3056640625,-4.21142578125,-23.5595703125,141517508553305,0.103193802
-0.234375,1.171875,-0.0625,2.0294189453125,45.70770263671875,2.86865234375,12.87841796875,-3.204345703125,-23.3154296875,141517609094086,0.100540781
-0.21875,1.546875,0.046875,6.66046142578125,19.5465087890625,2.899169921875,12.664794921875,-2.86865234375,-21.697998046875,141517709633409,0.100539323
-0.140625,1.0625,0.03125,12.0697021484375,4.5166015625,-1.8157958984375,12.75634765625,-2.86865234375,-20.538330078125,141517810475128,0.100841719
-0.171875,0.84375,-0.03125,12.4664306640625,-2.61688232421875,-11.0626220703125,12.6953125,-2.777099609375,-20.5078125,141517910920648,0.10044552
-0.140625,0.6875,-0.03125,6.53076171875,1.03759765625,0.3814697265625,12.542724609375,-2.62451171875,-20.294189453125,141518012066325,0.101145677
-0.171875,0.765625,-0.09375,7.77435302734375,10.52093505859375,16.754150390625,12.3291015625,-2.349853515625,-20.6298828125,141518116984034,0.104917709
-0.234375,1.203125,-0.0625,-2.349853515625,22.9644775390625,13.14544677734375,12.51220703125,-2.74658203125,-20.08056640625,141518217630127,0.100646093
-0.125,0.75,-0.1875,-2.4871826171875,19.1192626953125,-8.4228515625,12.75634765625,-2.685546875,-19.805908203125,141518318482627,0.1008525
-0.296875,0.96875,-0.046875,-18.035888671875,11.55853271484375,-11.9476318359375,12.725830078125,-2.8076171875,-19.866943359375,141518419257836,0.100775209
-0.1875,0.640625,-0.015625,-11.36016845703125,6.2408447265625,18.02825927734375,12.359619140625,-2.227783203125,-19.989013671875,141518519978721,0.100720885
-0.09375,0.765625,-0.09375,-2.716064453125,-5.584716796875,7.24029541015625,12.5732421875,-2.227783203125,-19.561767578125,141518620690648,0.100711927
-0.21875,1.25,0.015625,16.7236328125,-17.35687255859375,9.14764404296875,12.725830078125,-2.5634765625,-19.4091796875,141518722428773,0.101738125
-0.28125,1.234375,0.03125,2.349853515625,-14.85443115234375,-2.1514892578125,13.092041015625,-2.777099609375,-20.294189453125,141518824121065,0.101692292
-0.21875,1.0625,0.0,9.14764404296875,-5.92041015625,-16.082763671875,13.031005859375,-2.777099609375,-19.53125,141518925213148,0.101092083
-0.1875,0.6875,0.015625,18.28765869140625,-1.31988525390625,8.73565673828125,12.87841796875,-2.685546875,-20.263671875,141519026011065,0.100797917
-0.09375,0.734375,-0.03125,-0.26702880859375,-5.50079345703125,12.33673095703125,12.63427734375,-2.593994140625,-20.172119140625,141519126485388,0.100474323
-0.15625,0.734375,-0.125,6.7138671875,4.24957275390625,-11.74163818359375,13.214111328125,-2.86865234375,-20.294189453125,141519227227210,0.100741822
-0.15625,1.25,-0.1875,6.7138671875,4.24957275390625,-11.74163818359375,13.24462890625,-3.143310546875,-20.1416015625,141519328024710,0.1007975
-0.40625,1.359375,-0.046875,-8.5906982421875,8.5601806640625,-6.439208984375,13.397216796875,-3.11279296875,-20.20263671875,141519428736325,0.100711615
-0.1875,0.859375,-0.015625,-5.19561767578125,3.73077392578125,-5.40924072265625,13.12255859375,-2.716064453125,-20.965576171875,141519529122575,0.10038625
-0.078125,0.625,-0.078125,0.4730224609375,0.3509521484375,8.39996337890625,13.031005859375,-2.960205078125,-20.355224609375,141519629682523,0.100559948
-0.09375,0.8125,-0.09375,6.09588623046875,1.07574462890625,3.80706787109375,13.153076171875,-3.0517578125,-19.989013671875,141519730348148,0.100665625
-0.171875,1.28125,0.0625,3.8909912109375,-8.30078125,3.143310546875,13.275146484375,-3.173828125,-20.69091796875,141519831131064,0.100782916
-0.0625,0.765625,0.078125,6.4239501953125,-5.706787109375,-0.67138671875,13.214111328125,-3.265380859375,-20.172119140625,141519931640023,0.100508959
-0.109375,0.890625,0.03125,8.5296630859375,-8.056640625,-12.6190185546875,13.214111328125,-3.2958984375,-20.172119140625,141520032900960,0.101260937
-0.09375,0.71875,0.03125,17.578125,2.46429443359375,0.35858154296875,13.153076171875,-3.021240234375,-20.843505859375,141520133723304,0.100822344
-0.109375,0.8125,-0.078125,11.5814208984375,1.9073486328125,8.30078125,13.153076171875,-3.0517578125,-20.538330078125,141520234457262,0.100733958
-0.171875,1.203125,-0.125,-4.1046142578125,44.04449462890625,-16.99066162109375,13.24462890625,-3.204345703125,-20.20263671875,141520334797575,0.100340313
-0.265625,0.859375,-0.171875,-11.566162109375,46.08154296875,-16.6168212890625,13.00048828125,-3.204345703125,-19.95849609375,141520435196793,0.100399218
-0.203125,0.875,-0.109375,-11.566162109375,46.08154296875,-16.6168212890625,12.6953125,-2.5634765625,-19.04296875,141520535573043,0.10037625
-0.203125,0.65625,-0.0625,-20.8740234375,56.40411376953125,-3.23486328125,12.176513671875,-2.227783203125,-18.280029296875,141520636328304,0.100755261
-0.171875,0.765625,-0.125,-17.364501953125,68.96209716796875,26.22222900390625,11.993408203125,-2.13623046875,-17.059326171875,141520737716168,0.101387864
-0.203125,1.1875,-0.015625,-8.23211669921875,50.22430419921875,0.1983642578125,12.0849609375,-2.13623046875,-16.05224609375,141520838391897,0.100675729
-0.234375,1.203125,0.0625,-8.23211669921875,50.22430419921875,0.1983642578125,12.0849609375,-2.349853515625,-15.899658203125,141520938956481,0.100564584
-0.234375,1.203125,0.03125,11.8560791015625,35.15625,-20.50018310546875,12.26806640625,-2.349853515625,-15.045166015625,141521039767678,0.100811197
-0.171875,0.71875,0.046875,8.0108642578125,28.86962890625,1.39617919921875,12.02392578125,-2.25830078125,-14.434814453125,141521140660283,0.100892605
-0.109375,0.734375,0.015625,4.50897216796875,11.6119384765625,1.97601318359375,11.871337890625,-2.25830078125,-13.427734375,141521242664918,0.102004635
-0.171875,1.078125,-0.109375,1.708984375,-4.28009033203125,-6.3934326171875,11.65771484375,-2.197265625,-13.36669921875,141521343848408,0.10118349
-0.171875,1.296875,-0.265625,5.27191162109375,-12.64190673828125,10.3607177734375,11.77978515625,-2.349853515625,-12.63427734375,141521445009345,0.101160937
-0.296875,1.28125,-0.109375,7.50732421875,-11.5814208984375,-6.5765380859375,11.688232421875,-2.50244140625,-11.688232421875,141521545865022,0.100855677
-0.171875,0.8125,-0.015625,0.0,-24.322509765625,-1.220703125,11.810302734375,-2.44140625,-13.671875,141521646638980,0.100773958
-0.0625,0.625,-0.078125,0.34332275390625,-31.829833984375,5.4931640625,11.53564453125,-2.166748046875,-12.969970703125,141521747464397,0.100825417
-0.078125,0.859375,-0.078125,2.6092529296875,-49.93438720703125,7.78961181640625,11.627197265625,-2.044677734375,-13.519287109375,141521848744189,0.101279792
-0.15625,0.8125,0.078125,23.4375,-82.5653076171875,-8.575439453125,11.71875,-1.89208984375,-13.73291015625,141521950061741,0.101317552
-0.234375,0.890625,0.015625,27.90069580078125,-81.94732666015625,-7.14111328125,12.02392578125,-2.01416015625,-16.998291015625,141522050396011,0.10033427
-0.140625,0.6875,0.015625,29.9835205078125,-31.99005126953125,2.44140625,12.14599609375,-1.89208984375,-18.1884765625,141522160117418,0.109721407
-0.140625,0.78125,-0.140625,18.12744140625,-44.34967041015625,9.36126708984375,12.02392578125,-1.8310546875,-18.37158203125,141522260597053,0.100479635
-0.234375,1.09375,-0.109375,18.12744140625,-44.34967041015625,9.36126708984375,12.115478515625,-2.105712890625,-18.707275390625,141522362059970,0.101462917
-0.265625,0.703125,-0.21875,11.4898681640625,-54.43572998046875,7.28607177734375,12.542724609375,-2.288818359375,-19.95849609375,141522462989188,0.100929218
-0.296875,1.015625,-0.046875,5.7220458984375,-45.44830322265625,14.1754150390625,12.847900390625,-2.655029296875,-20.1416015625,141522563974657,0.100985469
-0.1875,0.65625,-0.078125,-15.289306640625,-53.16162109375,2.90679931640625,13.24462890625,-3.204345703125,-21.575927734375,141522664691011,0.100716354
-0.1875,0.65625,-0.078125,-6.256103515625,-43.548583984375,23.2086181640625,13.214111328125,-3.7841796875,-23.13232421875,141522765601688,0.100910677
-0.203125,1.203125,-0.125,6.500244140625,-30.87615966796875,20.54595947265625,13.671875,-4.5166015625,-24.10888671875,141522866918355,0.101316667
-0.203125,1.203125,0.0,2.3193359375,-24.9176025390625,8.78143310546875,14.2822265625,-5.18798828125,-25.604248046875,141522967568928,0.100650573
-0.296875,1.375,0.078125,7.9193115234375,-22.64404296875,4.94384765625,14.678955078125,-5.584716796875,-25.238037109375,141523068378355,0.100809427
-0.171875,1.15625,0.015625,9.1094970703125,-8.85009765625,-8.7127685546875,14.58740234375,-5.7373046875,-26.2451171875,141523169256115,0.10087776
-0.109375,0.71875,-0.078125,17.4102783203125,7.080078125,5.401611328125,14.6484375,-5.7373046875,-26.580810546875,141523269853615,0.1005975
-0.125,1.03125,-0.171875,2.99835205078125,35.68267822265625,-6.2255859375,14.862060546875,-5.859375,-25.93994140625,141523371962938,0.102109323
-0.140625,1.3125,-0.21875,11.9476318359375,52.154541015625,-11.4593505859375,14.7705078125,-5.31005859375,-25.634765625,141523472605125,0.100642187
-0.421875,1.53125,-0.09375,-19.93560791015625,42.6025390625,-25.12359619140625,14.251708984375,-4.730224609375,-24.71923828125,141523572949240,0.100344115
-0.21875,0.78125,-0.0625,-17.11273193359375,59.26513671875,5.13458251953125,13.946533203125,-3.7841796875,-23.284912109375,141523676155907,0.103206667
-0.25,0.6875,-0.0625,0.29754638671875,42.38128662109375,17.73834228515625,13.946533203125,-3.7841796875,-23.284912109375,141523776544605,0.100388698
-0.109375,0.828125,-0.1875,6.4544677734375,30.78460693359375,10.55908203125,13.3056640625,-3.35693359375,-21.6064453125,141523877034709,0.100490104
-0.140625,1.25,0.09375,6.4544677734375,30.78460693359375,10.55908203125,13.153076171875,-3.143310546875,-21.78955078125,141523977759709,0.100725
-0.046875,0.71875,0.046875,-0.0152587890625,9.0484619140625,-21.12579345703125,13.48876953125,-3.173828125,-20.477294921875,141524078560906,0.100801197
-0.078125,1.0,0.015625,11.39068603515625,-4.98199462890625,-7.4005126953125,13.5498046875,-3.173828125,-20.32470703125,141524179467573,0.100906667
-0.09375,0.6875,0.0,8.880615234375,-14.7857666015625,-12.45880126953125,13.336181640625,-2.99072265625,-19.71435546875,141524281574396,0.102106823
-0.125,0.84375,-0.125,21.7437744140625,-4.84466552734375,0.5645751953125,13.24462890625,-2.74658203125,-19.805908203125,141524382754500,0.101180104
-0.21875,1.203125,-0.15625,-3.48663330078125,6.62994384765625,0.75531005859375,13.0615234375,-2.532958984375,-19.59228515625,141524488194917,0.105440417
-0.25,1.015625,-0.203125,-3.48663330078125,6.62994384765625,0.75531005859375,13.0615234375,-2.532958984375,-19.59228515625,141524588837573,0.100642656
-0.171875,0.90625,-0.078125,-13.45062255859375,4.15802001953125,-14.1754150390625,13.12255859375,-2.62451171875,-20.050048828125,141524690412885,0.101575312
-0.140625,0.59375,-0.046875,-12.15362548828125,-5.279541015625,1.4190673828125,13.12255859375,-2.62451171875,-20.050048828125,141524790971583,0.100558698
-0.125,0.703125,-0.140625,-11.52801513671875,-1.31988525390625,15.655517578125,12.8173828125,-2.471923828125,-19.6533203125,141524893893302,0.102921719
-0.203125,1.0625,-0.078125,5.1116943359375,6.49261474609375,22.39227294921875,13.0615234375,-2.8076171875,-20.56884765625,141524995912417,0.102019115
-0.34375,1.640625,0.09375,0.77056884765625,-5.7525634765625,6.34002685546875,13.153076171875,-2.99072265625,-20.5078125,141525096442364,0.100529947
-0.265625,1.34375,0.015625,15.2587890625,-11.05499267578125,-7.99560546875,13.3056640625,-3.11279296875,-19.989013671875,141525197025125,0.100582761
-0.125,0.78125,0.015625,15.2130126953125,-3.2806396484375,0.091552734375,13.336181640625,-2.9296875,-20.20263671875,141525297758146,0.100733021
-0.0625,0.65625,-0.046875,11.39068603515625,12.237548828125,-1.18255615234375,13.24462890625,-3.082275390625,-20.721435546875,141525399069812,0.101311666
-0.09375,0.890625,-0.0625,-8.758544921875,23.49853515625,-0.74005126953125,13.427734375,-2.86865234375,-19.927978515625,141525499815333,0.100745521
-0.203125,1.21875,-0.0625,20.22552490234375,12.73345947265625,-21.26312255859375,13.336181640625,-2.777099609375,-20.01953125,141525601941062,0.102125729
-0.078125,0.90625,-0.140625,-1.28936767578125,8.148193359375,-8.23974609375,13.00048828125,-2.74658203125,-19.34814453125,141525702587520,0.100646458
-0.171875,0.953125,-0.078125,-9.13238525390625,-7.24029541015625,-14.18304443359375,13.00048828125,-2.74658203125,-19.34814453125,141525802973927,0.100386407
-0.109375,0.65625,-0.078125,-6.9580078125,-10.78033447265625,7.5225830078125,12.8173828125,-2.410888671875,-19.195556640625,141525903700958,0.100727031
-0.15625,0.8125,-0.09375,3.5858154296875,-5.4931640625,6.53839111328125,12.75634765625,-2.288818359375,-18.829345703125,141526005369916,0.101668958
-0.234375,1.25,0.109375,2.01416015625,-6.4849853515625,2.6702880859375,12.603759765625,-2.288818359375,-19.256591796875,141526105705333,0.100335417
-0.1875,1.0,0.078125,2.01416015625,-6.4849853515625,2.6702880859375,12.969970703125,-2.685546875,-20.050048828125,141526206201062,0.100495729
-0.140625,1.03125,0.015625,13.37432861328125,8.18634033203125,-11.69586181640625,12.969970703125,-2.685546875,-20.69091796875,141526308447676,0.102246614
-0.15625,0.703125,-0.046875,6.98089599609375,30.1971435546875,-10.4827880859375,12.847900390625,-2.777099609375,-20.1416015625,141526409790749,0.101343073
-0.21875,1.078125,-0.03125,6.98089599609375,30.1971435546875,-10.4827880859375,12.542724609375,-2.197265625,-19.71435546875,141526511307781,0.101517032
-0.21875,1.078125,-0.078125,-18.98193359375,59.1888427734375,7.843017578125,12.237548828125,-1.953125,-18.402099609375,141526611943301,0.10063552
-0.375,1.4375,-0.1875,-5.54656982421875,61.24114990234375,2.655029296875,12.176513671875,-2.13623046875,-18.707275390625,141526712427416,0.100484115
-0.375,1.15625,-0.046875,-5.7525634765625,59.60845947265625,-15.64788818359375,12.176513671875,-1.739501953125,-16.7236328125,141526817029760,0.104602344
-0.203125,0.75,0.015625,-13.96942138671875,37.17041015625,4.31060791015625,11.90185546875,-1.678466796875,-15.228271484375,141526917496478,0.100466718
-0.0625,0.65625,-0.046875,-12.5885009765625,28.3660888671875,15.31982421875,11.932373046875,-1.922607421875,-14.34326171875,141527018009239,0.100512761
-0.125,0.953125,-0.015625,-12.50457763671875,13.9312744140625,5.7830810546875,11.71875,-1.8310546875,-15.0146484375,141527118637572,0.100628333
-0.125,1.296875,0.03125,-11.17706298828125,-0.80108642578125,-2.2125244140625,12.26806640625,-2.166748046875,-15.13671875,141527219262728,0.100625156
-0.25,1.09375,0.125,20.50018310546875,8.94927978515625,-13.9617919921875,12.420654296875,-2.349853515625,-14.2822265625,141527321238874,0.101976146
-0.21875,0.96875,0.046875,13.7481689453125,9.71221923828125,4.69207763671875,12.237548828125,-2.044677734375,-14.34326171875,141527421971061,0.100732187
-0.140625,0.6875,0.03125,15.6097412109375,3.9215087890625,-0.457763671875,11.962890625,-1.739501953125,-13.824462890625,141527522791061,0.10082
-0.140625,0.828125,-0.046875,-3.10516357421875,-21.7437744140625,-3.021240234375,11.8408203125,-1.8310546875,-13.24462890625,141527623582311,0.10079125
-0.203125,1.125,-0.015625,16.60919189453125,-60.0433349609375,9.1705322265625,12.237548828125,-1.89208984375,-13.3056640625,141527724147624,0.100565313
-0.109375,0.84375,-0.09375,16.845703125,-72.75390625,-10.38360595703125,12.115478515625,-1.8310546875,-14.678955078125,141527824649551,0.100501927
-0.171875,0.921875,-0.03125,1.220703125,-60.60791015625,-6.53076171875,12.176513671875,-1.617431640625,-16.41845703125,141527925868353,0.101218802
-0.1875,0.625,-0.03125,-1.47247314453125,-41.8853759765625,13.00811767578125,12.14599609375,-1.708984375,-17.120361328125,141528026633040,0.100764687
-0.203125,0.78125,-0.109375,3.7994384765625,-36.43035888671875,25.543212890625,12.481689453125,-1.89208984375,-17.852783203125,141528127552259,0.100919219
-0.203125,1.21875,0.0625,0.8697509765625,-42.877197265625,0.63323974609375,12.847900390625,-2.44140625,-19.805908203125,141528231974394,0.104422135
-0.296875,1.390625,0.078125,10.528564453125,-29.296875,2.13623046875,13.214111328125,-2.838134765625,-20.6298828125,141528333690436,0.101716042
-0.265625,1.25,0.078125,22.33123779296875,-14.09149169921875,-15.6402587890625,13.24462890625,-2.960205078125,-21.05712890625,141528434305176,0.10061474
-0.125,0.765625,0.03125,23.3612060546875,-0.12969970703125,0.48828125,13.092041015625,-3.021240234375,-21.30126953125,141528536322207,0.102017031
-0.09375,0.703125,-0.015625,15.96832275390625,-5.3253173828125,13.9923095703125,13.427734375,-2.86865234375,-20.93505859375,141528641226009,0.104903802
-0.078125,1.0,-0.03125,1.8463134765625,-1.79290771484375,4.2572021484375,13.48876953125,-2.99072265625,-21.270751953125,141528741938196,0.100712187
-0.171875,1.203125,-0.15625,23.1170654296875,-9.45281982421875,9.33837890625,13.641357421875,-3.35693359375,-20.965576171875,141528842738821,0.100800625
-0.265625,1.40625,-0.109375,-1.68609619140625,-33.203125,-9.78851318359375,13.458251953125,-3.326416015625,-20.782470703125,141528943294342,0.100555521
-0.140625,0.84375,-0.046875,-1.3885498046875,-28.75518798828125,2.1514892578125,13.519287109375,-3.2958984375,-21.42333984375,141529044107623,0.100813281
-0.140625,0.65625,-0.0625,12.176513671875,-67.596435546875,15.1519775390625,13.5498046875,-3.60107421875,-21.820068359375,141529144747311,0.100639688
-0.0625,0.765625,-0.125,20.77484130859375,-89.324951171875,16.70074462890625,13.946533203125,-3.936767578125,-22.735595703125,141529245223613,0.100476302
-0.140625,1.21875,0.09375,13.37432861328125,-72.265625,0.78582763671875,14.739990234375,-5.18798828125,-24.59716796875,141529345561009,0.100337396
-0.046875,0.828125,0.015625,0.8697509765625,-37.9638671875,1.80816650390625,15.045166015625,-6.317138671875,-26.18408203125,141529446026373,0.100465364
-0.09375,1.109375,0.0,12.847900390625,-15.56396484375,-11.43646240234375,15.625,-6.9580078125,-27.587890625,141529548038404,0.102012031
-0.078125,0.75,-0.046875,16.01409912109375,0.96893310546875,-6.62994384765625,15.594482421875,-7.415771484375,-27.64892578125,141529649103769,0.101065365
-0.140625,1.1875,-0.15625,6.04248046875,20.04241943359375,-10.00213623046875,15.7470703125,-7.476806640625,-27.4658203125,141529750001477,0.100897708
-0.28125,1.15625,-0.203125,-4.58526611328125,56.08367919921875,-24.5208740234375,15.56396484375,-7.293701171875,-27.89306640625,141529851147519,0.101146042
-0.28125,1.15625,-0.203125,-7.01141357421875,63.78173828125,-17.5018310546875,15.2587890625,-6.561279296875,-26.611328125,141529951728456,0.100580937
-0.203125,0.671875,-0.078125,-24.90997314453125,52.61993408203125,-11.932373046875,14.6484375,-5.55419921875,-25.726318359375,141530052530227,0.100801771
-0.125,0.703125,-0.171875,-18.28765869140625,44.677734375,2.86102294921875,14.16015625,-4.302978515625,-24.2919921875,141530153170383,0.100640156
-0.125,0.703125,-0.171875,-10.47515869140625,44.00634765625,-3.99017333984375,13.61083984375,-3.936767578125,-23.162841796875,141530253678977,0.100508594
-0.1875,1.3125,-0.09375,-21.026611328125,30.9906005859375,10.45989990234375,13.48876953125,-3.448486328125,-23.040771484375,141530354141269,0.100462292
-0.1875,1.3125,0.109375,-6.927490234375,13.72528076171875,4.38690185546875,13.12255859375,-3.143310546875,-21.97265625,141530454739498,0.100598229
-0.15625,1.078125,0.109375,5.5694580078125,0.67901611328125,-18.280029296875,13.214111328125,-2.9296875,-21.697998046875,141530555580956,0.100841458
-0.140625,1.0,0.015625,21.82769775390625,6.256103515625,-5.07354736328125,13.214111328125,-2.960205078125,-21.209716796875,141530656290696,0.10070974
-0.125,0.703125,0.0,18.28765869140625,5.07354736328125,-1.1138916015625,12.6953125,-2.685546875,-20.5078125,141530756812935,0.100522239
-0.09375,0.78125,-0.0625,-0.11444091796875,9.063720703125,2.227783203125,12.603759765625,-2.5634765625,-20.32470703125,141530857519341,0.100706406
-0.21875,1.21875,-0.109375,27.13775634765625,4.76837158203125,-27.7252197265625,12.847900390625,-2.655029296875,-20.111083984375,141530958281737,0.100762396
-0.296875,0.984375,-0.109375,2.02178955078125,18.88275146484375,-0.579833984375,12.542724609375,-2.50244140625,-19.683837890625,141531058896373,0.100614636
-0.296875,0.984375,-0.109375,-16.693115234375,14.51873779296875,5.45501708984375,12.451171875,-2.01416015625,-19.287109375,141531160967466,0.102071093
-0.171875,0.71875,-0.125,-22.5982666015625,22.125244140625,9.979248046875,12.451171875,-2.044677734375,-18.6767578125,141531261617622,0.100650156
-0.1875,1.1875,0.09375,-11.0321044921875,25.5279541015625,12.73345947265625,12.542724609375,-2.0751953125,-19.561767578125,141531362122310,0.100504688
-0.21875,0.9375,0.109375,-15.0299072265625,17.1966552734375,-15.2435302734375,12.664794921875,-2.288818359375,-19.317626953125,141531462818456,0.100696146
-0.203125,1.109375,0.046875,4.7454833984375,15.31219482421875,-8.43048095703125,12.725830078125,-2.38037109375,-19.4091796875,141531563544497,0.100726041
-0.171875,0.734375,0.0,13.20648193359375,26.14593505859375,-2.02178955078125,12.63427734375,-2.227783203125,-18.61572265625,141531664371164,0.100826667
-0.125,0.734375,0.0,8.23211669921875,48.19488525390625,9.8419189453125,12.451171875,-1.953125,-17.913818359375,141531765066841,0.100695677
-0.1875,1.203125,-0.09375,0.18310546875,38.93280029296875,1.38092041015625,12.451171875,-1.922607421875,-17.39501953125,141531865733091,0.10066625
-0.1875,1.203125,-0.09375,-3.7994384765625,43.121337890625,2.67791748046875,12.542724609375,-2.0751953125,-15.9912109375,141531966490799,0.100757708
-0.34375,1.453125,-0.234375,-3.7994384765625,43.121337890625,2.67791748046875,12.420654296875,-1.8310546875,-15.869140625,141532067097622,0.100606823
-0.25,1.171875,-0.0625,-8.39996337890625,48.71368408203125,-15.26641845703125,12.481689453125,-2.13623046875,-14.70947265625,141532170218612,0.10312099
-0.140625,0.765625,0.015625,-13.885498046875,30.08270263671875,-1.2664794921875,12.237548828125,-2.227783203125,-13.916015625,141532271036320,0.100817708
-0.078125,0.71875,-0.015625,-3.97491455078125,20.0653076171875,1.5716552734375,12.176513671875,-2.349853515625,-13.885498046875,141532372533560,0.10149724
-0.09375,0.90625,0.0,2.93731689453125,-16.17431640625,11.65771484375,12.176513671875,-2.227783203125,-13.61083984375,141532474847362,0.102313802
-0.5,1.234375,0.109375,7.537841796875,-24.87945556640625,13.580322265625,12.51220703125,-2.74658203125,-12.75634765625,141532577179809,0.102332447
-0.15625,0.890625,0.015625,36.773681640625,-43.38836669921875,-4.60052490234375,12.39013671875,-2.44140625,-13.24462890625,141532677955278,0.100775469
-0.0625,0.6875,0.03125,35.125732421875,-66.22314453125,6.69097900390625,12.481689453125,-2.44140625,-14.34326171875,141532778952153,0.100996875
-0.09375,0.953125,-0.125,34.08050537109375,-85.25848388671875,-5.3863525390625,12.26806640625,-2.0751953125,-14.34326171875,141532880286268,0.101334115
-0.34375,1.109375,-0.140625,7.02667236328125,-55.36651611328125,16.0064697265625,12.115478515625,-1.953125,-15.07568359375,141532981446424,0.101160156
-0.421875,1.28125,-0.234375,5.36346435546875,-43.80035400390625,3.19671630859375,12.26806640625,-1.861572265625,-15.93017578125,141533083270851,0.101824427
-0.296875,1.03125,-0.109375,6.4239501953125,-33.294677734375,6.56890869140625,12.420654296875,-2.044677734375,-17.51708984375,141533184234861,0.10096401
-0.265625,0.796875,-0.046875,-9.80377197265625,-28.717041015625,-7.7362060546875,12.542724609375,-2.25830078125,-18.310546875,141533285752830,0.101517969
-0.21875,0.765625,-0.046875,-5.3558349609375,-20.83587646484375,9.063720703125,12.603759765625,-2.227783203125,-18.768310546875,141533386377257,0.100624427
-0.25,0.859375,-0.0625,-0.1373291015625,-17.25006103515625,0.48065185546875,12.6953125,-2.227783203125,-19.59228515625,141533487127153,0.100749896
-0.25,1.03125,0.09375,-7.30133056640625,-7.049560546875,10.71929931640625,12.75634765625,-2.532958984375,-20.8740234375,141533587589653,0.1004625
-0.3125,1.25,0.15625,-11.0015869140625,-7.049560546875,14.30511474609375,13.0615234375,-2.9296875,-20.782470703125,141533688251424,0.100661771
-0.21875,1.09375,0.09375,9.48333740234375,-8.96453857421875,19.76776123046875,13.275146484375,-3.23486328125,-21.6064453125,141533790372986,0.102121562
-0.1875,0.875,0.0625,19.64569091796875,-32.79876708984375,-4.66156005859375,13.671875,-3.570556640625,-21.97265625,141533891406424,0.101033438
-0.1875,0.875,0.0625,12.4969482421875,-17.15087890625,-14.24407958984375,13.702392578125,-3.631591796875,-22.64404296875,141533992262621,0.100856197
-0.234375,1.125,0.0625,9.33074951171875,-1.60980224609375,-3.94439697265625,13.18359375,-3.35693359375,-22.064208984375,141534093717726,0.101455105
-0.28125,1.0,0.015625,9.33074951171875,-1.60980224609375,-3.94439697265625,13.18359375,-3.35693359375,-22.064208984375,141534194229288,0.100511562
-0.203125,0.84375,-0.0625,22.1099853515625,-19.40155029296875,4.4403076171875,13.24462890625,-3.387451171875,-22.39990234375,141534294926215,0.100696927
-0.171875,0.953125,-0.03125,16.1895751953125,-43.8079833984375,-15.777587890625,13.24462890625,-3.631591796875,-23.101806640625,141534395347934,0.100421719
-0.28125,0.890625,-0.09375,15.6707763671875,-46.50115966796875,-18.79119873046875,13.24462890625,-3.631591796875,-23.101806640625,141534496015330,0.100667396
-0.4375,0.921875,0.0,-0.1373291015625,-3.082275390625,-10.04791259765625,13.3056640625,-3.448486328125,-23.74267578125,141534597193767,0.101178437
-0.3125,0.875,0.015625,-4.302978515625,8.75091552734375,-15.7012939453125,12.969970703125,-3.47900390625,-23.74267578125,141534698085902,0.100892135
-0.359375,0.921875,0.015625,0.2288818359375,4.730224609375,-6.8817138671875,12.786865234375,-3.173828125,-23.895263671875,141534800313090,0.102227188
-0.34375,0.9375,-0.046875,6.15692138671875,-6.561279296875,-3.11279296875,12.39013671875,-2.960205078125,-23.5595703125,141534901183402,0.100870312
-0.359375,0.859375,-0.078125,1.52587890625,-15.9912109375,-10.25390625,12.359619140625,-2.960205078125,-23.13232421875,141535001854600,0.100671198
