LinearAcc0,LinearAcc1,LinearAcc2,Gravity0,Gravity1,Gravity2,Gyro0,Gyro1,Gyro2,MagnetData0,MagnetData1,MagnetData2,ConvertedData0,ConvertedData1,ConvertedData2,ResultantAcc,Timestamp,dt
2.102107983321523,0.6768123989539152,0.9018579254007677,-7.683010082930898,4.094168436007022,-1.4554010162210802,-0.7523040771484375,2.45733642578125,0.3262176513671875,9.77935791015625,-36.1785888671875,26.0986328125,-1.4807434290114991,-0.8526675760009141,-1.6645231841959827,2.3854309284760293,1453083313094326427,0.020202637
2.102107983321523,0.6768123989539152,0.9018579254007677,-7.683010082930898,4.094168436007022,-1.4554010162210802,-0.7523040771484375,2.45733642578125,0.3262176513671875,9.77935791015625,-36.1785888671875,26.0986328125,-1.4807434290114991,-0.8526675760009141,-1.6645231841959827,2.3854309284760293,1453083313094326427,0.020202637
2.102107983321523,0.6768123989539152,0.9018579254007677,-7.683010082930898,4.094168436007022,-1.4554010162210802,-0.7523040771484375,2.45733642578125,0.3262176513671875,9.77935791015625,-36.1785888671875,26.0986328125,-1.4807434290114991,-0.8526675760009141,-1.6645231841959827,2.3854309284760293,1453083313094326427,0.020202637
2.102107983321523,0.6768123989539152,0.9018579254007677,-7.683010082930898,4.094168436007022,-1.4554010162210802,-0.7523040771484375,2.45733642578125,0.3262176513671875,9.77935791015625,-36.1785888671875,26.0986328125,-1.4807434290114991,-0.8526675760009141,-1.6645231841959827,2.3854309284760293,1453083313094326427,0.020202637
2.102107983321523,0.6768123989539152,0.9018579254007677,-7.683010082930898,4.094168436007022,-1.4554010162210802,-0.7523040771484375,2.45733642578125,0.3262176513671875,9.77935791015625,-36.1785888671875,26.0986328125,-1.4807434290114991,-0.8526675760009141,-1.6645231841959827,2.3854309284760293,1453083313094326427,0.020202637
2.102107983321523,0.6768123989539152,0.9018579254007677,-7.683010082930898,4.094168436007022,-1.4554010162210802,-0.7523040771484375,2.45733642578125,0.3262176513671875,9.77935791015625,-36.1785888671875,26.0986328125,-1.4807434290114991,-0.8526675760009141,-1.6645231841959827,2.3854309284760293,1453083313094326427,0.020202637
2.102107983321523,0.6768123989539152,0.9018579254007677,-7.683010082930898,4.094168436007022,-1.4554010162210802,-0.7523040771484375,2.45733642578125,0.3262176513671875,9.77935791015625,-36.1785888671875,26.0986328125,-1.4807434290114991,-0.8526675760009141,-1.6645231841959827,2.3854309284760293,1453083313094326427,0.020202637
2.102107983321523,0.6768123989539152,0.9018579254007677,-7.683010082930898,4.094168436007022,-1.4554010162210802,-0.7523040771484375,2.45733642578125,0.3262176513671875,9.77935791015625,-36.1785888671875,26.0986328125,-1.4807434290114991,-0.8526675760009141,-1.6645231841959827,2.3854309284760293,1453083313094326427,0.020202637
2.102107983321523,0.6768123989539152,0.9018579254007677,-7.683010082930898,4.094168436007022,-1.4554010162210802,-0.7523040771484375,2.45733642578125,0.3262176513671875,9.77935791015625,-36.1785888671875,26.0986328125,-1.4807434290114991,-0.8526675760009141,-1.6645231841959827,2.3854309284760293,1453083313094326427,0.020202637
2.102107983321523,0.6768123989539152,0.9018579254007677,-7.683010082930898,4.094168436007022,-1.4554010162210802,-0.7523040771484375,2.45733642578125,0.3262176513671875,47.81951904296875,-94.67926025390625,29.4586181640625,-1.4807434290114991,-0.8526675760009141,-1.6645231841959827,2.3854309284760293,1453083313094326427,0.020202637
2.102107983321523,0.6768123989539152,0.9018579254007677,-7.683010082930898,4.094168436007022,-1.4554010162210802,-0.7523040771484375,2.45733642578125,0.3262176513671875,48.89984130859375,-93.47991943359375,31.31866455078125,-0.9907744665039288,-1.3921240577650706,-1.6645231841959827,2.3854309284760293,1453083313094326427,0.020202637
2.102107983321523,0.6768123989539152,0.9018579254007677,-7.683010082930898,4.094168436007022,-1.4554010162210802,-0.7523040771484375,2.45733642578125,0.3262176513671875,48.29864501953125,-93.95904541015625,30.419921875,-1.0372954658458322,-1.3578149544502562,-1.6645231841959827,2.3854309284760293,1453083313094326427,0.020202637
2.102107983321523,0.6768123989539152,0.9018579254007677,-7.683010082930898,4.094168436007022,-1.4554010162210802,-0.7523040771484375,2.45733642578125,0.3262176513671875,48.5992431640625,-93.719482421875,30.8990478515625,-1.0154607952400985,-1.374220885441247,-1.6645231841959827,2.3854309284760293,1453083313094326427,0.020202637
2.102107983321523,0.6768123989539152,0.9018579254007677,-7.683010082930898,4.094168436007022,-1.4554010162210802,-0.7523040771484375,2.45733642578125,0.3262176513671875,48.2391357421875,-94.2596435546875,31.0791015625,-1.0269944669635669,-1.3656228734667577,-1.6645231841959827,2.3854309284760293,1453083313094326427,0.020202637
2.102107983321523,0.6768123989539152,0.9018579254007677,-7.683010082930898,4.094168436007022,-1.4554010162210802,-0.7523040771484375,2.45733642578125,0.3262176513671875,48.35968017578125,-94.439697265625,31.49871826171875,-1.0272873264297853,-1.3654024423082463,-1.6645231841959827,2.3854309284760293,1453083313094326427,0.020202637
2.102107983321523,0.6768123989539152,0.9018579254007677,-7.683010082930898,4.094168436007022,-1.4554010162210802,-0.7523040771484375,2.45733642578125,0.3262176513671875,48.47869873046875,-94.13909912109375,31.0791015625,-1.0347122953580346,-1.3597845622717304,-1.6645231841959827,2.3854309284760293,1453083313094326427,0.020202637
2.102107983321523,0.6768123989539152,0.9018579254007677,-7.683010082930898,4.094168436007022,-1.4554010162210802,-0.7523040771484375,2.45733642578125,0.3262176513671875,48.779296875,-93.8995361328125,31.55975341796875,-1.0279964002847084,-1.3648686809370159,-1.6645231841959827,2.3854309284760293,1453083313094326427,0.020202637
0.6403289647822188,2.7993112472881325,2.5572651489143645,-7.522927841735344,4.793996247829055,-0.8160847289924893,0.695068359375,-0.016265869140625,-0.3276824951171875,49.01885986328125,-93.8385009765625,31.85882568359375,-1.0394848755748445,-1.3561395559253484,-1.6645231841959827,3.845226870314015,1453083345220138596,32.125812169
0.9984814335445247,2.0834431384555057,1.6476431738189916,-7.273307483349212,5.314857032442932,-0.4041739355377416,0.190521240234375,0.05810546875,-0.3110504150390625,49.07989501953125,-93.8385009765625,32.21893310546875,-3.5037961633633623,-1.4071585631139831,0.7273848090618774,2.837680128651356,1453083345240280198,0.020141602
-0.4196352633206306,1.9558048037331544,0.7246941288989432,-7.378216299179369,5.803808233376221,-0.2230004033130058,0.2913055419921875,0.1054534912109375,-0.341278076171875,49.6795654296875,-93.59893798828125,33.11920166015625,-2.6072332463148395,-1.0644812721124275,0.34877388264485953,2.1275450089218926,1453083345260421800,0.020141602
-1.0487697340940043,1.4488357375177738,0.4084296195254047,-7.640408732702871,6.166017167755664,-0.12089299843165466,0.3661346435546875,0.170501708984375,-0.30767822265625,50.15869140625,-93.41888427734375,33.1787109375,-1.363807386436195,-0.5932166184052761,1.5213713754368638,1.8346274018355737,1453083345280563401,0.020141601
-0.5671896154002027,0.4718493517329687,0.12192191827657373,-7.782206136552922,6.283979505688906,-0.09041251886251123,0.3346710205078125,0.32611083984375,-0.159698486328125,50.3387451171875,-93.359375,33.23974609375,-0.6268636768820832,-0.10694157697397855,1.7208900952938881,0.7478040015304092,1453083345300735520,0.020172119
0.07649733111733781,0.06162254779262444,0.06307708540250899,-7.763081803773588,6.299385142637063,-0.07464324751188399,0.3278045654296875,0.358489990234375,-0.079681396484375,50.579833984375,-93.1793212890625,33.65936279296875,-0.10762779971001842,0.07117950419599015,0.7365870782702981,0.11673859159423379,1453083345320877122,0.020141602
0.19711095083137042,-0.18903203989090045,0.2782570784782572,-7.713804066065745,6.252127132664338,-0.00507897789231971,0.313446044921875,0.2616729736328125,-0.069610595703125,50.63934326171875,-93.11981201171875,33.538818359375,-0.10942130068240344,-0.03481489287197014,-0.021042840020448723,0.38988824137977907,1453083345340988206,0.020111084
0.263926553633846,-0.17036625691272,0.4973004870013558,-7.6478224276572835,6.2095355684361575,0.1192461438580192,0.267333984375,0.2294464111328125,-0.03814697265625,50.45928955078125,-93.29986572265625,33.47930908203125,-0.19974029743258315,0.19486013739540028,-0.27229801024337336,0.5882088588072063,1453083345361129807,0.020141601
0.5164635085320768,-0.3391982789676753,0.8754526942885847,-7.518706550524264,6.124735998694238,0.3381093174301653,0.26763916015625,0.2291412353515625,0.040496826171875,50.6988525390625,-93.1793212890625,33.47930908203125,-0.4032903858325809,0.2992734232727791,-0.3062383419668647,1.0715444218682852,1453083345381271409,0.020141602
0.7778436583881616,-0.5833825489553908,0.8238362765246178,-7.324245635927224,5.978890361455391,0.6846657199912433,0.3314666748046875,0.36383056640625,0.1005096435546875,50.81939697265625,-93.1793212890625,33.47930908203125,-0.703385918869665,0.5591637647122845,-0.5837735625038322,1.5571177585396831,1453083345421554612,0.020111084
0.8657349804309238,-0.9493658078939502,0.3637786544757554,-6.812741206016861,5.5301153196127,0.7756103836101821,0.4395904541015625,0.3777313232421875,0.1112060546875,51.0589599609375,-93.11981201171875,33.7799072265625,-0.535596470891321,0.4129079801223254,-1.4025900637343187,1.3353379358769284,1453083345441696214,0.020141602
0.43416513278223867,-0.9633622752214102,-0.28325686157564567,-6.704199922821301,5.289274750807348,0.7047961682162707,0.314208984375,0.5030975341796875,0.0971527099609375,51.35955810546875,-93.05877685546875,34.31854248046875,-0.18738112584372327,0.4758635738751498,-1.2335192531840067,1.0939838597864575,1453083345461837815,0.020141601
0.08986140310079094,-0.894163941270878,-0.5099184775417666,-6.681734572046103,5.065733765489628,0.5773165488308291,0.0932464599609375,0.4730224609375,0.1707611083984375,51.4190673828125,-92.93975830078125,34.7991943359375,0.4921126002732146,0.1936075913090817,-0.9576752862758556,1.033257508743501,1453083345482009934,0.020172119
0.18674507951188346,-0.8416739264542024,-0.09304220390841322,-6.6350483021681335,4.855315283876077,0.5540559978537257,-0.1411590576171875,0.3748321533203125,0.233062744140625,51.83868408203125,-93.23883056640625,35.21881103515625,0.792723833517692,0.150583279344289,-0.6453950345303503,0.867147954447722,1453083345502151536,0.020141602
0.03645661048450677,-0.7900993950696122,0.24333967437326942,-6.625934149547007,4.657790435108675,0.6148909164470431,-0.2569122314453125,0.33099365234375,0.226654052734375,52.01873779296875,-93.5394287109375,36.11907958984375,0.42422576415275826,0.38232430836881165,-0.6525382111603093,0.8275266374331856,1453083345522323655,0.020172119
-0.4656711373936444,-0.5363763910556898,0.3162293566861155,-6.742351933895418,4.523696337344752,0.693948255618572,-0.2520294189453125,0.2583160400390625,0.19671630859375,52.61993408203125,-93.95904541015625,37.5,0.22813077410471416,0.6458308682797979,-0.46439126225063515,0.7775282934488822,1453083345542404221,0.020080566
-0.7477322224149159,-0.201293495657052,0.40037118066139243,-6.929284989499147,4.4733729634304895,0.7940410507839201,-0.155364990234375,0.1724853515625,0.1866302490234375,52.8594970703125,-94.2596435546875,38.1591796875,0.2567271874872683,0.724940908142771,0.11446462252048631,0.8717336922108622,1453083345562576341,0.02017212
-0.6670944693381831,-0.09882776527564197,0.44377106562286395,-7.096058606833692,4.4486660221115795,0.904983817189636,-0.002349853515625,0.1181182861328125,0.19549560546875,52.79998779296875,-94.49920654296875,38.75885009765625,0.13701385728011262,0.6581187240697275,0.5550014080816592,0.8072884966943489,1453083345582748460,0.020172119
-0.8169885637517957,-0.15754121612676375,0.5368772040607912,-7.300305747771642,4.409280718079889,1.0392031182048338,0.0726318359375,0.0678863525390625,0.189544677734375,52.79998779296875,-94.7998046875,39.3585205078125,0.017709631701422535,0.583682303378297,0.5574191019366681,0.9902154716626348,1453083345602890061,0.020141601
-0.9656147767826866,-0.18441920337016082,0.487887993717383,-7.541709441967313,4.363175917237348,1.1611751166341795,0.0608673095703125,0.055816650390625,0.1884765625,52.79998779296875,-95.21942138671875,40.01922607421875,0.0467062716123372,0.7199162339428526,0.6782817290168324,1.097477577960632,1453083345623031663,0.020141602
-0.9706119386136498,0.05345340683512134,-0.09783657768234355,-7.784362426620725,4.376539268946129,1.1367159722135936,0.0147552490234375,0.023284912109375,0.1450958251953125,52.61993408203125,-95.3399658203125,40.55938720703125,0.15540748750199052,0.7335282613813059,0.8013999832598953,0.9769937553609142,1453083345643112229,0.020080566
-1.4235110352659195,0.5663222957805969,-0.5644875238646249,-8.140240185437206,4.518119842891278,0.9955940912474374,0.002838134765625,0.12713623046875,0.03729248046875,52.73895263671875,-95.3399658203125,40.7989501953125,0.44163140171239307,0.17888668640838512,0.8529232283294956,1.6327127043117142,1453083345663314866,0.020202637
-2.2567409571189856,1.1986510983432277,-0.05917058549794996,-8.704425424716952,4.817782617477085,0.98080144487295,-0.030303955078125,0.24700927734375,-0.0042572021484375,52.4993896484375,-95.69854736328125,41.03851318359375,0.6733468323117622,-0.32773009318270885,1.4508437861011005,2.556001831236807,1453083345683425950,0.020111084
-2.161447453195189,1.3647436325808329,0.71837398082039,-9.244787288015749,5.158968525622292,1.1603949400780476,-0.1344451904296875,0.364593505859375,0.0035400390625,52.37884521484375,-95.6390380859375,41.45965576171875,0.263875623083137,-0.16773931735331804,2.53680455321406,2.6552667383736854,1453083345703598069,0.020172119
-1.9894973180249025,0.2236796716896663,0.8053632471563119,-9.742161617521973,5.214888443544709,1.3617357518671256,-0.187591552734375,0.0358123779296875,0.0192718505859375,52.25982666015625,-95.69854736328125,41.75872802734375,-0.4183463603892087,0.18506148164452346,2.6155650842687885,2.157948593879297,1453083345723770188,0.020172119
-1.9202948850984356,1.2116999117563862,1.24438511489879,-10.68593680435469,5.664963296251426,1.99829066635121,-0.2947845458984375,-0.06024169921875,-0.1752777099609375,52.07977294921875,-95.75958251953125,41.8792724609375,-0.521936345348518,0.9304882678407472,2.084058920633323,2.589255382550613,1453083345764022874,0.020172119
-2.015752509641249,0.9789302419051094,-0.2870480604247181,-11.189874931765,5.909695856727703,1.9265286512450306,-0.2497406005859375,-0.281982421875,-0.228729248046875,51.71966552734375,-95.87860107421875,41.69921875,-0.7447641851426313,0.4603283441839035,2.4367329369986805,2.2591943669447705,1453083345784164475,0.020141601
-0.10608345302549971,0.7352926310240875,-1.5705686241210246,-11.216395795021375,6.093519014483725,1.5338864952147746,-0.259521484375,-0.548004150390625,-0.1735992431640625,51.71966552734375,-95.6390380859375,41.45965576171875,0.5112195725242787,-0.36034274600015337,2.17089051750342,1.7374103589300791,1453083345804306077,0.020141602
3.085140561798351,-0.39186843424323037,-2.7648899578905697,-10.445110654571788,5.995551905922918,0.8426640057421323,-0.194915771484375,-0.8879241943359375,0.001861572265625,51.71966552734375,-95.69854736328125,41.45965576171875,0.8198263385463307,-1.510672420648026,0.253669542393249,4.161282210455547,1453083345824447678,0.020141601
4.302926902563682,0.1210389440116657,-3.0111185092812063,-9.36937892893087,6.025811641925834,0.08988437842183106,-0.3676300048828125,-0.6480255126953125,0.0406494140625,51.4190673828125,-95.93963623046875,41.5191650390625,1.1964850960432143,-2.557545729726364,-3.0567390274238506,5.253252804854304,1453083345844589280,0.020141602
4.110420135332195,1.129570413021833,0.6319010910125352,-8.34177389509782,6.308204245181292,0.2478596511749648,-0.802398681640625,-0.3390960693359375,0.035308837890625,51.35955810546875,-95.819091796875,41.5191650390625,0.8119502153822766,-3.7599135657891027,-3.5777723367600234,4.309383017990102,1453083345864730882,0.020141602
2.9992858152970063,2.5480044749487165,4.401993040778779,-7.591952441273569,6.945205363918471,1.348357911369659,-0.844696044921875,0.128814697265625,-0.0951080322265625,51.59912109375,-96.11968994140625,41.21856689453125,-2.8458854837679155,-1.951299861414661,-2.5815007856115635,5.904708708925895,1453083345884872483,0.020141601
1.0680565819251058,2.171448013552723,1.2618166005917728,-7.324938295792293,7.488067367306652,1.6638120615176022,-0.147125244140625,0.1767578125,-0.230712890625,52.07977294921875,-96.7193603515625,40.91949462890625,-5.703949745768556,1.524353389253149,0.08301086610172936,2.729123022380007,1453083345904983567,0.020111084
0.19403266788383444,0.13970968037342857,-1.9203196687453317,-7.276430128821334,7.522994787400009,1.1837321443312692,0.41455078125,-0.0414581298828125,-0.0525054931640625,52.4993896484375,-97.13897705078125,41.03851318359375,-2.5404473829722436,-0.08642703819283848,0.9933624869331061,1.9351473073557848,1453083345925125169,0.020141602
0.4481094350883179,-1.1353758103887568,-0.6193245826525153,-7.164402770049255,7.239150834802819,1.0289009986681403,-0.04144287109375,-0.0816192626953125,0.0313262939453125,52.73895263671875,-98.03924560546875,41.339111328125,0.7309277663376821,-1.7742618041127054,-0.2500698358595016,1.3687378256294411,1453083345945266770,0.020141601
0.7691801751752738,-1.4892747959925545,-0.035149471178859804,-6.851379271854961,6.5150926670863045,1.0405358237179223,-0.3624420166015625,-0.2369232177734375,0.0716552734375,52.978515625,-99.23858642578125,41.45965576171875,0.6716569283527368,-0.18119671179827346,-1.1787654122293851,1.6765479549316458,1453083345985580491,0.020202637
0.8843016596714692,-1.4383680789815436,-0.17551947928683787,-6.630303856937094,6.155500647340919,0.9966559538962129,-0.2057647705078125,-0.4908905029296875,0.0580596923828125,53.27911376953125,-100.31890869140625,41.45965576171875,0.37942906906549,0.42044058721964184,-1.5779976006943621,1.6975568454516905,1453083346005722092,0.020141601
0.9199169136746752,-1.4933458303727347,-0.020774470148220203,-6.400324628518425,5.782164189747735,0.9914623363591577,-0.1669769287109375,-0.676116943359375,0.046295166015625,53.5186767578125,-101.6387939453125,41.5191650390625,0.3679144513996518,0.2633901775042657,-1.6361428519327357,1.7540696895409575,1453083346025833176,0.020111084
1.1542074567209903,-1.421507718985688,0.20447417388142375,-6.111772764338178,5.426787260001313,1.0425808798295138,-0.1816253662109375,-0.7701873779296875,0.0605010986328125,53.399658203125,-103.19976806640625,41.81976318359375,0.29343043952510756,0.42995324298216003,-1.675052069210239,1.842468109919605,1453083346045974778,0.020141602
1.1186174302205423,-1.0740347884698007,0.3061940851988889,-5.832118406783042,5.158278562883863,1.119129401129236,-0.155670166015625,-0.5941162109375,0.0638580322265625,53.338623046875,-103.91998291015625,41.81976318359375,-0.023462523828747042,0.5230561098883486,-1.7665079986671852,1.5806993704836363,1453083346066116380,0.020141602
0.8795741199576836,-0.5405144518695906,0.4957243111278611,-5.612224876793621,5.023149949916466,1.2430604789112014,-0.076263427734375,-0.066497802734375,0.039276123046875,53.338623046875,-103.85894775390625,41.45965576171875,-0.2626055064972235,0.45731990484871266,-1.4901367071791956,1.1452288408097353,1453083346086288499,0.020172119
-0.38348369603958243,-0.5915225109152882,0.455095590371831,-5.82673664087448,4.796600635915288,1.2824990141203565,0.08270263671875,-0.0319976806640625,0.07745361328125,53.2196044921875,-103.4393310546875,41.03851318359375,-0.5296489736218075,0.4262432339291105,-0.9215952946837315,0.8390891623800127,1453083346126541184,0.020111084
-0.708776702925416,-0.5105471102947305,0.817750788703715,-6.003930816605834,4.6689638583416055,1.486936711296285,0.160888671875,0.1193389892578125,0.0591278076171875,53.03955078125,-102.3590087890625,40.37933349609375,0.26372389859275036,0.7965638946410032,-0.0025053970018424354,1.1965530154847595,1453083346146682786,0.020141602
-1.0714281006215822,-0.35866962182953444,1.5433729942442223,-6.27178784176123,4.579296452884222,1.8727799598573402,0.1572265625,0.3479461669921875,0.011932373046875,52.91900634765625,-101.3397216796875,39.898681640625,0.1773191354345326,1.1142506193577568,0.398425169532291,1.9127473099673382,1453083346166824387,0.020141601
-1.5472303711222661,-0.5740694865261275,1.635735993051628,-6.658595434541796,4.43577908125269,2.281713958120247,0.0159759521484375,0.439117431640625,-0.0131072998046875,52.61993408203125,-98.638916015625,38.39874267578125,-0.12804513424054087,1.6270676096021934,0.997425634979908,2.3235984669576872,1453083346186996507,0.02017212
-1.8149327343978134,-0.3673732650021524,1.5928539311600525,-7.112328618141249,4.343935765002152,2.67992744091026,-0.03778076171875,0.624053955078125,-0.067169189453125,52.61993408203125,-97.7996826171875,37.799072265625,0.19539977140403142,1.8585602311303693,1.380826733985755,2.442565780534702,1453083346207168626,0.020172119
-1.9754935507995013,0.9599343958107784,0.5162387113342919,-7.606202005841124,4.583919363954847,2.808987118743833,0.011993408203125,0.135528564453125,-0.1606292724609375,52.73895263671875,-96.77886962890625,37.139892578125,0.23939578680758566,1.6555794276279796,1.779852504088608,2.256224993344218,1453083346227249192,0.020080566
-1.0779046062646014,2.5462922432111226,-0.7815036598388163,-7.875678157407274,5.220492424757627,2.613611203784129,0.0159759521484375,-0.2761688232421875,-0.151153564453125,52.55889892578125,-96.11968994140625,36.77978515625,0.2589471804647192,0.0030572192439619617,2.241313970104229,1.889400545657519,1453083346267532395,0.020141601
-1.5882256472280947,-1.0955072416886313,1.4525769155156576,-8.48400946019378,5.316134072743319,3.181532581554655,0.076446533203125,-0.01458740234375,-0.3617401123046875,52.55889892578125,-95.57952880859375,36.29913330078125,-0.8028652883645961,-0.16957969667517336,1.7019062846512418,2.4150727770802924,1453083346287643479,0.020111084
-2.5311151857512257,-1.1999165355384056,0.8701303800687761,-9.116788256631587,5.016154938858718,3.399065176571849,-0.383819580078125,-0.3172454833984375,-0.422821044921875,52.61993408203125,-95.458984375,36.2396240234375,0.6190052587209269,2.021081836220836,1.1681770289891396,2.9331673416492254,1453083346307876634,0.020233155
-2.6527730079759806,0.8988070059442759,0.3429304759300207,-9.779981508625582,5.240856690344787,3.4847977955543543,-0.6008148193359375,-0.1511077880859375,-0.3586883544921875,52.4993896484375,-95.159912109375,36.0595703125,1.452254015369747,1.7752820190442744,1.8283333832083688,2.8218185585012434,1453083346327987717,0.020111083
-0.011744773568285183,2.6505397453804207,-1.1805018106622338,-9.782917702017652,5.903491626689892,3.1896723428887963,-0.3441162109375,-0.2389068603515625,-0.2388153076171875,52.679443359375,-95.3399658203125,36.0595703125,0.6790344808229549,-0.04314346237294858,2.738560023403039,2.901565681924896,1453083346348098801,0.020111084
2.489664239739122,1.795968905679337,-2.582047932904787,-9.160501642082872,6.352483853109725,2.5441603596625995,-0.1026763916015625,-0.3616943359375,-0.2142181396484375,52.55889892578125,-95.03936767578125,36.0595703125,-0.6658411565141434,-2.6368602361601092,1.0112892579648576,4.011346889091082,1453083346368270921,0.02017212
2.2980180128850485,0.9907424096997195,-1.6827892252300796,-8.585997138861611,6.6001694555346555,2.1234630533550796,-0.116729736328125,-0.1167449951171875,-0.2157440185546875,52.55889892578125,-95.21942138671875,36.0595703125,-0.7278988473952088,-3.6182891440613343,-1.5713218663801714,2.0759623846930757,1453083346408584641,0.020172119
-0.8011166162848191,0.9237064898640712,-1.170393307272251,-9.024658530199556,7.205596488651554,1.562025387350376,0.1642608642578125,0.1100311279296875,-0.192840576171875,52.61993408203125,-95.458984375,35.8184814453125,0.38705717881273327,-1.403698710658568,1.4796744201027476,1.6925844162145411,1453083346428665208,0.020080567
0.052075456972143996,-0.520617327639993,-0.706602731755301,-9.011639665956519,7.0754421567415555,1.385374704411551,0.4747161865234375,0.0406951904296875,-0.217132568359375,52.679443359375,-95.51849365234375,35.699462890625,0.6880848985993735,-1.1492848788386831,1.0346620380708589,0.8792278860351959,1453083346448806809,0.020141601
1.0236672015152148,-1.1841086082057446,0.22338968959575922,-8.755722865577715,6.77941500469012,1.4412221268104908,0.6762847900390625,0.0344390869140625,-0.2046051025390625,52.978515625,-95.2789306640625,34.979248046875,0.7202173622463683,-0.23791280763759942,-0.4446640263216617,1.5811105871831441,1453083346468978928,0.020172119
1.5540167690246722,-1.178915304533346,0.29451985714535756,-8.367218673321547,6.4846861785567835,1.51485209109683,0.88214111328125,0.0472564697265625,-0.193145751953125,52.978515625,-95.2789306640625,34.85870361328125,-0.050825829627664604,0.5189015299846516,-1.4926716497152377,1.9727015384811142,1453083346489120530,0.020141602
2.0338017941259885,-1.2053881030016775,-0.473612629908714,-7.858768224790051,6.183339152806365,1.3964489336196515,1.0198822021484375,0.088653564453125,-0.1280975341796875,53.1585693359375,-95.39947509765625,34.91973876953125,-0.39021938348791224,0.4130245344958102,-1.8890980651790592,2.4111447778715243,1453083346509262132,0.020141602
2.270229911863291,-1.4849891933388424,-1.1273642250207212,-7.291210746824229,5.812091854471655,1.1146078773644712,0.8885498046875,0.2207489013671875,0.0252227783203125,53.5186767578125,-95.458984375,34.85870361328125,-0.13938733797900987,-0.3128103023092617,-2.3867006295812274,3.064410345657814,1453083346549514817,0.020141601
1.8616385498425068,-1.0539477712368592,-1.2546356626070119,-6.236562255897194,5.212364519283734,0.44506535010701176,0.50128173828125,0.4142303466796875,0.0911865234375,53.5186767578125,-95.51849365234375,34.85870361328125,0.469879471242461,-1.176540277164765,-2.7902650138383898,2.4800432739450717,1453083346569686936,0.020172119
1.181119921905255,-0.38948390058323756,-0.4591040378981094,-5.94128227542088,5.114993544137925,0.3302893406324844,0.074462890625,0.63427734375,0.19091796875,54.058837890625,-95.39947509765625,35.99853515625,0.5001474712924764,-1.0920479400639282,-2.1697692841651675,1.3257143343682145,1453083346589767503,0.020080567
0.4347396875242042,-0.09144551890409058,0.39076120327526254,-5.832597353539829,5.092132164411903,0.42797964145129996,-0.2579803466796875,0.5257110595703125,0.282073974609375,54.17938232421875,-95.75958251953125,37.01934814453125,-0.07257767497836981,-0.6238163575994162,-1.1675204613668195,0.5916546262993403,1453083346609909104,0.020141601
-0.6208117656056373,-0.8321529971545223,0.7500235134014601,-5.987800294941238,4.884093915123272,0.6154855198016649,-0.377105712890625,0.2625885009765625,0.272613525390625,54.5989990234375,-96.11968994140625,37.91961669921875,-0.43241499331959277,0.17175631485191645,-0.3654753937543012,1.9158772099291195,1453083346650192307,0.020141601
-1.592199901081358,-0.8750461798976445,0.7549027438894347,-6.70813884403583,4.3897861701320195,1.0269576076730653,-0.0200653076171875,0.20684814453125,0.2055816650390625,55.13916015625,-96.29974365234375,38.87939453125,0.626750793330175,1.7446205089631537,0.4838048678283131,1.9674055237008827,1453083346670333909,0.020141602
-1.4173390224275861,-0.5727298150118658,0.7302649685490479,-7.062473599642726,4.246603716379053,1.2095238498103271,0.1283721923828125,0.17889404296875,0.19305419921875,55.6793212890625,-96.65985107421875,39.898681640625,0.6929616390721791,1.582043131605767,0.9421404132457236,1.694153555551991,1453083346690506028,0.020172119
-1.3903775655983193,-0.004509535603243187,0.12382379124548826,-7.410067991042306,4.245476332478243,1.2404797976216992,0.1369171142578125,0.1135406494140625,0.1719818115234375,55.97991943359375,-97.0794677734375,40.91949462890625,0.4410034804017634,1.2820914149480653,1.0158315037685477,1.395887689647298,1453083346710678147,0.020172119
-1.6923191423224058,0.4759089730799051,-0.4206553224723595,-7.833147776622907,4.36445357574822,1.1353159670036095,0.118743896484375,0.0350494384765625,0.1029510498046875,56.3385009765625,-97.55859375,41.81976318359375,0.5189855015768335,0.46516221282568004,1.209454651702251,1.807590753033755,1453083346730789231,0.020111084
-2.2899270912016743,0.7473165339326737,0.12481607405336259,-8.405629549423326,4.551282709231389,1.16651998551695,0.078887939453125,0.095367431640625,0.0342254638671875,56.5185546875,-98.87847900390625,42.83905029296875,0.7408503421862218,-0.13090620896110644,1.6435902138263503,2.412017234028522,1453083346750961350,0.020172119
-2.3995197979613394,0.4494889693336388,0.4760003201801901,-9.00550949891366,4.663654951564799,1.2855200655619974,0.0482025146484375,0.356964111328125,0.0197296142578125,56.57958984375,-99.29962158203125,43.01910400390625,0.4114447928404844,0.21202830316913002,2.3671892170510946,2.48722976404929,1453083346771072434,0.020111084
-1.5740958188378222,0.08011119499816122,0.937843713175402,-9.399033453623115,4.683682750314339,1.519980993855848,-0.0648040771484375,0.066650390625,0.037139892578125,56.81915283203125,-99.77874755859375,43.37921142578125,0.3316718361387,0.6463908303160959,2.3787569917338636,1.8340518751631245,1453083346791244553,0.020172119
-0.9424675730390071,0.346449795842279,1.3063662791340716,-9.634650346882868,4.7702951992749085,1.846572563639366,-0.26348876953125,-0.1840972900390625,-0.027618408203125,56.7596435546875,-99.95880126953125,43.6798095703125,-0.1224730597770306,0.950015719930934,1.5640385660262532,1.6476848735507017,1453083346811386155,0.020141602
-0.8563788435874553,1.9014030007363232,0.9369387264322575,-9.848745057779732,5.245645949458989,2.08080724524743,-0.1549072265625,-0.01611328125,-0.3988494873046875,56.45904541015625,-99.95880126953125,43.55926513671875,-0.7507577097731196,0.8360838691967688,1.2050692550231334,3.511198895667035,1453083346851669358,0.020141601
-1.3139857802084727,1.1424374712524976,-1.5106375353958554,-10.708398863346215,6.211596952575627,1.543337120356793,-0.1968994140625,-0.1130828857421875,-0.41595458984375,56.3385009765625,-99.71923828125,43.6798095703125,-0.11914866087421461,-1.7311534873232004,3.0524464879967668,2.3051567776745108,1453083346871780442,0.020111084
2.187739598489472,-0.4269924058105019,-1.4832048525354344,-10.161463963723847,6.104848851123002,1.1725359072229344,-0.335723876953125,-0.3441314697265625,-0.1971282958984375,56.3385009765625,-99.47967529296875,43.798828125,1.0075583402563515,-1.4209203092521885,1.5098209112937826,2.6773912116094234,1453083346891922044,0.020141602
3.0940027139478268,-0.1999435340234017,-1.4612587062470976,-9.38796328523689,6.054862967617152,0.8072212306611601,-0.3659515380859375,-0.4522552490234375,-0.0534210205078125,56.5185546875,-99.23858642578125,44.09942626953125,0.3979960018345171,-1.4256540671685538,-2.231038689603477,3.427551198348061,1453083346912094163,0.020172119
2.2780342024082607,1.4901428290312788,-1.064673468903928,-8.818454734634823,6.427398674874971,0.5410528634351782,-0.1981201171875,-0.13720703125,0.087066650390625,56.6986083984375,-98.9990234375,44.27947998046875,-0.1465585581503841,-1.9618164060586452,-2.8067604588143005,2.9229257728589526,1453083346932144212,0.020050049
1.0126983580203586,3.2365356499437734,0.5925605412831074,-8.565280145129734,7.236532587360914,0.6891929987559551,-0.1310882568359375,0.361541748046875,0.0276641845703125,56.6986083984375,-98.93951416015625,44.219970703125,-1.154417172493393,-2.4861716842124357,-1.0147741533129582,4.342055591067167,1453083346972518967,0.020141601
1.243261226476779,0.3033725620577652,0.33042282845243864,-8.057668575109592,8.172884762160985,1.4035707018209989,-0.161773681640625,0.0335235595703125,0.0983734130859375,56.81915283203125,-99.1790771484375,44.219970703125,-3.763234838020935,0.5269375639838167,2.100916390979644,1.3217082258322173,1453083346992660569,0.020141602
1.7478682585251732,-1.3327291964475378,-0.8535816591130492,-7.620701510478298,7.8397024630491,1.1901752870427367,-0.2109527587890625,-0.3383331298828125,0.2124481201171875,56.939697265625,-99.59869384765625,44.219970703125,-1.1637697502586763,-0.1348569013354357,-0.6118545224521791,2.3579254036117656,1453083347012802171,0.020141602
1.6672521263513884,-1.5973967360642805,-0.4464517530716894,-7.203888478890451,7.4403532790330305,1.0785623487748144,-0.58111572265625,-0.336944580078125,0.2486419677734375,57.0587158203125,-100.6195068359375,44.45953369140625,-0.005350247334780345,-0.6937826900866303,-2.253541450139715,2.3517493814249906,1453083347032943772,0.020141601
1.6783695721748604,-2.0847777404139247,-0.2595417735511014,-6.784296085846735,6.91915884392955,1.013676905387039,-0.6626739501953125,-0.2735748291015625,0.272918701171875,57.23876953125,-101.21917724609375,44.45953369140625,0.017623970994328386,-0.22190600058623317,-2.341190509933239,2.6889746335631104,1453083347053054856,0.020111084
1.736079446802389,-2.22199699701864,-0.3310953329033811,-6.350276224146139,6.36365959467489,0.9309030721611936,-0.5933380126953125,-0.2651824951171875,0.281463623046875,57.23876953125,-101.93939208984375,44.3389892578125,0.22116383660826833,0.14021015448252722,-2.6761936731630094,2.8391665361228715,1453083347073226975,0.020172119
0.6951240490785295,-2.11101606637318,0.3711824830355861,-5.899149317633217,5.281197340787243,1.0086850706753514,-0.2143096923828125,-0.447967529296875,0.204498291015625,57.17926025390625,-102.7191162109375,44.219970703125,0.3167336104274183,0.1319294397254706,-2.818357958882769,2.2533004042527236,1453083347113479661,0.020111084
0.27278625098157416,-1.700299669504794,0.5764259668972189,-5.830952754887824,4.856122423411044,1.152791562399656,-0.156280517578125,-0.284271240234375,0.193206787109375,57.0587158203125,-103.13873291015625,44.09942626953125,0.5864914545309097,1.122643329993331,-1.8636154924236579,1.815956552386672,1453083347133651780,0.020172119
-0.1320883820272405,-1.2769755754475858,0.48698305867402514,-5.8639748503946345,4.536878529549148,1.2745373270681624,-0.0923004150390625,-0.09857177734375,0.1797637939453125,56.878662109375,-103.7994384765625,43.9788818359375,0.4792496548695013,1.27929107245652,-1.196424691489935,1.373050057496731,1453083347153793382,0.020141602
-0.7785222681217929,-0.948838761139319,0.2402700406892202,-6.058605417425082,4.299668839264319,1.3346048372404673,-0.0101470947265625,0.009857177734375,0.15625,56.99920654296875,-103.7994384765625,43.6798095703125,0.5042494324989791,1.135423322830401,-0.5846476560999464,1.2506484754137344,1453083347173904466,0.020111084
-0.519448673872434,-0.8911510870364552,0.8401896653638763,-6.188467585893191,4.076881067505205,1.5446522535814362,0.0611724853515625,-0.0408477783203125,0.157623291015625,56.99920654296875,-103.85894775390625,43.19915771484375,0.79766550438911,0.9548571350238283,0.12688252498005567,1.3303743302162547,1453083347194046067,0.020141601
-0.27677720081669754,-0.36930514697291406,0.8817708729161011,-6.257661886097365,3.9845547807619766,1.9847596932686815,0.0240631103515625,0.1937103271484375,0.0540924072265625,56.81915283203125,-103.7994384765625,42.718505859375,0.22975287172433034,1.3052270266212478,0.11615345166564817,1.1876193109934476,1453083347234359788,0.020141602
-1.2858776428976864,0.05441619031233458,1.170956893822555,-6.778773846360126,4.00469635851579,2.27749891672432,0.0520172119140625,0.281524658203125,-0.0129547119140625,56.45904541015625,-103.4393310546875,42.35992431640625,-0.14175136388031873,0.7702737942551537,0.892762166503397,1.7399949659302996,1453083347254440354,0.020080566
-1.486209438536899,0.8896389092811177,1.103306042401794,-7.150326205994351,4.22710608583607,2.5533254273247685,0.0538482666015625,0.3899383544921875,-0.0550994873046875,56.27899169921875,-102.7191162109375,42.059326171875,-0.0771398137813678,1.0089829934709864,1.4154805883450297,2.0536699119633055,1453083347274612473,0.020172119
-1.4607937227045191,1.5960983344561441,0.09110430657768553,-7.515524636670481,4.626130669450106,2.5761015039691895,0.1417999267578125,-0.02587890625,-0.1571044921875,56.15997314453125,-102.41851806640625,41.5191650390625,-0.36217810945058515,0.4082543279238452,1.9798271281848536,2.1655826440530053,1453083347294784592,0.020172119
-0.9331857594136155,2.4952990777211657,-0.48608872270660175,-7.7488210765238845,5.249955438880397,2.4545793232925393,0.1419525146484375,-0.257080078125,-0.155120849609375,56.15997314453125,-101.57928466796875,40.618896484375,-0.1330350492950754,-0.7616591084249553,2.022850794705324,2.70806857283766,1453083347314926194,0.020141602
-1.566800072374642,0.8237539106144327,1.6450279476159686,-8.140521094617545,5.455893916534005,2.8658363101965314,0.229461669921875,0.00604248046875,-0.1787872314453125,55.73883056640625,-101.2786865234375,40.37933349609375,-0.5637510906783902,-1.7618158513967985,1.9778335317538396,2.4165160708100744,1453083347335037278,0.020111084
-1.8573951360247136,-0.8704890590084533,1.0250555612177745,-8.604869878623724,5.238271651781891,3.1221002005009755,0.2413787841796875,0.02252197265625,-0.3116607666015625,55.37872314453125,-101.2786865234375,40.19927978515625,-0.5224188357962353,0.9691958737884179,2.1511132839962124,2.293121627119934,1453083347355209397,0.020172119
-2.3970977494447716,-0.22069544642551264,0.5530156403804698,-9.204144315984916,5.183097790175513,3.2603541105960927,0.0489501953125,-0.1998138427734375,-0.4423675537109375,55.37872314453125,-100.9796142578125,40.1397705078125,0.8867770664448843,1.5967420973057487,1.3865235711942845,3.1078978684111616,1453083347395492600,0.020172119
0.4610893739490969,2.7624902658501727,-1.2299298534377496,-9.74607777726941,6.282065398212327,3.0237530956252496,-0.338470458984375,-0.207000732421875,-0.261871337890625,55.37872314453125,-100.9796142578125,39.898681640625,0.31332621179380715,-0.5263835735935238,3.046928861347977,3.0588696154074846,1453083347415603684,0.020111084
2.959813881971778,1.5591499275238885,-2.11623148040645,-9.006124306776465,6.671852880093299,2.4946952255236376,-0.04083251953125,-0.4690399169921875,-0.116790771484375,55.19866943359375,-101.2786865234375,39.7186279296875,-0.9989606534148742,-2.788693709848485,0.762854984064155,3.9585202274428086,1453083347435745286,0.020141602
2.980412140733673,0.22510314514411078,-1.6767132116689103,-8.261021271593048,6.728128666379327,2.0755169226064103,0.0494232177734375,-0.31939697265625,-0.1624603271484375,55.07965087890625,-101.39923095703125,39.83917236328125,-1.282514861276539,-3.2416345297291693,-1.8753249698455963,3.4270826002259587,1453083347455886887,0.020141601
0.4250889899306891,0.39160595361528827,-1.2963876591788783,-8.154749024110377,6.826030154783149,1.7514200078116908,0.0932464599609375,0.0394744873046875,-0.233154296875,55.19866943359375,-101.0986328125,39.7186279296875,-0.9257703271977625,-2.21096835397717,-2.4493800248486113,1.4193931221259755,1453083347476059007,0.02017212
-2.0154219721179487,1.101956637892231,-1.0016975296868527,-8.658604517139864,7.1015193142562065,1.5009956253899777,0.3203277587890625,0.064208984375,-0.25897216796875,55.37872314453125,-100.9185791015625,39.3585205078125,0.2960533070718945,-1.3587552125102136,-0.2842773401054416,2.5059194118070307,1453083347496170091,0.020111084
-1.5204552534756086,0.6767435329700344,-0.7917755042182322,-9.038718330508766,7.270705197498716,1.3030517493354197,0.5471038818359375,-0.1524810791015625,-0.2551422119140625,55.61981201171875,-100.439453125,39.11895751953125,1.143202004682562,-0.7386702374213945,2.104064688925941,1.843006900778827,1453083347516342210,0.020172119
-0.07450629262423725,-1.026378611123972,-0.23334716118708565,-9.057344903664825,7.014110544717722,1.2447149590386481,0.7735748291015625,-0.172637939453125,-0.2140655517578125,55.55877685546875,-100.13885498046875,38.75885009765625,0.9516691212349764,-0.4577215642041783,1.5104606139019392,1.0552038374870771,1453083347536453294,0.020111084
1.4814248594392385,-1.1454052603380918,-0.10186415581598474,-8.513575127993926,6.360249010338092,1.2556117144097347,1.0554656982421875,0.00848388671875,-0.074493408203125,55.499267578125,-100.01983642578125,38.63983154296875,0.7499042939291634,0.44871737159559016,-0.5913978071602507,1.8753530683086965,1453083347576767014,0.020202636
1.9929523875513908,-1.0799960832704736,-0.6213228676215379,-8.015337031106078,6.090249989520474,1.1002809975043504,0.9470367431640625,0.023895263671875,-0.035552978515625,55.73883056640625,-99.71923828125,38.81988525390625,-0.05785157714659117,0.10799536414280161,-1.8713469226906272,2.350381429631328,1453083347596908616,0.020141602
2.210755953009863,-1.2813064369288796,-1.0646242120659803,-7.462648042853613,5.769923380288255,0.8341249444878553,0.7424163818359375,0.0611572265625,0.0195770263671875,55.91888427734375,-99.11956787109375,38.519287109375,-0.002724668998321189,-0.5095325138050484,-2.294485039955736,2.768142478630939,1453083347617050217,0.020141601
2.2969372819391403,-1.248055403449353,-1.3283595259027843,-6.888413722368828,5.4579095294259155,0.5020350630121594,0.4212646484375,0.3012237548828125,0.0869140625,56.57958984375,-98.33984375,38.57879638671875,0.31637840255786864,-0.8460440794392105,-2.6166252851426433,2.932252069194898,1453083347637161301,0.020111084
2.001221700551312,-0.9783393422907327,-1.4292647691597276,-6.388108297231,5.213324693853233,0.1447188707222276,0.0984344482421875,0.6561126708984375,0.16082763671875,56.878662109375,-98.39935302734375,39.17999267578125,0.48230351534467797,-1.1658033000100931,-2.646958327990985,2.646664682915567,1453083347657333421,0.02017212
1.3157600752847998,-0.03419735273883617,-0.4083410145465321,-6.0591682784098,5.204775355668524,0.04263361708559461,-0.2851715087890625,0.7543182373046875,0.2552032470703125,57.0587158203125,-98.57940673828125,39.65911865234375,0.6121330668344395,-1.3481551874872792,-2.193764942532279,1.3780915857840135,1453083347677444505,0.020111084
-0.048235817442728646,-0.5440933370028551,1.3833956374089695,-5.841336326111959,5.139201369229418,0.5516019211847805,-0.343048095703125,0.28411865234375,0.2434539794921875,57.4798583984375,-98.638916015625,40.4998779296875,-0.3323453231597909,-0.8620353651425471,-1.0225350395210793,1.4873290634750065,1453083347717758225,0.020172119
-0.8856467594229329,-1.314876720383534,1.2100856505521758,-6.062748015967692,4.810482189133534,0.8541233338228242,-0.1735382080078125,0.1822662353515625,0.201904296875,58.01849365234375,-98.39935302734375,41.339111328125,-0.490221698048966,1.3861502090588826,-0.22453906992069775,1.9943866861657453,1453083347737899827,0.020141602
-1.2808806887883462,-1.333297860681827,0.7086935204417406,-6.382968188164779,4.477157723963077,1.0312967139332594,-0.03411865234375,0.13873291015625,0.20281982421875,58.55865478515625,-98.87847900390625,43.2586669921875,0.516853538643823,1.926224491653869,0.00999503946451602,1.9800467242279292,1453083347758041428,0.020141601
-1.3577856057181767,-1.0149537182329613,0.6559562811971424,-6.722414589594323,4.223419294404836,1.195285784232545,-0.039764404296875,0.059783935546875,0.19732666015625,58.67919921875,-99.359130859375,44.39849853515625,0.9751013983518597,1.6823403821096616,0.3734884169399804,1.8176884892886278,1453083347778152512,0.020111084
-1.613608855668292,-0.4367676620863694,0.23858338433271387,-7.125816803511396,4.114227378883244,1.2549316303157236,-0.0655670166015625,0.0371856689453125,0.11761474609375,58.43963623046875,-99.83978271484375,45.2392578125,0.8071454415590076,1.4702424813433002,0.7006385712154335,1.6886152791607623,1453083347798324632,0.02017212
-2.4984640621589573,1.0355663525147234,0.3709184636291867,-8.218637988622293,4.450868584008714,1.2278821955505008,-0.080535888671875,0.4499664306640625,0.01055908203125,58.25958251953125,-99.95880126953125,45.7794189453125,0.9481789054910567,-0.041271308950659336,1.7125955320781603,2.729890262816717,1453083347838546800,0.020111084
-2.057145273164666,0.5872543515430291,0.7743470755908493,-8.732924306913459,4.597682171894471,1.4214689644482132,-0.2388916015625,0.4557647705078125,0.0307159423828125,58.25958251953125,-100.31890869140625,46.4385986328125,0.18176959830063466,0.2126152812110919,2.715520865370756,2.275154443501815,1453083347858688401,0.020141601
-1.648597077906734,0.3597326804531731,0.7477369378164294,-9.145073576390141,4.687615342007764,1.6084031989023206,-0.343658447265625,-0.145751953125,0.0084228515625,58.4991455078125,-101.0986328125,47.1588134765625,-0.028008966179200012,0.6408128575399212,2.182865474888986,1.845640933346391,1453083347878830003,0.020141602
-1.4815851818566372,0.7720879021750386,1.3667564447843936,-9.5154698718543,4.880637317551524,1.9500923100984189,-0.503082275390625,-0.2248687744140625,-0.08013916015625,58.55865478515625,-101.2786865234375,47.3388671875,-0.04647533120858488,0.6488874260426356,1.7271872144055342,2.158526710314675,1453083347898971604,0.020141601
-1.934706622047809,2.6161566498650313,1.108724980046265,-9.999146527366253,5.534676480017781,2.227273555109985,-0.313262939453125,0.1155242919921875,-0.30096435546875,58.19854736328125,-101.39923095703125,47.2198486328125,-0.741782074572787,0.7359685274108436,1.888742189841661,3.437533477859853,1453083347919143723,0.020172119
-3.132762856231997,3.4118584253607747,-0.7736401331504879,-10.782337241424253,6.387641086357975,2.033863521822363,-0.2547760009765625,-0.030609130859375,-0.4448089599609375,58.01849365234375,-101.57928466796875,46.8597412109375,-1.3471929231994855,-0.5343367447935581,3.1170806553368426,4.696115424871206,1453083347939254807,0.020111084
-0.34788508967309717,0.9300848848198697,-1.0697177705828904,-10.869308513842528,6.620162307562943,1.7664340791766404,-0.4387969970703125,-0.337249755859375,-0.1722259521484375,58.1390380859375,-101.93939208984375,46.73919677734375,0.01764931566983463,-1.9910796064098508,4.253092230353849,1.4595814596274093,1453083347959426926,0.020172119
2.8916992524802723,-0.6179316038628544,-1.9497805641225625,-10.14638370072246,6.465679406597229,1.278988938146,-0.3618316650390625,-0.6127471923828125,0.07958984375,58.25958251953125,-102.11944580078125,46.61865234375,0.35266682401166277,-1.270264043645782,0.6264452617543107,3.5419497853692934,1453083347979538010,0.020111084
3.203873556743625,1.513425140715273,-0.7704450102571901,-8.405518454204563,6.749880523347227,0.5423261137728151,-0.22210693359375,0.2636566162109375,0.07684326171875,58.1390380859375,-102.65960693359375,46.55914306640625,0.02061524145755511,-2.6776490831686193,-3.4412185116434095,3.6261338830744094,1453083348019882249,0.020233155
1.3226691578949001,3.4446756594472188,1.582179148044248,-8.074851164730838,7.611049438209031,0.937870900783877,-0.3612213134765625,0.5351715087890625,3.35693359375E-4,58.19854736328125,-103.37982177734375,46.19903564453125,-1.9960764283638701,-2.5778193261338034,-1.5872531865234434,4.014789528299156,1453083348039993333,0.020111084
0.12493220131591976,2.5279451174015257,2.4133385332791484,-8.043618114401857,8.243035717559412,1.541205534103664,-0.3671722412109375,0.628631591796875,0.115325927734375,58.37860107421875,-104.1595458984375,46.258544921875,-3.663694898396778,-0.5997010126987976,1.5284745845169794,3.497187076455848,1453083348060165452,0.020172119
0.8043891204277358,-0.5283885349850301,-0.9234917710329311,-7.842520834294923,8.110938583813155,1.3103325913454311,-0.2812042236328125,0.2406005859375,0.2967376708984375,58.73870849609375,-105.47943115234375,46.4996337890625,-2.632283534857554,1.0922727436252455,2.026904256521392,1.3338190852329532,1453083348080276536,0.020111084
1.2436333666546888,-1.2238338748630238,-0.3540277918263448,-7.531612492631251,7.804980115097399,1.2218256433888448,-0.6915283203125,0.132171630859375,0.34515380859375,59.15985107421875,-106.31866455078125,46.73919677734375,0.18685714300826167,-0.8149109789697138,-1.039268005030557,1.780373270217388,1453083348100418137,0.020141601
1.3126679237925014,-1.6835104592654195,0.2087455399764242,-7.203445511683126,7.3841025002810445,1.2740120283829508,-0.9434967041015625,0.1304931640625,0.3260650634765625,59.33990478515625,-107.03887939453125,46.8597412109375,0.032764349268982224,-0.15958777286314063,-1.7729034881928136,2.1449660242227213,1453083348120590257,0.02017212
1.6426026007527508,-2.060834246318585,0.01481137338738936,-6.792794861494938,6.868893938701397,1.2777148717297981,-0.73321533203125,-0.0501708984375,0.2803955078125,59.51995849609375,-108.11920166015625,46.91925048828125,-0.009977419942330881,0.5233409625490617,-2.0801188350581135,2.635412770626418,1453083348140701341,0.020111084
1.0424619535442607,-2.371199542643895,-0.29010568196957065,-6.131634316825511,5.7184438053392075,1.1435450130242582,-0.4374237060546875,-0.1935577392578125,0.1421966552734375,59.5794677734375,-108.7799072265625,46.7987060546875,0.0761453048827642,0.4489947323133063,-2.595767137592771,2.606429646534309,1453083348181015061,0.020172119
0.2549046214291586,-2.3803092434901156,-0.010026440106906565,-6.067908161468221,5.123366494466678,1.1410384029975316,-0.147735595703125,-0.211883544921875,0.1209716796875,59.51995849609375,-108.9599609375,46.91925048828125,0.8495651271508069,0.5710906073075827,-2.3969919164855136,2.393940055676342,1453083348201095628,0.020080567
-0.17702112707542295,-2.0258050119795925,0.45810433619572466,-6.112163443237077,4.61691524147178,1.2555644870464628,-0.1585693359375,-0.2039337158203125,0.111358642578125,59.33990478515625,-109.19952392578125,46.61865234375,1.2098282230569655,1.1527003154515267,-1.714219034635996,2.084486029896582,1453083348221298264,0.020202636
-0.22871406962908836,-1.5077045564586742,0.5713052463003296,-6.169341960644349,4.239989102357112,1.3983907986215454,-0.1561279296875,-0.0720062255859375,0.126312255859375,59.15985107421875,-109.67864990234375,45.53985595703125,0.9552386010194618,1.5651263791512113,-0.9914538930729129,1.6284571961408218,1453083348241409348,0.020111084
-0.1265015291407705,-1.0817251686044393,0.8255378493840138,-6.200967342929542,3.969557810206002,1.6047752609675487,-0.0672607421875,0.019775390625,0.0907440185546875,58.8592529296875,-109.85870361328125,44.93865966796875,0.5836001333783566,1.4176070976724064,-0.5492485000731377,1.366617985405153,1453083348261550950,0.020141602
-0.14905278581261694,-0.2623894122273014,0.900664654507211,-6.238230539382696,3.9039604571491764,1.8299414245943515,0.04742431640625,0.01123046875,0.049041748046875,58.61968994140625,-109.73968505859375,44.51904296875,0.11578116467748356,1.3304826039332496,-0.28992342207033583,0.9498746004005394,1453083348281692551,0.020141601
-0.8600625411500928,-0.0031732485318407555,0.8200800634495189,-6.45324617467022,3.9031671450162158,2.034961440456731,0.1743316650390625,0.1205596923828125,-0.040130615234375,58.43963623046875,-109.19952392578125,44.158935546875,-0.36000747337076977,0.8547990547625094,0.20487770735495742,1.1883808121402697,1453083348301864671,0.02017212
-1.4478399286798087,0.7805179490646221,0.6758839554514422,-7.206640051788941,4.06703148941194,2.514149003532933,0.14959716796875,0.3351287841796875,-0.183685302734375,58.19854736328125,-109.0789794921875,43.6187744140625,-0.06794146852208072,0.7459959489098384,0.922563361691987,1.778276651460139,1453083348342147874,0.020141602
-1.1515702827875973,2.0065066444079473,-0.384842152045096,-7.49453262248584,4.568658150513928,2.4179384655216585,0.1338653564453125,0.1724853515625,-0.2172698974609375,58.1390380859375,-108.65936279296875,43.07861328125,-0.09085101144789187,0.14558984212068565,1.7699767292826234,2.345268963731761,1453083348362289475,0.020141601
-1.0744056402925777,2.5853078545888586,-0.0896364169485766,-7.763134032558985,5.214985114161141,2.395529361284514,0.114013671875,-0.1268310546875,-0.2945556640625,57.8399658203125,-108.29925537109375,42.65899658203125,-0.2222468758836123,-1.4207618730206555,1.8526543654314676,2.801106722375056,1453083348382400559,0.020111084
-2.3258453130153125,0.4018766547648376,1.816706393784889,-8.344595360812813,5.31545427785235,2.849705959730736,0.23602294921875,-0.06268310546875,-0.2827911376953125,57.71942138671875,-107.818603515625,41.8792724609375,-0.7484097563339163,-1.5087213049920163,2.23826747193045,2.978503548250223,1453083348402542161,0.020141602
-2.4215527152560004,-1.1151441840006306,0.36606042752791135,-8.949983539626812,5.036668231852193,2.9412210666127137,0.42462158203125,0.28106689453125,-0.3285980224609375,57.4798583984375,-107.3394775390625,41.75872802734375,-0.05417820257161421,1.4604117184616832,2.5953312770538615,2.690996904583143,1453083348422714280,0.020172119
-2.5220444182985506,-0.0010264800130048712,0.6125260763973293,-9.58049464420145,5.036411611848942,3.0943525857120457,0.150665283203125,-0.3882598876953125,-0.4776458740234375,57.4188232421875,-107.03887939453125,41.5191650390625,1.615888504460178,1.4346484795320342,1.6037929853013357,2.5953607255637507,1453083348442825364,0.020111084
-2.382308386201341,2.0311612378645965,1.3485657829928637,-10.176071740751784,5.544201921315091,3.4314940314602613,-0.537750244140625,-0.6439056396484375,-0.3298187255859375,57.53936767578125,-107.159423828125,41.5191650390625,0.8451534153129923,0.815882234699651,2.3142923903965102,3.398288732924188,1453083348483108567,0.020111084
3.7110111093936418,1.0612395789520912,-2.259452078572068,-8.865994629901454,6.454309127102596,2.4668342807205055,0.1802825927734375,-0.707427978515625,-0.18017578125,57.8399658203125,-106.79931640625,41.81976318359375,-1.1896838679361956,-3.166852206109703,-0.32259243552057965,4.472466499968567,1453083348503250169,0.020141602
2.186838672671163,0.27758053034917296,-1.7960748464514045,-8.319284961733663,6.5237042596898895,2.0178155691076545,0.3259735107421875,-0.751861572265625,-0.223236083984375,57.7789306640625,-106.85882568359375,41.75872802734375,-1.3115477918036935,-3.2197282798174367,-2.8135652022123665,2.843448467121312,1453083348523361253,0.020111084
-0.3590861907693199,1.336163545373088,-1.8972358537236238,-8.409056509425993,6.857745146033162,1.5435066056767488,0.337127685546875,-0.20928955078125,-0.3144073486328125,58.1390380859375,-106.9793701171875,42.059326171875,-0.32669301326384237,-2.126806276828575,-1.8588077315829379,2.3481439046701564,1453083348543533372,0.020172119
-1.3860482494904556,1.8719581800484697,-1.112930284541399,-8.755568571798607,7.32573469104528,1.265274034541399,0.4032440185546875,0.1101837158203125,-0.25714111328125,58.4991455078125,-106.67877197265625,42.17987060546875,0.6442519382252814,-2.0942241599143454,0.8443597588528683,2.5814668303147603,1453083348563674973,0.020141601
-0.4398078378736141,0.33753236435127576,-0.36391600497686927,-8.865520531267011,7.410117782133099,1.1742950332971818,0.4003448486328125,0.017486572265625,-0.2061309814453125,58.73870849609375,-106.6192626953125,41.8792724609375,0.4319835885481085,-1.3962135451377615,2.1278974556904005,0.6631695785528392,1453083348583877610,0.020202637
0.7306610539198584,-0.9828549678939797,0.4362841882060047,-8.682855267787046,7.164404040159605,1.2833660803486828,0.45654296875,0.0408477783203125,-0.1693267822265625,58.91876220703125,-106.2591552734375,41.8792724609375,0.2848737154930915,-0.3068415504188069,0.5142851144533266,1.3000820576054908,1453083348603988694,0.020111084
0.6457837259483874,-1.176799111033934,0.5136513740023037,-8.52140933629995,6.8702042624011215,1.4117789238492588,0.689422607421875,0.05718994140625,-0.2062835693359375,59.09881591796875,-106.0791015625,41.75872802734375,-0.13253134286182233,0.6254186232348309,-1.1320337861181127,1.4372649381531901,1453083348624130296,0.020141602
1.4605989478882186,-1.6315986966867184,-0.6456210307947758,-7.995038034802281,6.121421084382031,1.1784274272791508,0.91741943359375,-0.1541595458984375,-0.02960205078125,59.15985107421875,-105.95855712890625,41.39862060546875,-0.026172333050143437,0.840693021894142,-1.1654529963696376,2.283044044473623,1453083348664413499,0.020172119
2.1868629473730756,-1.590508449536875,-0.8285207504170707,-7.448322297959013,5.723793971997813,0.9712972396748832,0.845184326171875,-0.0724639892578125,0.050262451171875,59.51995849609375,-105.77850341796875,41.5191650390625,0.5644935954226458,-0.02096033651694884,-2.2120573689024776,2.8281678366944765,1453083348684524583,0.020111084
2.2261383071172105,-1.3614204315044995,-1.0236564440836566,-6.8917877211797105,5.383438864121687,0.7153831286539691,0.6694183349609375,7.62939453125E-5,0.0661468505859375,59.45892333984375,-105.29937744140625,41.339111328125,0.31275068648305326,-0.45333385814880367,-2.7740238244807065,2.8030393984470807,1453083348704666184,0.020141601
1.6402124035062684,-0.7885992358285989,-0.9529217372981753,-6.481734620303143,5.186289055164536,0.4771526943294253,0.5594635009765625,0.21783447265625,0.0624847412109375,59.9395751953125,-104.75921630859375,42.059326171875,0.3248521462827709,-0.7982932927344221,-2.6672512510416957,2.0543235676934226,1453083348724807786,0.020141602
0.7493769540550144,0.007536138680871218,-0.10670994843229026,-6.294390381789389,5.188173089834754,0.45047520722135276,0.272064208984375,0.3760528564453125,0.08355712890625,60.2996826171875,-104.638671875,42.65899658203125,0.27213209513253556,-0.9027803472244831,-1.8251511376457648,0.756973992782718,1453083348744979905,0.020172119
0.31810507886901185,0.2749742234446968,0.6008991310979178,-6.214864112072137,5.256916645695928,0.6006999899958322,-0.0644989013671875,0.4528656005859375,0.15411376953125,60.71929931640625,-104.8797607421875,43.3197021484375,-0.31519294164202233,-0.372859844030258,-0.5784795800559217,0.733404002249447,1453083348765121507,0.020141602
-0.6850064995238334,-1.3194339774641444,0.8376833540589175,-6.435675263171479,4.739661028245394,1.0554440873473325,-0.19903564453125,0.1456146240234375,0.1852569580078125,61.25946044921875,-104.93927001953125,43.91937255859375,-0.7006594878300667,0.2156882344308565,-0.02088952881348314,1.706415344206722,1453083348805404710,0.020141602
-1.0371043207128166,-1.1168020647838155,0.3992726598096341,-6.6949513433496834,4.4604605120494405,1.1552622522997409,-0.10955810546875,0.14178466796875,0.15960693359375,61.6790771484375,-104.69970703125,44.99969482421875,0.5818560441853827,1.599714401713871,-0.11920856172694402,1.5755160680926255,1453083348825546311,0.020141601
-0.9770711518827531,-0.8857878432333024,0.4208829715977074,-6.939219131320372,4.239013551241115,1.2604829951991676,-0.0664825439453125,0.095062255859375,0.1396026611328125,61.79962158203125,-104.69970703125,45.7794189453125,0.8905747434194484,1.2650027117549607,0.298153306978387,1.3843520559605897,1453083348845626878,0.020080567
-0.7012614136937021,0.09536142463210773,0.2113157522781659,-7.114534484743798,4.262853907399142,1.313311933268709,-0.044189453125,0.1191864013671875,0.1415863037109375,62.33978271484375,-105.29937744140625,47.5189208984375,0.6922973361910683,1.1182253730625127,0.4321190545094136,0.7385903592685474,1453083348865829514,0.020202636
-1.2185530762674617,1.0621289834556862,-0.18603773020871728,-7.419172753810663,4.528386153263064,1.2668025007165298,-0.0222015380859375,0.171875,0.0942535400390625,62.51983642578125,-105.5999755859375,48.29864501953125,0.13348384436451521,0.2669437157367666,0.6756025788706188,1.627144619951993,1453083348886001634,0.02017212
-1.8525402149202197,1.7111167609832991,0.4024759681767762,-7.882307807540718,4.956165343508888,1.3674214927607238,-0.0144195556640625,0.317413330078125,0.0345306396484375,62.51983642578125,-105.83953857421875,48.89984130859375,0.07694640522183326,-0.48912477765163653,1.549979333428885,2.553784000767188,1453083348906112717,0.020111083
-2.1557722219239412,-0.4353369331269388,1.146183252445637,-8.995625483154184,4.839008197775376,1.6885182856403005,-0.423370361328125,0.0324554443359375,0.0296478271484375,62.51983642578125,-105.83953857421875,49.25994873046875,0.963503475575924,0.7108940790843257,1.9659598719579934,2.4800419686670856,1453083348946395921,0.020141602
-1.9744224650391544,0.1312592620921995,1.7027498246127597,-9.48923109941397,4.8718230132984255,2.1142057417934903,-0.6707611083984375,-0.0466461181640625,-0.0114288330078125,62.21923828125,-105.5999755859375,49.6185302734375,0.41547423838616027,1.5909698241497097,1.8565569608256474,2.61054209495941,1453083348966537522,0.020141601
-1.909750374375074,2.06999764404876,1.0042286682839578,-9.966668693007739,5.389322424310615,2.3652629088644797,-0.462158203125,0.0994873046875,-0.2044525146484375,62.33978271484375,-105.95855712890625,49.6185302734375,-0.3398005747830267,1.4951727125981211,2.1128001995912697,2.9900688883362743,1453083348986648606,0.020111084
-2.46482422528131,2.4188277050827587,-0.9979354247478338,-10.582874749328065,5.994029350581304,2.1157790526775213,-0.277679443359375,-0.028472900390625,-0.3594512939453125,62.27874755859375,-106.2591552734375,49.859619140625,-0.9705250799536335,-0.28813015803457165,2.813462906458255,3.594712928785298,1453083349006820725,0.020172119
0.7310703072749529,0.2974156796912073,-1.277864941360767,-10.400107172509328,6.068383270504105,1.7963128173373295,-0.3943634033203125,-0.166229248046875,-0.25592041015625,62.33978271484375,-106.55975341796875,49.9786376953125,0.3947134057539887,-1.7476759716557355,3.1163747760157565,1.5019516267391015,1453083349026962327,0.020141602
3.3538259723824613,-1.013044018747034,-1.6779316015261136,-9.561650679413711,5.8151222658173465,1.3768299169558011,-0.3720703125,-0.3763580322265625,-0.1187744140625,62.21923828125,-106.67877197265625,49.859619140625,0.3532583787862327,-1.2996430118437787,-0.6648270799859632,3.8845670667844434,1453083349047073411,0.020111084
3.6344523794684687,-0.6218732032788772,-1.666808171845891,-8.653037584546594,5.659653964997627,0.9601278739943285,-0.076873779296875,-0.4562225341796875,0.036529541015625,62.21923828125,-106.73980712890625,49.73907470703125,0.21569634415277128,-1.5127459267279235,-3.57140542355384,4.046507118653393,1453083349067215012,0.020141601
2.079644423106025,1.6531728240956483,-1.322911869507963,-8.133126478770087,6.072947171021539,0.6293999066173379,0.2157135009765625,0.06268310546875,0.0945587158203125,62.3992919921875,-107.159423828125,49.73907470703125,-0.1635666978860033,-1.9863176426103453,-3.5216483467569146,2.9678270042860357,1453083349087387132,0.02017212
-0.607604229368393,3.5444563886712146,3.220938942577404,-8.22993544348317,7.842674348633473,1.6141593240241585,-0.16070556640625,0.7259063720703125,0.1330413818359375,62.63885498046875,-107.9986572265625,49.859619140625,-2.6356082626951802,-1.1508574181368387,2.187619398167083,4.827711845434666,1453083349127639817,0.020141601
0.17912657744278526,0.16804802109322114,0.2155084782806731,-8.185153799122473,7.884686353906779,1.668036443594327,-0.11016845703125,0.3994140625,0.3986053466796875,62.63885498046875,-108.4197998046875,49.859619140625,-3.1981915652846125,1.4585792489642455,3.3092173187659304,0.32675736005569206,1453083349147781419,0.020141602
1.2975981369542282,-0.6427466417191727,-1.1991508345629616,-7.860754264883916,7.723999693476985,1.3682487349535866,-0.161773681640625,-0.0982666015625,0.497406005859375,62.87994384765625,-108.7799072265625,49.6795654296875,-0.3167364506219185,0.07802059202018044,0.01900465494472013,1.8801188511637785,1453083349167892503,0.020111084
1.4812303650321326,-0.9037480946253389,-0.7219549449941192,-7.490446673625883,7.498062669820651,1.1877599987050567,-0.6620635986328125,-0.2257843017578125,0.435089111328125,62.99896240234375,-109.49859619140625,49.55902099609375,0.07468495074307241,-1.1131862769701144,-1.5133028497003198,1.8793677009658372,1453083349188095139,0.020202636
1.5113636865569564,-1.5853764053877715,-0.23874559662029537,-7.112605751986644,7.101718568473709,1.1280735995499829,-0.8964691162109375,-0.2231903076171875,0.4028778076171875,63.05999755859375,-109.979248046875,49.55902099609375,-0.11750645926792619,-0.658924278857252,-1.7561416995355354,2.2033243065215946,1453083349208236741,0.020141602
1.4866544258080658,-2.109621925091467,0.01862266332876361,-6.740942145534628,6.574313087200842,1.1327292653821739,-0.848968505859375,-0.22332763671875,0.3631744384765625,63.1195068359375,-110.63995361328125,49.798583984375,0.044484755652376556,0.03141598349197497,-2.2026511598311096,2.5808899341488383,1453083349228347825,0.020111084
1.1969895562714523,-2.6161033017919237,0.17857000566301084,-6.441694756466765,5.920287261752861,1.1773717667979267,-0.5947113037109375,-0.292510986328125,0.312469482421875,63.17901611328125,-111.1785888671875,49.6185302734375,0.2594831542803702,0.5090261186343574,-2.5168539415219007,2.882475972214169,1453083349248519944,0.020172119
0.14488923398247877,-2.3062055272093307,0.5775294325305771,-6.243842481052791,4.690345541857768,1.4663395860241104,-0.153076171875,-0.249603271484375,0.1754913330078125,63.05999755859375,-111.419677734375,49.6185302734375,0.685769982541965,1.0281861909071814,-2.6040776730815476,2.3818306130566858,1453083349288772630,0.020141602
-0.5713078510952672,-1.6851255545799644,0.04759483508696172,-6.386669443826608,4.269064153212777,1.4782382947958508,0.036895751953125,-0.17340087890625,0.1318206787109375,62.87994384765625,-111.5997314453125,49.6185302734375,0.9241592702066812,1.7163713679170425,-1.368618753448454,1.779973613216915,1453083349308914231,0.020141601
-0.5039456949387136,-1.1777269085077213,0.5099386610383194,-6.5126558675612864,3.9746324260858463,1.6057229600554306,0.069732666015625,-0.0301513671875,0.1400604248046875,62.51983642578125,-111.8988037109375,49.37896728515625,1.242134024871608,1.1950383530222561,-0.4441759306348757,1.3787818436910066,1453083349329086350,0.020172119
0.4161549674865288,-0.49234021821242724,0.7008342296119054,-6.408617125689654,3.8515473715327397,1.780931517458407,0.0465087890625,0.13934326171875,0.12738037109375,62.33978271484375,-112.2589111328125,49.25994873046875,0.5953215465238548,1.2414082606640522,-0.0744130070001018,0.9522355091199274,1453083349349197434,0.020111084
0.48989418883297287,-0.05122080738244161,0.5443954110332743,-6.28614357848141,3.838742169687129,1.9170303702167257,0.1347808837890625,0.1570587158203125,0.07745361328125,61.61956787109375,-112.139892578125,48.47869873046875,-0.386496112316808,0.7558727476279187,-0.4313112020977,0.734156829918045,1453083349369369553,0.020172119
-0.2828649223711217,-0.02565682168720329,0.5532409382016197,-6.356859809074191,3.8323279642653283,2.0553406047671303,0.1294403076171875,0.1663818359375,-0.040740966796875,61.3189697265625,-112.139892578125,47.81951904296875,-0.5748389430416398,0.35000264413900556,-0.29333347818968514,0.6218893571281936,1453083349389480637,0.020111084
-1.197776312896897,0.17664251140023746,1.2121240005612957,-6.6563038872984155,3.8764885921153875,2.3583716049074543,0.0239105224609375,0.3736114501953125,-0.1363372802734375,60.71929931640625,-111.83929443359375,47.5799560546875,-0.1782965060937425,0.46828099342487634,0.368333583385239,1.713217810235286,1453083349409622239,0.020141602
-1.3980905121290146,2.276732847921152,-0.3750902490157708,-7.341335147050673,4.768616273172598,2.432127602531396,-6.103515625E-5,-0.0698699951171875,-0.297607421875,60.479736328125,-111.419677734375,46.91925048828125,-0.19699885962494224,0.9234090878541705,1.4295532435266742,2.697936662676691,1453083349449905442,0.020141601
-1.6075715307969611,2.7153437978681714,0.25793561328738335,-7.743228029749914,5.447452222639641,2.4966115058532417,0.088043212890625,-0.169891357421875,-0.300811767578125,60.17913818359375,-111.29913330078125,46.37908935546875,-0.26129282563410805,-1.5044992957437564,2.2242010666615455,3.166055739852343,1453083349470077561,0.020172119
-2.231699314481318,0.6150362687632871,1.8832283734424067,-8.301152858370244,5.601211289830463,2.9674185992138433,0.1517333984375,0.0749053955078125,-0.30462646484375,60.05859375,-111.0595703125,46.0784912109375,-0.7349724695097981,-1.1719741471752854,2.8478414103500174,2.9841750197817127,1453083349490158128,0.020080567
-2.1165240023663046,-0.9178220592081203,0.5264923667226755,-8.83028385896182,5.371755775028433,3.099041690894512,-0.0226593017578125,-0.317413330078125,-0.46038818359375,59.698486328125,-111.11907958984375,45.47882080078125,-0.1409948807021021,1.386797787760417,2.6386006349286895,2.366276694974398,1453083349510360764,0.020202636
-2.8408144167367944,-0.017375323147746258,0.8518945769718904,-9.540487463146018,5.367411944241496,3.3120153351374846,-0.4409332275390625,-0.5391387939453125,-0.525604248046875,59.9395751953125,-111.1785888671875,45.4193115234375,1.3532398000735895,1.3166508096180025,1.4263371260401676,2.9658477409449424,1453083349530502366,0.020141602
-1.8160963576081848,1.7089390969505533,0.9992890990775125,-9.994511552548065,5.794646718479134,3.5618376099068625,-0.5252227783203125,-0.4171295166015625,-0.3951873779296875,59.8785400390625,-111.0595703125,45.47882080078125,0.9749290649448097,1.0209392716456716,2.608342231397229,2.6864953974907597,1453083349550613450,0.020111084
1.4079749646947022,0.2673269790796047,-2.0746883750278924,-8.836893277419824,6.405936570725083,2.69961208108258,0.111724853515625,-0.5815887451171875,-0.1697845458984375,60.11962890625,-110.93902587890625,45.53985595703125,-0.5843666618749274,-0.19479797908659657,2.614924031899452,3.84191225857279,1453083349590896653,0.020141602
1.9970170633421098,-0.5068537487675666,-2.206271696116064,-8.337639011584297,6.279223133533192,2.148044157053564,0.190826416015625,-0.24456787109375,-0.293487548828125,60.11962890625,-110.699462890625,45.53985595703125,-0.8120512455175777,-2.41134053615411,-2.878592944236065,3.018710431790723,1453083349611038255,0.020141602
-0.5128599821388118,0.3956400478609474,-2.2943020248616013,-8.465854007119,6.378133145498428,1.5744686508381638,0.2789306640625,-0.025726318359375,-0.2809600830078125,60.2996826171875,-110.33935546875,45.17974853515625,0.4557894921576304,-1.8941641043498294,-2.3058642608092486,2.3839836807400503,1453083349631179856,0.020141601
-1.459299216179799,0.8802571554762579,-1.5674484558267812,-8.830678811163951,6.598197434367492,1.1826065368814687,0.341094970703125,-0.10467529296875,-0.2470550537109375,60.35919189453125,-110.03875732421875,44.879150390625,1.518071416805486,-1.8129224225939746,0.303562003859033,2.31544844982217,1453083349651321458,0.020141602
-0.40364542763133926,0.4524845329747569,-0.532279077161425,-8.931590168071786,6.711318567611181,1.0495367675911125,0.466766357421875,0.0228271484375,-0.17926025390625,60.479736328125,-109.01947021484375,43.91937255859375,1.2972246888817371,-1.1709262825245326,1.5190261466325383,0.8068413101799441,1453083349671463059,0.020141601
0.815108560238679,-0.10797086971394432,-0.049675800791640023,-8.727813028012116,6.684325850182694,1.0371178173932025,0.802886962890625,0.0303192138671875,-0.177734375,60.2386474609375,-108.4197998046875,43.438720703125,0.31272102316460315,-0.5092147312357393,0.5421243347589403,0.8237277213166061,1453083349691635178,0.020172119
1.0693964185034428,-0.267272691864906,0.37181941796043794,-8.460463923386255,6.6175076772164685,1.130072671883312,1.024932861328125,-0.10589599609375,-0.19818115234375,60.418701171875,-107.818603515625,43.1396484375,-0.31393669427158677,-0.2641223280018976,-0.714290214739253,1.1633112529745178,1453083349711746262,0.020111084
1.048852095740255,-0.5516843644294251,0.44581979218085044,-7.857114513506266,6.245064532559165,1.1493134045365698,1.143585205078125,-0.1605682373046875,-0.0822906494140625,60.418701171875,-107.3394775390625,42.779541015625,-0.6501016634596101,0.06421904369255246,-0.9625678599387724,1.6964814832456203,1453083349752029466,0.020111084
1.6075299897112636,-1.1208807276098325,-1.020585977535506,-7.455232016078451,5.9648443506567075,0.8941669101526935,0.99774169921875,-0.096893310546875,-0.0137176513671875,60.53924560546875,-106.9793701171875,42.779541015625,0.026640184631068237,-0.210508075725019,-1.6831596513760294,2.20955244583385,1453083349772171067,0.020141601
1.5951792652065109,-0.8660771406816155,-1.260572785934655,-7.056437199776823,5.748325065486303,0.5790237136690298,0.6016082763671875,0.101470947265625,0.0701141357421875,60.6597900390625,-106.49871826171875,43.1396484375,0.4452941475440938,-0.7166576570764981,-2.0421155395170145,2.209916344659925,1453083349792312669,0.020141602
1.219673685602709,-0.5397245055140418,-1.275499244372724,-6.751518778376147,5.613393939107792,0.26014890257584894,0.1408843994140625,0.3734588623046875,0.1047821044921875,60.89935302734375,-106.0791015625,44.09942626953125,0.5038505207578468,-1.0814596803729453,-1.8601909545851116,1.845482257730879,1453083349812393235,0.020080566
0.6723209797321665,-0.2642869286299838,-0.4882338681544292,-6.583438533443104,5.547322206950296,0.1380904355372417,-0.2920379638671875,0.595184326171875,0.198699951171875,62.15972900390625,-105.8990478515625,44.99969482421875,0.5496992451127067,-1.1665771592829137,-1.3201262339147348,0.8719147839357508,1453083349832595872,0.020202637
0.7331204556607336,0.14558950006476223,0.5406995265702067,-6.400158419527921,5.583719581966488,0.2732653171797933,-0.4345245361328125,0.5301361083984375,0.2620697021484375,62.63885498046875,-105.95855712890625,46.01898193359375,0.1399005068419454,-0.5114256483754756,-0.6921756301629829,0.922506305165745,1453083349852706956,0.020111084
0.18832741921608687,-0.21278865385443968,1.3437412618811655,-6.353076564723899,5.530522418502877,0.6092006326500845,-0.259521484375,0.402923583984375,0.2539825439453125,62.99896240234375,-105.8990478515625,46.91925048828125,-0.8078050064606712,0.07525774053405326,-0.4390959308315609,1.3734579742095363,1453083349872879075,0.020172119
-0.7107516388458803,-1.313838547060592,0.5766887435414461,-6.763365852009233,4.939845627138717,1.087923072864804,-0.0028076171875,0.1147613525390625,0.2216033935546875,63.53912353515625,-106.2591552734375,47.93853759765625,0.24071821500329393,1.8265035670441956,0.044875882172486864,1.710086561627172,1453083349913192796,0.020141602
-0.9304055102954543,-1.313838547060592,0.5766887435414461,-6.763365852009233,4.939845627138717,1.087923072864804,-0.03350830078125,0.0385589599609375,0.19915771484375,63.53912353515625,-106.2591552734375,47.93853759765625,0.9185889510518341,1.4415267197219044,0.050902804155404394,1.710086561627172,1453083349913192796,0.020141602
-0.9304055102954543,-1.313838547060592,0.5766887435414461,-6.763365852009233,4.939845627138717,1.087923072864804,-0.03350830078125,0.0385589599609375,0.19915771484375,63.53912353515625,-106.2591552734375,47.93853759765625,0.9185889510518341,1.4415267197219044,0.050902804155404394,1.710086561627172,1453083349913192796,0.020141602
-0.9304055102954543,-1.313838547060592,0.5766887435414461,-6.763365852009233,4.939845627138717,1.087923072864804,-0.03350830078125,0.0385589599609375,0.19915771484375,63.53912353515625,-106.2591552734375,47.93853759765625,0.9185889510518341,1.4415267197219044,0.050902804155404394,1.710086561627172,1453083349913192796,0.020141602
-0.9304055102954543,-1.313838547060592,0.5766887435414461,-6.763365852009233,4.939845627138717,1.087923072864804,-0.03350830078125,0.0385589599609375,0.19915771484375,63.53912353515625,-106.2591552734375,47.93853759765625,0.9185889510518341,1.4415267197219044,0.050902804155404394,1.710086561627172,1453083349913192796,0.020141602
-0.9304055102954543,-1.313838547060592,0.5766887435414461,-6.763365852009233,4.939845627138717,1.087923072864804,-0.03350830078125,0.0385589599609375,0.19915771484375,63.53912353515625,-106.2591552734375,47.93853759765625,0.9185889510518341,1.4415267197219044,0.050902804155404394,1.710086561627172,1453083349913192796,0.020141602
-0.9304055102954543,-1.313838547060592,0.5766887435414461,-6.763365852009233,4.939845627138717,1.087923072864804,-0.03350830078125,0.0385589599609375,0.19915771484375,63.53912353515625,-106.2591552734375,47.93853759765625,0.9185889510518341,1.4415267197219044,0.050902804155404394,1.710086561627172,1453083349913192796,0.020141602
-0.9304055102954543,-1.313838547060592,0.5766887435414461,-6.763365852009233,4.939845627138717,1.087923072864804,-0.03350830078125,0.0385589599609375,0.19915771484375,63.53912353515625,-106.2591552734375,47.93853759765625,0.9185889510518341,1.4415267197219044,0.050902804155404394,1.710086561627172,1453083349913192796,0.020141602
-0.9304055102954543,-1.313838547060592,0.5766887435414461,-6.763365852009233,4.939845627138717,1.087923072864804,-0.03350830078125,0.0385589599609375,0.19915771484375,63.53912353515625,-106.2591552734375,47.93853759765625,0.9185889510518341,1.4415267197219044,0.050902804155404394,1.710086561627172,1453083349913192796,0.020141602
-0.9304055102954543,-1.313838547060592,0.5766887435414461,-6.763365852009233,4.939845627138717,1.087923072864804,-0.03350830078125,0.0385589599609375,0.19915771484375,63.53912353515625,-106.2591552734375,47.93853759765625,0.9185889510518341,1.4415267197219044,0.050902804155404394,1.710086561627172,1453083349913192796,0.020141602
-0.9304055102954543,-1.313838547060592,0.5766887435414461,-6.763365852009233,4.939845627138717,1.087923072864804,-0.03350830078125,0.0385589599609375,0.19915771484375,63.53912353515625,-106.2591552734375,47.93853759765625,0.9185889510518341,1.4415267197219044,0.050902804155404394,1.710086561627172,1453083349913192796,0.020141602
-0.9304055102954543,-1.313838547060592,0.5766887435414461,-6.763365852009233,4.939845627138717,1.087923072864804,-0.03350830078125,0.0385589599609375,0.19915771484375,63.53912353515625,-106.2591552734375,47.93853759765625,0.9185889510518341,1.4415267197219044,0.050902804155404394,1.710086561627172,1453083349913192796,0.020141602
-0.9304055102954543,-1.313838547060592,0.5766887435414461,-6.763365852009233,4.939845627138717,1.087923072864804,-0.03350830078125,0.0385589599609375,0.19915771484375,63.53912353515625,-106.2591552734375,47.93853759765625,0.9185889510518341,1.4415267197219044,0.050902804155404394,1.710086561627172,1453083349913192796,0.020141602
-0.9304055102954543,-1.313838547060592,0.5766887435414461,-6.763365852009233,4.939845627138717,1.087923072864804,-0.03350830078125,0.0385589599609375,0.19915771484375,63.53912353515625,-106.2591552734375,47.93853759765625,0.9185889510518341,1.4415267197219044,0.050902804155404394,1.710086561627172,1453083349913192796,0.020141602
-0.9304055102954543,-1.313838547060592,0.5766887435414461,-6.763365852009233,4.939845627138717,1.087923072864804,-0.03350830078125,0.0385589599609375,0.19915771484375,63.53912353515625,-106.2591552734375,47.93853759765625,0.9185889510518341,1.4415267197219044,0.050902804155404394,1.710086561627172,1453083349913192796,0.020141602
-0.9304055102954543,-1.313838547060592,0.5766887435414461,-6.763365852009233,4.939845627138717,1.087923072864804,-0.03350830078125,0.0385589599609375,0.19915771484375,63.53912353515625,-106.2591552734375,47.93853759765625,0.9185889510518341,1.4415267197219044,0.050902804155404394,1.710086561627172,1453083349913192796,0.020141602
-0.9304055102954543,-1.313838547060592,0.5766887435414461,-6.763365852009233,4.939845627138717,1.087923072864804,-0.03350830078125,0.0385589599609375,0.19915771484375,63.53912353515625,-106.2591552734375,47.93853759765625,0.9185889510518341,1.4415267197219044,0.050902804155404394,1.710086561627172,1453083349913192796,0.020141602
-0.9304055102954543,-1.313838547060592,0.5766887435414461,-6.763365852009233,4.939845627138717,1.087923072864804,-0.03350830078125,0.0385589599609375,0.19915771484375,63.53912353515625,-106.2591552734375,47.93853759765625,0.9185889510518341,1.4415267197219044,0.050902804155404394,1.710086561627172,1453083349913192796,0.020141602
-0.9304055102954543,-1.313838547060592,0.5766887435414461,-6.763365852009233,4.939845627138717,1.087923072864804,-0.03350830078125,0.0385589599609375,0.19915771484375,63.53912353515625,-106.2591552734375,47.93853759765625,0.9185889510518341,1.4415267197219044,0.050902804155404394,1.710086561627172,1453083349913192796,0.020141602
-0.9304055102954543,-1.313838547060592,0.5766887435414461,-6.763365852009233,4.939845627138717,1.087923072864804,-0.03350830078125,0.0385589599609375,0.19915771484375,63.53912353515625,-106.2591552734375,47.93853759765625,0.9185889510518341,1.4415267197219044,0.050902804155404394,1.710086561627172,1453083349913192796,0.020141602
-0.9304055102954543,-1.313838547060592,0.5766887435414461,-6.763365852009233,4.939845627138717,1.087923072864804,-0.03350830078125,0.0385589599609375,0.19915771484375,63.53912353515625,-106.2591552734375,47.93853759765625,0.9185889510518341,1.4415267197219044,0.050902804155404394,1.710086561627172,1453083349913192796,0.020141602
-0.9304055102954543,-1.313838547060592,0.5766887435414461,-6.763365852009233,4.939845627138717,1.087923072864804,-0.03350830078125,0.0385589599609375,0.19915771484375,63.53912353515625,-106.2591552734375,47.93853759765625,0.9185889510518341,1.4415267197219044,0.050902804155404394,1.710086561627172,1453083349913192796,0.020141602
-0.9304055102954543,-1.313838547060592,0.5766887435414461,-6.763365852009233,4.939845627138717,1.087923072864804,-0.03350830078125,0.0385589599609375,0.19915771484375,63.53912353515625,-106.2591552734375,47.93853759765625,0.9185889510518341,1.4415267197219044,0.050902804155404394,1.710086561627172,1453083349913192796,0.020141602
-0.9304055102954543,-1.313838547060592,0.5766887435414461,-6.763365852009233,4.939845627138717,1.087923072864804,-0.03350830078125,0.0385589599609375,0.19915771484375,63.53912353515625,-106.2591552734375,47.93853759765625,0.9185889510518341,1.4415267197219044,0.050902804155404394,1.710086561627172,1453083349913192796,0.020141602
-0.9304055102954543,-1.313838547060592,0.5766887435414461,-6.763365852009233,4.939845627138717,1.087923072864804,-0.03350830078125,0.0385589599609375,0.19915771484375,63.53912353515625,-106.2591552734375,47.93853759765625,0.9185889510518341,1.4415267197219044,0.050902804155404394,1.710086561627172,1453083349913192796,0.020141602
-0.9304055102954543,-1.313838547060592,0.5766887435414461,-6.763365852009233,4.939845627138717,1.087923072864804,-0.03350830078125,0.0385589599609375,0.19915771484375,63.53912353515625,-106.2591552734375,47.93853759765625,0.9185889510518341,1.4415267197219044,0.050902804155404394,1.710086561627172,1453083349913192796,0.020141602
-0.9304055102954543,-1.313838547060592,0.5766887435414461,-6.763365852009233,4.939845627138717,1.087923072864804,-0.03350830078125,0.0385589599609375,0.19915771484375,63.53912353515625,-106.2591552734375,47.93853759765625,0.9185889510518341,1.4415267197219044,0.050902804155404394,1.710086561627172,1453083349913192796,0.020141602
-0.9304055102954543,-1.313838547060592,0.5766887435414461,-6.763365852009233,4.939845627138717,1.087923072864804,-0.03350830078125,0.0385589599609375,0.19915771484375,63.53912353515625,-106.2591552734375,47.93853759765625,0.9185889510518341,1.4415267197219044,0.050902804155404394,1.710086561627172,1453083349913192796,0.020141602
-0.9304055102954543,-1.313838547060592,0.5766887435414461,-6.763365852009233,4.939845627138717,1.087923072864804,-0.03350830078125,0.0385589599609375,0.19915771484375,63.53912353515625,-106.2591552734375,47.93853759765625,0.9185889510518341,1.4415267197219044,0.050902804155404394,1.710086561627172,1453083349913192796,0.020141602
-0.9304055102954543,-1.313838547060592,0.5766887435414461,-6.763365852009233,4.939845627138717,1.087923072864804,-0.03350830078125,0.0385589599609375,0.19915771484375,63.53912353515625,-106.2591552734375,47.93853759765625,0.9185889510518341,1.4415267197219044,0.050902804155404394,1.710086561627172,1453083349913192796,0.020141602
-0.9304055102954543,-1.313838547060592,0.5766887435414461,-6.763365852009233,4.939845627138717,1.087923072864804,-0.03350830078125,0.0385589599609375,0.19915771484375,63.53912353515625,-106.2591552734375,47.93853759765625,0.9185889510518341,1.4415267197219044,0.050902804155404394,1.710086561627172,1453083349913192796,0.020141602
-0.9304055102954543,-1.313838547060592,0.5766887435414461,-6.763365852009233,4.939845627138717,1.087923072864804,-0.03350830078125,0.0385589599609375,0.19915771484375,63.53912353515625,-106.2591552734375,47.93853759765625,0.9185889510518341,1.4415267197219044,0.050902804155404394,1.710086561627172,1453083349913192796,0.020141602
-0.9304055102954543,-1.313838547060592,0.5766887435414461,-6.763365852009233,4.939845627138717,1.087923072864804,-0.03350830078125,0.0385589599609375,0.19915771484375,63.53912353515625,-106.2591552734375,47.93853759765625,0.9185889510518341,1.4415267197219044,0.050902804155404394,1.710086561627172,1453083349913192796,0.020141602
-0.9304055102954543,-1.313838547060592,0.5766887435414461,-6.763365852009233,4.939845627138717,1.087923072864804,-0.03350830078125,0.0385589599609375,0.19915771484375,63.53912353515625,-106.2591552734375,47.93853759765625,0.9185889510518341,1.4415267197219044,0.050902804155404394,1.710086561627172,1453083349913192796,0.020141602
-0.9304055102954543,-1.313838547060592,0.5766887435414461,-6.763365852009233,4.939845627138717,1.087923072864804,-0.03350830078125,0.0385589599609375,0.19915771484375,63.53912353515625,-106.2591552734375,47.93853759765625,0.9185889510518341,1.4415267197219044,0.050902804155404394,1.710086561627172,1453083349913192796,0.020141602
-0.9304055102954543,-1.313838547060592,0.5766887435414461,-6.763365852009233,4.939845627138717,1.087923072864804,-0.03350830078125,0.0385589599609375,0.19915771484375,63.53912353515625,-106.2591552734375,47.93853759765625,0.9185889510518341,1.4415267197219044,0.050902804155404394,1.710086561627172,1453083349913192796,0.020141602
-0.9304055102954543,-1.313838547060592,0.5766887435414461,-6.763365852009233,4.939845627138717,1.087923072864804,-0.03350830078125,0.0385589599609375,0.19915771484375,63.53912353515625,-106.2591552734375,47.93853759765625,0.9185889510518341,1.4415267197219044,0.050902804155404394,1.710086561627172,1453083349913192796,0.020141602
-0.9304055102954543,-1.313838547060592,0.5766887435414461,-6.763365852009233,4.939845627138717,1.087923072864804,-0.03350830078125,0.0385589599609375,0.19915771484375,63.53912353515625,-106.2591552734375,47.93853759765625,0.9185889510518341,1.4415267197219044,0.050902804155404394,1.710086561627172,1453083349913192796,0.020141602
-0.9304055102954543,-1.313838547060592,0.5766887435414461,-6.763365852009233,4.939845627138717,1.087923072864804,-0.03350830078125,0.0385589599609375,0.19915771484375,63.53912353515625,-106.2591552734375,47.93853759765625,0.9185889510518341,1.4415267197219044,0.050902804155404394,1.710086561627172,1453083349913192796,0.020141602
-0.9304055102954543,-1.313838547060592,0.5766887435414461,-6.763365852009233,4.939845627138717,1.087923072864804,-0.03350830078125,0.0385589599609375,0.19915771484375,63.53912353515625,-106.2591552734375,47.93853759765625,0.9185889510518341,1.4415267197219044,0.050902804155404394,1.710086561627172,1453083349913192796,0.020141602
-0.9304055102954543,-1.313838547060592,0.5766887435414461,-6.763365852009233,4.939845627138717,1.087923072864804,-0.03350830078125,0.0385589599609375,0.19915771484375,63.53912353515625,-106.2591552734375,47.93853759765625,0.9185889510518341,1.4415267197219044,0.050902804155404394,1.710086561627172,1453083349913192796,0.020141602
-0.9304055102954543,-1.313838547060592,0.5766887435414461,-6.763365852009233,4.939845627138717,1.087923072864804,-0.03350830078125,0.0385589599609375,0.19915771484375,63.53912353515625,-106.2591552734375,47.93853759765625,0.9185889510518341,1.4415267197219044,0.050902804155404394,1.710086561627172,1453083349913192796,0.020141602
-0.9304055102954543,-1.313838547060592,0.5766887435414461,-6.763365852009233,4.939845627138717,1.087923072864804,-0.03350830078125,0.0385589599609375,0.19915771484375,63.53912353515625,-106.2591552734375,47.93853759765625,0.9185889510518341,1.4415267197219044,0.050902804155404394,1.710086561627172,1453083349913192796,0.020141602
-0.9304055102954543,-1.313838547060592,0.5766887435414461,-6.763365852009233,4.939845627138717,1.087923072864804,-0.03350830078125,0.0385589599609375,0.19915771484375,63.53912353515625,-106.2591552734375,47.93853759765625,0.9185889510518341,1.4415267197219044,0.050902804155404394,1.710086561627172,1453083349913192796,0.020141602
-0.9304055102954543,-1.313838547060592,0.5766887435414461,-6.763365852009233,4.939845627138717,1.087923072864804,-0.03350830078125,0.0385589599609375,0.19915771484375,63.53912353515625,-106.2591552734375,47.93853759765625,0.9185889510518341,1.4415267197219044,0.050902804155404394,1.710086561627172,1453083349913192796,0.020141602
-0.9304055102954543,-1.313838547060592,0.5766887435414461,-6.763365852009233,4.939845627138717,1.087923072864804,-0.03350830078125,0.0385589599609375,0.19915771484375,63.53912353515625,-106.2591552734375,47.93853759765625,0.9185889510518341,1.4415267197219044,0.050902804155404394,1.710086561627172,1453083349913192796,0.020141602
-0.9304055102954543,-1.313838547060592,0.5766887435414461,-6.763365852009233,4.939845627138717,1.087923072864804,-0.03350830078125,0.0385589599609375,0.19915771484375,63.53912353515625,-106.2591552734375,47.93853759765625,0.9185889510518341,1.4415267197219044,0.050902804155404394,1.710086561627172,1453083349913192796,0.020141602
-0.9304055102954543,-1.313838547060592,0.5766887435414461,-6.763365852009233,4.939845627138717,1.087923072864804,-0.03350830078125,0.0385589599609375,0.19915771484375,63.53912353515625,-106.2591552734375,47.93853759765625,0.9185889510518341,1.4415267197219044,0.050902804155404394,1.710086561627172,1453083349913192796,0.020141602
-0.9304055102954543,-1.313838547060592,0.5766887435414461,-6.763365852009233,4.939845627138717,1.087923072864804,-0.03350830078125,0.0385589599609375,0.19915771484375,63.53912353515625,-106.2591552734375,47.93853759765625,0.9185889510518341,1.4415267197219044,0.050902804155404394,1.710086561627172,1453083349913192796,0.020141602
-0.9304055102954543,-1.313838547060592,0.5766887435414461,-6.763365852009233,4.939845627138717,1.087923072864804,-0.03350830078125,0.0385589599609375,0.19915771484375,63.53912353515625,-106.2591552734375,47.93853759765625,0.9185889510518341,1.4415267197219044,0.050902804155404394,1.710086561627172,1453083349913192796,0.020141602
-0.9304055102954543,-1.313838547060592,0.5766887435414461,-6.763365852009233,4.939845627138717,1.087923072864804,-0.03350830078125,0.0385589599609375,0.19915771484375,63.53912353515625,-106.2591552734375,47.93853759765625,0.9185889510518341,1.4415267197219044,0.050902804155404394,1.710086561627172,1453083349913192796,0.020141602
-0.9304055102954543,-1.313838547060592,0.5766887435414461,-6.763365852009233,4.939845627138717,1.087923072864804,-0.03350830078125,0.0385589599609375,0.19915771484375,63.53912353515625,-106.2591552734375,47.93853759765625,0.9185889510518341,1.4415267197219044,0.050902804155404394,1.710086561627172,1453083349913192796,0.020141602
-0.9304055102954543,-1.313838547060592,0.5766887435414461,-6.763365852009233,4.939845627138717,1.087923072864804,-0.03350830078125,0.0385589599609375,0.19915771484375,63.53912353515625,-106.2591552734375,47.93853759765625,0.9185889510518341,1.4415267197219044,0.050902804155404394,1.710086561627172,1453083349913192796,0.020141602
-0.9304055102954543,-1.313838547060592,0.5766887435414461,-6.763365852009233,4.939845627138717,1.087923072864804,-0.03350830078125,0.0385589599609375,0.19915771484375,63.53912353515625,-106.2591552734375,47.93853759765625,0.9185889510518341,1.4415267197219044,0.050902804155404394,1.710086561627172,1453083349913192796,0.020141602
-0.9304055102954543,-1.313838547060592,0.5766887435414461,-6.763365852009233,4.939845627138717,1.087923072864804,-0.03350830078125,0.0385589599609375,0.19915771484375,63.53912353515625,-106.2591552734375,47.93853759765625,0.9185889510518341,1.4415267197219044,0.050902804155404394,1.710086561627172,1453083349913192796,0.020141602
-0.9304055102954543,-1.313838547060592,0.5766887435414461,-6.763365852009233,4.939845627138717,1.087923072864804,-0.03350830078125,0.0385589599609375,0.19915771484375,63.53912353515625,-106.2591552734375,47.93853759765625,0.9185889510518341,1.4415267197219044,0.050902804155404394,1.710086561627172,1453083349913192796,0.020141602
-0.9304055102954543,-1.313838547060592,0.5766887435414461,-6.763365852009233,4.939845627138717,1.087923072864804,-0.03350830078125,0.0385589599609375,0.19915771484375,63.53912353515625,-106.2591552734375,47.93853759765625,0.9185889510518341,1.4415267197219044,0.050902804155404394,1.710086561627172,1453083349913192796,0.020141602
-0.9304055102954543,-1.313838547060592,0.5766887435414461,-6.763365852009233,4.939845627138717,1.087923072864804,-0.03350830078125,0.0385589599609375,0.19915771484375,63.53912353515625,-106.2591552734375,47.93853759765625,0.9185889510518341,1.4415267197219044,0.050902804155404394,1.710086561627172,1453083349913192796,0.020141602
-0.9304055102954543,-1.313838547060592,0.5766887435414461,-6.763365852009233,4.939845627138717,1.087923072864804,-0.03350830078125,0.0385589599609375,0.19915771484375,63.53912353515625,-106.2591552734375,47.93853759765625,0.9185889510518341,1.4415267197219044,0.050902804155404394,1.710086561627172,1453083349913192796,0.020141602
-0.9304055102954543,-1.313838547060592,0.5766887435414461,-6.763365852009233,4.939845627138717,1.087923072864804,-0.03350830078125,0.0385589599609375,0.19915771484375,63.53912353515625,-106.2591552734375,47.93853759765625,0.9185889510518341,1.4415267197219044,0.050902804155404394,1.710086561627172,1453083349913192796,0.020141602
-0.9304055102954543,-1.313838547060592,0.5766887435414461,-6.763365852009233,4.939845627138717,1.087923072864804,-0.03350830078125,0.0385589599609375,0.19915771484375,63.53912353515625,-106.2591552734375,47.93853759765625,0.9185889510518341,1.4415267197219044,0.050902804155404394,1.710086561627172,1453083349913192796,0.020141602
-0.9304055102954543,-1.313838547060592,0.5766887435414461,-6.763365852009233,4.939845627138717,1.087923072864804,-0.03350830078125,0.0385589599609375,0.19915771484375,63.53912353515625,-106.2591552734375,47.93853759765625,0.9185889510518341,1.4415267197219044,0.050902804155404394,1.710086561627172,1453083349913192796,0.020141602
-0.9304055102954543,-1.313838547060592,0.5766887435414461,-6.763365852009233,4.939845627138717,1.087923072864804,-0.03350830078125,0.0385589599609375,0.19915771484375,63.53912353515625,-106.2591552734375,47.93853759765625,0.9185889510518341,1.4415267197219044,0.050902804155404394,1.710086561627172,1453083349913192796,0.020141602
-0.9304055102954543,-1.313838547060592,0.5766887435414461,-6.763365852009233,4.939845627138717,1.087923072864804,-0.03350830078125,0.0385589599609375,0.19915771484375,63.53912353515625,-106.2591552734375,47.93853759765625,0.9185889510518341,1.4415267197219044,0.050902804155404394,1.710086561627172,1453083349913192796,0.020141602
-0.9304055102954543,-1.313838547060592,0.5766887435414461,-6.763365852009233,4.939845627138717,1.087923072864804,-0.03350830078125,0.0385589599609375,0.19915771484375,63.53912353515625,-106.2591552734375,47.93853759765625,0.9185889510518341,1.4415267197219044,0.050902804155404394,1.710086561627172,1453083349913192796,0.020141602
-0.9304055102954543,-1.313838547060592,0.5766887435414461,-6.763365852009233,4.939845627138717,1.087923072864804,-0.03350830078125,0.0385589599609375,0.19915771484375,63.53912353515625,-106.2591552734375,47.93853759765625,0.9185889510518341,1.4415267197219044,0.050902804155404394,1.710086561627172,1453083349913192796,0.020141602
-0.9304055102954543,-1.313838547060592,0.5766887435414461,-6.763365852009233,4.939845627138717,1.087923072864804,-0.03350830078125,0.0385589599609375,0.19915771484375,63.53912353515625,-106.2591552734375,47.93853759765625,0.9185889510518341,1.4415267197219044,0.050902804155404394,1.710086561627172,1453083349913192796,0.020141602
-0.9304055102954543,-1.313838547060592,0.5766887435414461,-6.763365852009233,4.939845627138717,1.087923072864804,-0.03350830078125,0.0385589599609375,0.19915771484375,63.53912353515625,-106.2591552734375,47.93853759765625,0.9185889510518341,1.4415267197219044,0.050902804155404394,1.710086561627172,1453083349913192796,0.020141602
-0.9304055102954543,-1.313838547060592,0.5766887435414461,-6.763365852009233,4.939845627138717,1.087923072864804,-0.03350830078125,0.0385589599609375,0.19915771484375,63.53912353515625,-106.2591552734375,47.93853759765625,0.9185889510518341,1.4415267197219044,0.050902804155404394,1.710086561627172,1453083349913192796,0.020141602
-0.9304055102954543,-1.313838547060592,0.5766887435414461,-6.763365852009233,4.939845627138717,1.087923072864804,-0.03350830078125,0.0385589599609375,0.19915771484375,63.53912353515625,-106.2591552734375,47.93853759765625,0.9185889510518341,1.4415267197219044,0.050902804155404394,1.710086561627172,1453083349913192796,0.020141602
