"rotationAngles","rotationAnglesMag"
0.387120882351836,0.513143735590686
0.639136583841284,0.776859376372643
0.742601188093963,0.66255437909779
1.07775843316844,0.510525693493834
1.88086644784993,1.26077413998477
2.76019544932471,2.14039048674781
3.30406550033172,2.67495215688886
3.41490884699194,2.80997731681612
3.16071620496825,2.64970058096189
2.79201462082228,2.44415805846002
2.40965196081763,2.26654141094382
2.0659927991844,2.13502465290832
1.78356871138355,2.01078017863269
1.62176452829033,1.85309072252681
1.67300677156641,1.75100855267334
1.81523587429866,1.72620369652515
1.91471094897327,1.80459045323223
1.81057899182058,1.76323763939415
1.63832151369034,1.63097408636217
1.53106022139603,1.49732838725603
1.58604051104491,1.51168756364873
1.76127622253117,1.70466561652328
2.00933638517374,2.04011725226005
2.2572850766436,2.35860663181879
2.46479624232705,2.44395672822314
2.75083127272175,2.19397015560701
3.29557575352594,1.68898829015806
4.08646049630002,1.07110653234103
5.00369565346053,0.450674176672677
5.91101574053177,0.368252432650123
6.71644916102498,0.997594149804549
7.31336109554078,1.64822076388677
7.70909286881368,2.4009403506194
7.93926335897893,3.32593586318762
8.08818926351577,4.36544552277241
8.15795542914631,5.46369195982195
8.13038661965576,6.57789103878329
7.98383746617201,7.66999635995038
7.66843366383249,8.60145166817185
7.23494310335498,9.31295378683634
6.74747282520428,9.7612416344161
6.29068715568913,9.99053303106381
5.85516325359513,10.0194907326605
5.4149956434119,9.83846493765347
4.96100012258475,9.39995589020129
4.48259482225408,8.72113497819495
3.94389525970952,7.8536558360353
3.36416157062122,6.87193012516795
2.97342198174334,5.80425848322781
3.18672465126725,4.86038316008051
3.96283145889704,4.37921861523435
4.49649541916944,4.22787263254236
4.61022718073572,4.1053006518841
3.95936974088285,3.48725198186307
3.17173331045064,2.89296699629145
2.70007826735382,2.5497048668065
2.88127672975745,2.43072547860795
3.43345443793492,2.18955654464038
4.32987640777769,2.32927401338921
5.3396405570047,2.97803669980609
6.04044458034455,3.52636619490954
6.29289057383067,3.73402479245942
6.15965760282795,3.64480839508934
5.76001833037992,3.4143752449397
5.23027437395199,3.15807949999685
4.64347564229108,2.94333968971725
4.06010904201322,2.75776572456821
3.48339987981393,2.59772203459328
2.92371472024726,2.44815463431786
2.41457225109777,2.29726709979626
2.03222946633428,2.16204019258007
1.86066032133495,2.09196232356331
1.91643261189412,2.13892397847889
2.12460395077162,2.28219520315779
2.37093320793982,2.46644429825531
2.63033990836922,2.71938005961361
2.9275348874678,3.08255277031258
3.28060454227867,3.56789189867709
3.56140962350697,3.99916967279948
3.65560587975734,4.18504570289053
3.5850051785808,4.01028274705464
3.53715864536939,3.51002518917511
3.69977037543154,2.85935405252753
4.03689237614542,2.21369643627519
4.44595261229255,1.71972101191149
4.84958703112603,1.55698169052252
5.24170513747986,1.9215174661716
5.62000753590792,2.70490848910316
5.97329353084065,3.69897198360157
6.25942185034195,4.78863082003473
6.41774689348466,5.95640542427598
6.43781774122034,7.17802699285708
6.35441281438283,8.38761726716816
6.2465692126956,9.46522640785606
6.15560474401736,10.3419356740863
6.08970161544594,10.9872697095204
6.05590266621137,11.4826630207622
5.98785665226651,11.7615415382423
5.86190645518947,11.8064965716397
5.63832062287306,11.5197935005511
5.34771260945809,10.970980858119
4.99674246016385,10.2235071804362
4.7092429741502,9.34292206126344
4.77013304055332,8.39964176628049
5.45794011398938,7.61110162852363
6.55734431413397,7.20888667434801
7.41848266969425,7.08574196652498
7.57519596256168,6.80656072300717
6.88076144907329,6.09462444273902
5.63763255026027,5.1596481306287
4.47838568830235,4.44476647918661
4.23710901200154,4.14400636047741
4.90592805287016,4.18546647790075
6.22815979964995,4.84435461045526
7.40352162304699,5.6652402250405
8.15937951170783,6.28063460038534
8.37308583096148,6.5013956946992
8.14324823437468,6.37471385282524
7.6732087145975,6.05617076521699
7.16931963361289,5.71671569119185
6.74591031558499,5.46583842378848
6.41724031466177,5.30893355293888
6.15953887200196,5.20012334468945
5.94883228569102,5.11062841974951
5.78270250695137,5.0296644428446
5.6475853426387,4.95198321022294
5.51908056819089,4.85160897911641
5.3689254462238,4.70914492284076
5.17772031398444,4.5175731044331
4.94358439659651,4.28967263461927
4.67424351193362,4.04480426596349
4.4113110799918,3.82939364259855
4.23519801937113,3.74113985703963
4.20076721104955,3.85398820145069
4.28841046453909,4.17281293719919
4.37337270799431,4.53693872093695
4.34422674199831,4.73229761512343
4.17196410611559,4.61584832257291
3.98786359673195,4.20216418257766
3.97568204721293,3.59411165876978
4.24536042174879,2.9417351573285
4.68453517644514,2.36342025140049
5.18123417266354,1.98856920377515
5.64790000331961,2.06345194240147
6.05716820779562,2.62049543171688
6.37530715030336,3.51193745911952
6.66103347991946,4.51233972322113
6.92255579003907,5.55162754639085
7.15874901258471,6.59218305969708
7.33409844561045,7.52852999917387
7.42959841172629,8.2989379589537
7.43682369655562,8.86871684349156
7.39859834454397,9.27823006143609
7.32258568970777,9.53878065400055
7.17073947017742,9.57353408148207
6.92253970529118,9.37316174048032
6.59489142098801,8.948896576166
6.22778788259008,8.40636970917864
5.8447552978359,7.79344825245107
5.51494780847248,7.15121952948714
5.36988276082566,6.58464459824963
5.49653958314853,6.2126166144111
5.69064649634352,5.97709977737186
5.72905084256287,5.73445225853759
5.41655439949039,5.30084286893619
4.96328644069059,4.80209637527533
4.76484573565477,4.494074139115
5.24845715572549,4.6693069152586
6.34918163383945,5.28356792270997
7.68631872333053,6.0823421416407
8.89656616098643,6.79904220920993
9.78319728750695,7.31155130194703
10.3110787882901,7.64594886073513
10.5046070632276,7.84238183720124
10.3762273731959,7.85343866188008
10.0235676149125,7.71206416222324
9.51878426727116,7.43056615878188
9.00667641718353,7.12902429625191
8.55616122903839,6.8641191777125
8.22080264659979,6.67465188975647
8.02455226160196,6.56703482248236
7.97938815334723,6.53598579484415
8.05793022504,6.56992727481635
8.19745324240001,6.63095121365498
8.35677970547796,6.71351252280086
8.54810206732403,6.87951852311986
8.82347010641763,7.22445273822977
9.10844083309483,7.70745070768014
9.1973776128917,8.11565345266103
8.86862033140649,8.19814922674061
8.00233555973441,7.75831947667817
6.81664484779922,6.92963194741501
5.59793299582599,5.89300648978454
4.73943906769988,4.88413399034311
4.42678274126968,3.94151102176292
4.67088141848732,3.12259722147037
5.26152781476373,2.53582902162118
5.97508670472856,2.46524496759247
6.66353646188017,3.08475343413941
7.26972155043624,4.17983373110893
7.74923560399057,5.48845994425931
8.04667997877241,6.83376646813376
8.16536046611788,8.1170009811589
8.15495657345641,9.26499283193543
8.09283504050608,10.2473395326783
7.9736866294799,11.0316238014771
7.79456228674091,11.5964425291072
7.5754195796572,11.9549053475773
7.33347968280055,12.0782322450747
7.04144816464265,11.8716169361457
6.66043072282295,11.348342004079
6.17650325960145,10.5905441459937
5.7141632049672,9.74189239722592
5.46714129290412,8.84147921874741
5.52883362172727,7.9610628965955
5.79109490306213,7.19118259725206
5.97901232866629,6.54473629463336
6.00374674671565,6.00641682352186
5.82462968055862,5.53452148249008
5.70176635775182,5.30514470022875
5.85368680386794,5.44669265024916
6.38279577495757,5.92198318834562
7.10614435178825,6.48237962523863
7.73575175686326,6.84861656093319
8.0903744173755,6.91874268298254
8.12531476276478,6.73965587521421
7.88490042385824,6.3973798953819
7.48589962581506,5.98591481247087
7.10937426065166,5.63408610088225
6.8837311220657,5.43426494732188
6.8236781258903,5.39486538137964
6.85839627693059,5.45216199486085
6.91669635822522,5.57988115526119
6.94654304119843,5.73016681672927
6.94935111441392,5.8987144176669
6.94184201254902,6.06078766464493
6.90516970381942,6.1854165740657
6.81660789876375,6.22302819667447
6.68828795957343,6.17166298376514
6.61107560752559,6.15754840520109
6.54057255221334,6.2124832971766
6.35061163039849,6.22808329590772
5.92104839802695,6.02922050599915
5.35955395985754,5.64815088439476
4.87352439372536,5.24626412424139
4.61113262024353,4.92475947693854
4.58454183148543,4.6525167576386
4.71630978019844,4.35418655684449
4.93949460918051,4.01368210736184
5.25126507012689,3.72647312940746
5.71318131955231,3.70733064227009
6.34290926962758,4.1305076250297
7.07623911538674,4.95064199893627
7.80466049893589,6.00609485999384
8.462668901542,7.17207856361261
8.99595463171759,8.35804258039899
9.34308483081858,9.46568937039311
9.49485767757141,10.4347583859535
9.47757403775647,11.2206670529313
9.35155983293272,11.8060543458213
9.13296994814471,12.1277172599365
8.85987234216505,12.1917202307952
8.55664891301434,11.9375762385254
8.19190619330094,11.4312283161005
7.75296579799062,10.7111346226568
7.30158751949577,9.92432188628916
6.95951457410725,9.16563112758496
6.74728733830894,8.49565785045306
6.54928393555887,7.90546382053165
6.31481319175778,7.35195889388708
6.07659493360523,6.82084337217962
5.89515437376232,6.36282137321716
5.86766625265312,6.11418807344457
6.0336278218512,6.14515149458394
6.3491636199199,6.37746545482653
6.64487948866091,6.58466871102257
6.81537103844717,6.64027581289256
6.84193283415414,6.54242264662274
6.7456048357087,6.36160026071087
6.56218179165582,6.16041712795008
6.40884242242001,6.05146171601199
6.32474362594014,6.04241251588197
6.32088052281589,6.12319766331307
6.3082383711663,6.21021295396536
6.27604256298245,6.28012758197322
6.22677736180947,6.31880855795706
6.22912606034653,6.33504738398241
6.32552539429635,6.37760566321897
6.51306297922476,6.46389332491075
6.71777683415672,6.58167932472987
6.9049166255964,6.71652962457937
7.05963517762225,6.88596904115557
7.01395105182321,6.9677930475055
6.6896875807709,6.86551128027972
6.04809743108383,6.46076963077128
5.34513945514163,5.87353007602893
4.82915048972703,5.2658348390176
4.718236548033,4.84500061424465
5.01022366433541,4.68683353874456
5.53785470976885,4.73380735061641
6.10119874797905,4.88110959974513
6.64235385384378,5.11180394029885
7.19419387251508,5.46582484818102
7.82371223807878,6.02591910472091
8.49953744097569,6.83706563451779
9.12652890035671,7.87685451628755
9.63295209812217,9.06926101121568
9.96567387765266,10.274487282041
10.1402930553132,11.3824021926426
10.1785754979545,12.3153896895292
10.1158192017188,13.0420054242612
9.96195818183201,13.5238229531034
9.74429064198587,13.7189471155414
9.4807702494095,13.6198582863646
9.04924233207971,13.2519839034742
8.43919848015573,12.7353498556737
7.67470405595038,12.1008324709749
7.06829509292359,11.355034353632
6.70494223870248,10.291682807726
6.38311075892691,8.89950311651138
5.8037169260325,7.1435574542333
5.10717861183434,5.28847632058926
4.53265886089569,3.54681198247078
4.20031350985093,2.24886418093938
3.98590466738672,1.81132147568944
3.79031865995966,2.2140583784553
3.58689766217622,2.82571695618077
3.48202305635687,3.39907740385002
3.56171217929866,3.85833627395426
3.76063319185134,4.17732314249702
4.01803007952003,4.42443449277401
4.24668325313821,4.61355059181692
4.40567340396406,4.75564991043119
4.46386812813214,4.83824476776883
4.46689576825238,4.91289355262003
4.45882862461362,5.01642814404258
4.46774052047998,5.15506879716205
4.4925459964844,5.29952465954125
4.55202845575373,5.43873789533123
4.65377905695048,5.57715388770704
4.76659900281113,5.69767551393849
4.86359086999763,5.77107070383169
4.99108197364487,5.8297483618422
5.14193368327316,5.91267078265445
5.187602540383,5.9425020727979
4.99612497116726,5.80168922665008
4.59532688824047,5.42527996256621
4.21413662344057,4.9013223728502
4.0946270706393,4.3271674554312
4.33598661752579,3.75446393961169
4.87201599770582,3.21065102236853
5.60546294339275,2.79340342121493
6.45885034159908,2.68266125775342
7.39886325868608,3.10785708363257
8.30223358591426,4.07031134235534
9.08776691229179,5.38943356120247
9.64395802488302,6.89685317430281
9.89814844665917,8.43252833088169
9.86104901509945,9.88745218718328
9.63035283961626,11.1700235590177
9.36204169971293,12.2383726988074
9.1009441807923,13.0414683722451
8.87099047609203,13.6532956195437
8.6790821502722,13.9803692456349
8.5112062411057,14.0141969419293
8.30795280181194,13.6473829266704
8.03474176035249,12.9847997115173
7.67719746429924,12.103603643998
7.27460234325068,11.1002531270207
6.91542062995662,10.0085231877041
6.76121375149529,8.97342731524043
6.89364325465646,8.16960714884005
7.20600358686993,7.75717704845452
7.43929825639584,7.58790020612549
7.35039630459412,7.35204467016367
6.77436078066254,6.79466624775981
5.87137298156773,6.02524903062313
5.05999397541776,5.39086067703375
4.67841302651205,5.10234461813059
4.82773275772656,5.17672044398973
5.34128236468956,5.49824524837825
6.03769427122344,5.9549263688933
6.73323223261362,6.43009071231628
7.28575216500916,6.84097123233879
7.53073040993215,7.09259545236496
7.38324618051776,7.13531563331905
6.88688903061257,7.00182622777508
6.20043310002139,6.80849736792448
5.59010355059189,6.66052882636874
5.24973017539705,6.58372297382797
5.27303421563808,6.54649044927232
5.55125776437126,6.5845086446699
5.89528096793591,6.67899638748271
6.14630767767471,6.79525473309326
6.25960997884609,6.88591466928594
6.28441366377244,6.97744095281966
6.22418319558147,7.03053388951878
6.03556014577498,6.94427982630885
5.77667758618046,6.641788730677
5.60000260522324,6.21200501901176
5.61255182799997,5.76775829059542
5.77743443934339,5.3246233028021
6.06563309555863,4.83681859475515
6.51588937297855,4.35589558255388
7.15501181814558,4.01868575484836
7.96246255353516,4.00452643321853
8.8444988469306,4.41159631761048
9.69176878058368,5.18469179972701
10.3455271326641,6.19936235666754
10.770770333636,7.32754893874859
11.0032466462814,8.49962643064688
11.1389292561877,9.64567941892647
11.2026511837819,10.7231031457712
11.1822909394306,11.6725010203529
11.0448304229789,12.375628273872
10.7848355324649,12.7809534449642
10.3940488031728,12.8475143059415
9.92495918111052,12.6506293035298
9.40891271921778,12.2578482489052
8.85284854043343,11.726293351125
8.28145863044158,11.0952794086883
7.80076213372564,10.3755848863191
7.59522165122014,9.65098716792263
7.67777310488075,8.97770497112303
7.78484446962487,8.33034154206301
7.59241032072456,7.58734719258141
6.93129467017789,6.69336577534498
5.88558330026068,5.82059209603576
4.66930086525434,5.29832271573954
3.5856466089702,5.29633174641624
2.90467115953281,5.52346413993396
2.78300893144191,5.71626461631662
3.40855995688983,5.93291795247761
4.34649323519286,6.27224526263956
5.27099067680593,6.67618396663918
6.00681217814555,7.11660642324147
6.44176900028362,7.53246139176139
6.51169668330701,7.88206022489855
6.32878544822082,8.16392238900063
6.05039756855751,8.39935316087326
5.82694988567098,8.60391186968527
5.69768203981972,8.73440478998833
5.69988559450812,8.80718496038926
5.84386153893123,8.84192534315116
6.11218148255175,8.90568917088117
6.40453837084817,8.95423544241638
6.62585826406084,8.93486972929648
6.76957129614234,8.84134441564535
6.85688357529089,8.72067311391841
6.83251642299166,8.55325558739201
6.56174691442081,8.20990426710952
6.03258437942443,7.62453789682811
5.42523607523613,6.86489995640183
5.06280448989203,6.07440150424923
5.15328062687169,5.34987258118847
5.67257540611671,4.72155210618789
6.39766319421214,4.10128662130908
7.22093011705693,3.42903940707224
8.1216599466176,2.71859490914552
9.11826743197863,2.1140611495483
10.0712389331389,2.04907684805697
10.8352658533839,2.75068942380761
11.2973491562052,3.93954688837001
11.5100822279743,5.2601713292055
11.525822828962,6.56696536718239
11.4035823014551,7.77553517326052
11.2000310030052,8.87383615102385
10.9370545490893,9.84339681343
10.6218116357647,10.6551447355301
10.2540123588977,11.2273838605194
9.87758268935103,11.4938441964443
9.514504562975,11.422197424922
9.13672193015868,11.0371254260033
8.69165876596075,10.4313652073353
8.26007502426403,9.77649073190682
7.9311575423536,9.09767654675509
7.76222276567063,8.4736319955845
7.60975160407776,7.88608300010901
7.33251219389387,7.34705109077342
6.86437765935778,6.81719850339146
6.26737687185201,6.34817708806751
5.67788693458094,6.03998215093023
5.29166365441093,5.99541516034775
5.29061190871341,6.17393605108588
5.70335011125384,6.51607342342021
6.40643441246263,6.93403043535677
7.14306274289731,7.37469652454455
7.75179153084905,7.7614631559963
8.16179943117073,8.0842045177506
8.366519367973,8.36194882717623
8.39973593132919,8.60835684718896
8.31613929324677,8.83214857500593
8.17505044989876,9.03253002718577
8.03957956389521,9.2288960323881
7.95434431817946,9.41487597701821
7.93895950892235,9.56911376713101
8.02895084708996,9.67851548095623
8.18436074468181,9.75878626074694
8.35908398097959,9.82453269576773
8.46834796724351,9.86875704362214
8.53583574717325,9.87323778117426
8.60911764130668,9.87382869257179
8.67220966945199,9.87249052387061
8.58265149917194,9.78220876925766
8.16872794862866,9.46998561702588
7.39137471678053,8.88253110187603
6.41373133595278,8.09399669891934
5.51532862937436,7.20134664342912
4.98773451894659,6.27773059883858
4.98924199475414,5.35343134087641
5.46888430868044,4.46762484019564
6.25361562706749,3.64281541204625
7.19321097662066,2.94109870066929
8.17562515270065,2.60276270979782
9.12636820750532,2.98870039250653
9.93983637324666,4.03063001633796
10.5728588437275,5.45000718866946
10.9793580582052,7.03675973476539
11.1932684192634,8.68430763082589
11.2570910228803,10.28371423296
11.218659059982,11.7449023422785
11.1045002988773,12.9052645997159
10.937390344374,13.7442579548629
10.7320538045674,14.2196695463792
10.5184060162186,14.3857735563295
10.2869894498466,14.1924897411003
10.0109385273165,13.6892115858212
9.71056189826335,12.9927640339498
9.4946126755274,12.1440439914283
9.40271232794189,11.214678944741
9.27934046593409,10.2180155983752
8.91283804609892,9.20406198081894
8.12640652383018,8.09377225642949
6.9286896197506,6.93877631214887
5.4603448701746,5.92877427395677
4.19114170140278,5.45830559327008
3.53986883814377,5.52417674995362
3.58942072817176,5.79629739559665
4.17883767656424,6.13990134473483
5.02751204171894,6.48661785432976
5.97519279910895,6.82436399415025
6.85219279632516,7.10193162996729
7.54162892952205,7.31496443676206
7.84117934623346,7.4281415078378
7.78577297099177,7.48786932240485
7.48396346963911,7.5518438511839
7.15275518062129,7.66322158330068
6.86166217725611,7.8353529601489
6.64394702590832,8.02991589875253
6.52726362020395,8.20684175607673
6.56729578569932,8.33064641934096
6.74876643731287,8.4276886592807
6.9963402565542,8.498765201391
7.16761410780622,8.49096536735526
7.23046632538598,8.38454294456922
7.24179917012606,8.24813487316832
7.10282539806866,8.15937166988163
6.64030309383769,8.0176022210907
5.73556385502241,7.70185583327019
4.57508405891167,7.14494928274873
3.64722288855016,6.43060622691954
3.6647205341736,5.62003604771589
4.69083655072479,4.72891836715819
6.08568832631204,3.75723503101187
7.50222070402805,2.72629630701615
8.74547287482224,1.59816667050439
9.76555056321264,0.513712582339473
10.4872214518456,1.3568812222036
11.0343637681545,2.92721052294409
11.4329611565206,4.61911861549197
11.7105053072365,6.37091612113406
11.8487108014131,8.11226246698158
11.8109705166198,9.69414882022596
11.6219659213725,11.0187180897035
11.3394946756391,12.0235364876086
11.0538613743941,12.7379933339814
10.7650968934042,13.1408916318834
10.4512930386294,13.1909938310016
10.0923928124683,12.9148927865238
9.69214052932232,12.3559345554719
9.25727261388442,11.6119020699999
8.87219852564979,10.7369807342583
8.67405726461924,9.90445007064117
8.78063697676436,9.33050269658301
8.98415351034517,9.05528461050627
8.90888136142199,8.85997751881577
8.26052402102295,8.50195374435873
7.03239518624979,7.98059198097041
5.66096800946252,7.62710809790676
4.65732751421786,7.5957739418423
4.31374421138489,7.72051214990322
4.53729757089007,7.85068608973924
5.10833475470531,7.98887804421576
5.82754464835805,8.16092287811179
6.5162628704706,8.38986356524243
7.01797459086559,8.64569637136308
7.22928431720539,8.90755611997868
7.13860253664606,9.14959822321991
6.82351146733073,9.38373487645999
6.40580709407612,9.55042292989037
6.01279480409507,9.60684243562268
5.74993529585206,9.53852798486111
5.69972195499336,9.41303212652636
5.81132380436215,9.26000948366158
5.96155546240982,9.06780018345041
6.04239364494529,8.87022797651855
5.99735850129713,8.71897579678872
5.76973395729565,8.52541026637151
5.36097863746506,8.17603511324901
4.87854217855832,7.5498255779431
4.59326423898836,6.73483466933558
4.77261826630204,5.84049753605053
5.4534129503641,4.95437745540374
6.50086593791125,4.1164507950646
7.73782263345693,3.36158354064182
9.04017469956198,2.81009529745786
10.3104672984131,2.70381126753308
11.4392265925546,3.21514249034
12.3307537958135,4.28620796624943
12.9355826617,5.71961268327875
13.2742004544595,7.38620432103458
13.4015128221273,9.15610349038811
13.3749220876853,10.9170920190203
13.2272133739413,12.5646390009143
12.9915108887321,14.0091431586955
12.7047210119619,15.2263162813438
12.4218385878199,16.1806821767867
12.1392664687833,16.8329790946518
11.8461954512463,17.112373535875
11.4970422749341,16.9277915616462
11.1013044752396,16.3755977952535
10.7028870401853,15.6132216329338
10.4682246058333,14.6739879450694
10.4451761767669,13.5880085135874
10.6334229527569,12.4223355900912
10.5450043690331,11.2175615536463
9.88957726038415,9.91596344318748
8.57999564686326,8.53397013710449
7.12355398405123,7.48161017805907
6.07502147712591,6.99563071435168
5.74010145454093,6.97772411728897
6.0063320651809,7.15666804056287
6.66682161586471,7.43811203951757
7.55140533193359,7.80126492520525
8.47519930894993,8.20431436587598
9.29138393368974,8.59321493129401
9.85680716508636,8.87746852984663
10.0616748284569,8.9812466187731
9.98156389050647,8.96261656714909
9.74140679376083,8.92059904366388
9.51661679912352,8.94936386975199
9.37695788628477,9.04167326526792
9.38006315965465,9.20018985859451
9.53737977583998,9.42064830304737
9.77966139663501,9.6593334214259
10.0209742172162,9.85607347264059
10.2443894508114,10.0248558092266
10.4375957836791,10.1972735579274
10.5196590519328,10.3435999337033
10.3510900371551,10.3424136420673
9.88002305268803,10.0969614291275
9.2272046760339,9.6188994729901
8.59599647844167,8.96328674057213
8.18878719961337,8.26387086431815
8.08513183768348,7.64544045838933
8.27158247095778,7.22997885324401
8.69983755009763,7.06781475407008
9.33742426468011,7.16928496451419
10.1545670772363,7.5370315164762
11.0545931783056,8.16141300401451
11.929019367689,8.99995179903535
12.659654334711,9.98193718468023
13.149567484711,11.0646213401824
13.4131917993991,12.2129997906198
13.5000487387291,13.352264036596
13.5087739543184,14.383344860088
13.4779652926009,15.2129252342541
13.4381636193344,15.7978498081529
13.3875105020196,16.1042658501431
13.2722212785564,16.0996227165356
13.0636545741469,15.8476608683424
12.8122794572448,15.4731878629968
12.6800118509442,15.1178923594134
12.8048872672706,14.8403914382456
12.9345318840513,14.4134094235684
12.6931814031803,13.6267893455349
11.77834214277,12.2832184157719
10.4369285721385,10.6315887389865
8.95168994447986,8.95644460550184
7.72804543283766,7.67670285761359
7.04116653961131,7.03593766365245
6.97037176537067,7.00329722382701
7.37339581849513,7.35149660810619
8.02962305427003,7.83100032991652
8.8031819434406,8.31680687038599
9.57912399303903,8.72352453094299
10.2733199187352,9.04470949341161
10.7766098950495,9.2471390025957
11.0036177552362,9.31410318412858
10.9305589589614,9.22761222894027
10.5821530009246,8.9980405333352
10.0903886209065,8.71921830288808
9.59776879696478,8.47131004087009
9.27059160090858,8.35707590118066
9.15179619858485,8.36398048399139
9.23363246646235,8.48771626412227
9.43214315213272,8.66786627067172
9.6732010822033,8.92791107131303
9.84861571792747,9.22219933039079
9.82542205805746,9.44350800820632
9.49156340845327,9.44018198157285
8.85819706313874,9.1413604570588
8.09814076186373,8.61127998479712
7.47767466374743,7.96279160441298
7.27938165941489,7.31865464172679
7.55044580567193,6.75942005696582
8.10937808780573,6.34081412576338
8.74716650366308,6.11180569129987
9.40487858615564,6.1996433218596
10.0994394010608,6.69872916402668
10.8362095802821,7.56281485293345
11.5552833445475,8.7076948011749
12.2026076809791,10.0655906821187
12.7290667518251,11.5739058531821
13.1320780230221,13.1396681129765
13.3940501448763,14.6794739522444
13.5483304213229,16.1292159869751
13.6529694141691,17.4203065688235
13.7515243971053,18.529786754496
13.8486178079064,19.4054036566059
13.9437510797438,20.0194551119527
14.0131532039973,20.2834228076167
14.0004257484261,20.1661713938539
13.8406045624628,19.6881875549975
13.5547916346996,18.9525361478581
13.3098282322312,18.0752593816985
13.2098720260047,17.1221539343254
13.1643310038492,16.063464903379
12.8679539355063,14.8175836469479
12.1204832473982,13.3139701994323
10.938149746349,11.5875893223669
9.5277264591179,9.81173089380325
8.29578529863033,8.36255994616493
7.63565289448733,7.60732773521617
7.65230824715409,7.58173757631154
8.16144181264213,8.01193455535336
8.89469681359403,8.5642993310748
9.68161157660522,9.06409243889559
10.375076995444,9.44016821686121
10.8400880124607,9.67509656246004
11.0274791179825,9.77506930701883
10.9514606969321,9.75645995892497
10.6820893787123,9.65018166273148
10.3169073428586,9.50993334045293
9.94172751776832,9.38497319548792
9.60971753243687,9.28711372932477
9.37053306610531,9.19809491339786
9.29151587287127,9.12863086447246
9.40263582335615,9.12375874110768
9.6119661796258,9.17918048135001
9.85006749453041,9.31220945811627
10.0931521592015,9.52887414899539
10.3430531825523,9.84198206346372
10.4126205646632,10.0760355649033
10.0963713721094,10.0036702604021
9.37283521171454,9.51973232525001
8.50944488155306,8.76475697459145
7.86265597178533,7.95978042161894
7.69358144784746,7.26846049847011
8.05863451539842,6.75318912938153
8.80980783083137,6.41865007449293
9.78642995792553,6.26462490463269
10.8469416998224,6.32728853573416
11.8912702879101,6.69186737962619
12.8203671996535,7.41266945692413
13.4648669496317,8.59313955286617
13.8333381052501,10.1400501461179
13.9632438883671,11.9233328573841
14.0114220926712,13.7406077970269
13.980676992673,15.4777328209085
13.9306149610183,17.062472051685
13.9424685131344,18.253291294211
14.0063970499968,18.9612531424809
14.0553659853736,19.1122995942714
14.0102261650438,18.8871728744958
13.8516443825619,18.3698108865413
13.5646997557726,17.6542024066206
13.2358542802266,16.7544953274252
12.9266598205952,15.7126478121054
12.6837717242155,14.5890193319932
12.3236206439325,13.3975007429897
11.7031161348293,12.1169912219986
10.7557962672551,10.7154990168389
9.6427145723298,9.39224699889602
8.70708218049566,8.4709172955923
8.24375854997956,8.14875667066716
8.298211223184,8.32590059016543
8.67472276978415,8.73958967444775
9.21239792576519,9.21695222273873
9.82409696903305,9.6863155129414
10.444080808607,10.1335959170731
10.93663975985,10.502441567603
11.1773695415185,10.725816422726
11.081113441909,10.7386146820186
10.6813938942064,10.561851537489
10.0791560463722,10.265548513031
9.42063958576649,9.94325676173878
8.83654652884893,9.65158159430473
8.4379327992153,9.45333169053147
8.26359443295933,9.35411587033021
8.31926666486639,9.37951314142496
8.49805824672666,9.45349826616417
8.72539546985697,9.56032925424509
8.94386400010787,9.68364769352883
8.95547264309296,9.68022920057052
8.71032302479673,9.44304258040373
8.27166262675933,8.92121871633636
7.97976932352909,8.29820805633395
8.11365389488054,7.72622361559303
8.75177864751411,7.22794272709083
9.78768277618373,6.74204349583242
11.0526963268573,6.17078301156097
12.4420093058537,5.53392985969124
13.8790311483153,5.06034555299277
15.3095237201969,5.11841226443321
16.6070961938158,5.86727938635305
17.5808964031497,7.26341899814113
18.1373289822597,9.05451303027981
18.2964392819059,11.0559967621255
18.2259953032619,13.0856150833996
18.0054234059344,15.0772102075074
17.7332837274663,16.9735711291849
17.4971632574577,18.7288660697197
17.3495087977186,20.2796518896691
17.2827301804222,21.5518654519632
17.2705878761086,22.4434506359976
17.2400145645449,22.8855456766931
17.102306197218,22.8551503549248
16.8256892540484,22.3514972765069
16.5325889071508,21.4952312257091
16.2919707064698,20.3968056367403
16.0716081641688,19.1418554019405
15.601122115986,17.6432333609641
14.7408101576698,15.8605816604388
13.3886945298422,13.7757689768602
11.7200073337115,11.598365036464
10.288885987131,9.969917880123
9.42843501242747,9.1719271486743
9.29304137546054,9.19595442766499
9.55773247826649,9.57609945172885
10.0914996559908,10.1277350914849
10.8205162024056,10.7556732774568
11.6578640573928,11.4061234983076
12.4212383017066,11.9854068729532
12.9205887319579,12.3999682979082
13.0607442368477,12.6091829513173
12.8605403757651,12.6339914706306
12.4229079675117,12.5460821108213
11.8677301686195,12.4082795781018
11.4174019539751,12.2811429747863
11.2321378498376,12.2062190163358
11.416459406457,12.257653759485
11.8535402695992,12.4688607861936
12.3780832961496,12.7740131913787
12.8258048477187,13.0553768266737
13.1074978403229,13.2466745984637
13.1408672778005,13.2699683450227
12.8657890260926,13.0643241463325
12.245839491516,12.5512865935034
11.4264153950248,11.7850366468133
10.7192997335811,10.9347712270324
10.4630439889897,10.204109578476
10.8072871981102,9.72620765239115
11.651519957428,9.50419148105714
12.7795287802034,9.46755565071577
14.0112290020343,9.53881573425382
15.1501842350506,9.69088011747378
16.1262985255584,10.0052460688357
16.8956093091036,10.6106652272694
17.5413902223142,11.5792670647873
18.082007308762,12.8876580340214
18.5717846979603,14.4529801686493
18.9857628621152,16.1624867750097
19.3147751438543,17.9233768506225
19.5294785672229,19.6431764317413
19.6268689845312,21.2435720182849
19.603680171267,22.6422843107586
19.4131794356837,23.640381904784
19.0676534713797,24.1743170675832
18.6031497978217,24.284303195408
18.1095447192816,24.1337477913623
17.6959968860708,23.7743328429405
17.5024025153243,23.1780088313114
17.5556055818178,22.3282521108197
17.6184165228002,21.167171037256
17.1598687782789,19.4797167213311
16.0546000387441,17.3054183983333
14.5267409167074,14.9021890032375
13.0118851187203,12.7780356468008
12.0888356331802,11.6560846413333
11.6489849109636,11.3033957163225
11.659494774708,11.5112385949115
11.717345535356,11.7067496410018
12.0020313463163,12.0025345923168
12.5295057909461,12.4119812233092
13.1551439712547,12.8559218802668
13.7112606469345,13.2331120889702
13.979750852318,13.3873479101638
13.9620866163276,13.3326122988843
13.7507606061311,13.1538373940566
13.5596718960748,13.0317371656525
13.4503880301432,12.9974083962235
13.4474762430127,13.0492609110607
13.5123909437208,13.1345450924845
13.552955574437,13.175289915161
13.5650949791845,13.174378615507
13.6455453000601,13.2562099799908
13.8182850414399,13.4801135192427
13.9460900672965,13.7267376898343
13.8278431400984,13.7603902025771
13.5539433236166,13.5722391729241
13.3164754276445,13.2546050609169
13.3443926335983,12.9786023638322
13.6758615913265,12.7756216741408
14.2937505269965,12.667943542049
15.1046985311876,12.6396504069389
16.0207792955117,12.7304698341466
16.9574421548949,13.070881711114
17.833990639672,13.8716290960084
18.6041433542197,15.1541608527136
19.2286837648188,16.7803296948074
19.7214446262857,18.5285156193894
20.097263338745,20.2659848635801
20.3974477411589,21.876661486892
20.6431761489301,23.2636613418955
20.7988334155679,24.2900843657788
20.8679264174755,24.9522233773926
20.8252043979896,25.2276364425334
20.690044425579,25.1617994243017
20.4138733555628,24.6755042048
20.0434464864597,23.8884119998993
19.6603845260205,22.9501114550481
19.3985066946552,22.0738369312917
19.2382777083083,21.2515874591896
19.0991815148828,20.468241078511
18.8000319178169,19.6221982984447
18.1268805004406,18.5333371310168
17.087541414026,17.2254815926263
15.9020913414831,15.9048990580353
14.9463224113394,14.9175642295308
14.2899115050292,14.2822487558845
13.8330830113233,13.8601007169469
13.4553034931436,13.5121186241616
13.1264707414846,13.1929809953302
12.9534341318953,12.9952970645482
12.9919696343658,12.9618406294332
13.2095119049824,13.062814032233
13.4500340547096,13.1707045000492
13.6407795362602,13.2334086066205
13.7548992258842,13.2544583960128
13.8011840565924,13.2601420461162
13.7658169164917,13.2347019745713
13.6764144888669,13.159770186131
13.6083610562428,13.0663617859916
13.6257110139715,13.0236001997677
13.713385489354,13.0640374981435
13.8217105094041,13.1805148761617
13.959846943242,13.3823211236224
14.1347038900405,13.6668933099829
14.2493357260871,13.9377950332296
14.1901536244923,14.0577811644748
14.0005371272212,14.0112546380332
13.8773465906463,13.9148674209712
14.0018789599418,13.8622577537244
14.3987146593478,13.8168183447587
15.0070131184225,13.7092822283503
15.7456244250515,13.5253800502839
16.5908181141043,13.3056207153762
17.5219414704951,13.1494950185785
18.497810764591,13.1819548356071
19.4707043151986,13.5439424790102
20.369097495507,14.2924679965085
21.1392190750527,15.4310417187967
21.7638199324685,16.9164704780398
22.2818773134448,18.6604469533439
22.7009928420251,20.52684652612
22.962492476376,22.281033733057
23.0393739829934,23.7758458232954
22.9502685877361,24.9263375072795
22.7981436127912,25.7666923282647
22.589085763599,26.2884488596633
22.33074582162,26.5420138465571
21.9960836605719,26.6344461413554
21.6607579064223,26.6735820460448
21.4721507146163,26.6974147304289
21.4423186770992,26.4978919950283
21.4063955280653,25.9584977440156
21.0730598929586,24.9257182105289
20.448005959476,23.5212891204769
19.6038504456069,21.8535606455804
18.6727663250995,20.1334795936753
17.7623506071123,18.5760411078826
16.9770085536873,17.3565155248803
16.4238575419346,16.5788898089085
16.1140085550761,16.1627358345086
16.0277337282743,16.0127994840073
16.0503050813734,15.9898077891533
16.128181734358,16.0469578661765
16.2035197763924,16.12490211728
16.2346187788037,16.1701941392914
16.2070421608124,16.1608341203833
16.1136575346703,16.0907137076004
15.9767605642556,15.9782153608448
15.8739701740763,15.873729342342
15.945798498102,15.8882466333758
16.3027079705528,16.1352197894047
16.9059083378881,16.6116914142852
17.6082725274787,17.2043071785066
18.2489129745269,17.7708722320623
18.7348330999441,18.2317986544975
18.7187359043837,18.2951783161637
18.1949968270185,17.9367654288351
17.349889198932,17.2763831311558
16.705127181197,16.7068144292385
16.426156597151,16.3179023441618
16.4836329784728,16.0473961227245
16.7610793625926,15.7936567554947
17.197658139463,15.5345222440586
17.761671055627,15.2823093322898
18.4444129853502,15.0915502631967
19.2733998478859,15.0968320594737
20.2097601259183,15.4403455811564
21.1804245380685,16.2452277832952
22.1080964369862,17.491101260365
22.8762553068634,19.0530901852223
23.4503105898724,20.7991888744078
23.7780558614934,22.5885122282885
23.9257495379889,24.3340748617303
23.9700315758954,25.8613114642236
23.9857699424446,27.0807084347182
24.0062876798136,27.9603783535665
24.0327100451589,28.5311087755053
23.9996300289446,28.7809013621257
23.8400453973722,28.717128392227
23.5373570254603,28.4222741158758
23.2121383361999,27.9953726221579
23.0207017957889,27.3555367734875
22.8801420334634,26.427066504749
22.5036306275273,25.0448205244755
21.7732989976878,23.2657191042666
20.6803616352211,21.0973411871399
19.3784006011568,18.7340685544779
18.0206921579705,16.4536939149645
16.8506616733439,14.6601044878101
15.9538162042556,13.5638346301283
15.2632843091755,13.0817298131277
14.685367382371,12.9846906785062
14.2374031600339,13.0980052451558
13.9646193136333,13.3207434415023
13.8937606438079,13.595740233375
13.9459575834449,13.8449258130034
14.0358277135624,14.0279137126498
14.0664306427343,14.1095605217263
13.9641128344154,14.0634429407688
13.7223400317423,13.9018388238833
13.4168903917058,13.6899299012603
13.1980084906214,13.5572340028227
13.1260155457512,13.5444651012492
13.2775535592322,13.6964712356962
13.6247332822278,13.9850281829147
14.1670371290868,14.4431668181882
14.7373918596357,14.950536213414
15.108708270742,15.271118464452
15.1016062900877,15.1608877809643
14.7965606142539,14.6013214756551
14.5004889682224,13.8184371661341
14.5300386928023,13.1165374483278
14.9976106744002,12.6645256974395
15.8056476820074,12.5033958480926
16.7356664980711,12.5547780246108
17.6485971389542,12.7583024527153
18.5063634475118,13.082551778147
19.3535122602074,13.5379582481919
20.2340841763991,14.1221237978372
21.1359956268209,14.8458247869419
22.0213639025027,15.7671248034648
22.8132810969741,16.9261725381307
23.409721337429,18.3330268786178
23.8029220685966,19.8583720308499
24.0148540212322,21.3726277755692
24.1535503311005,22.7872971891776
24.2451156110505,24.0605107386354
24.3040414569805,25.1410794067564
24.3027447284499,25.813500836504
24.1812914618038,26.0417139899167
23.9167734457314,25.8860352155642
23.5658752601966,25.5724515213267
23.2568725223908,25.1974766871218
22.9730735759148,24.7046541665315
22.6763522997554,24.0586901443371
22.1903071083101,23.1195590111673
21.4374357650463,21.8322101953056
20.3631556538564,20.1848066609385
19.1024025557943,18.3906016847348
17.8838798895938,16.7813092537205
16.876701074724,15.5960880854584
16.1511913561172,14.9157879994538
15.6737639090183,14.6457794079556
15.3710418806436,14.6073113486906
15.1656333236724,14.6280259268091
14.9874184498423,14.6028960824317
14.8063238889145,14.515747778339
14.6059711331273,14.3785521273018
14.3520203905502,14.1871724809523
14.0242625464769,13.9481253773134
13.6349779567163,13.67764615985
13.2502512905183,13.4257817001996
12.9549396387155,13.2486973552057
12.8215229450263,13.198009392316
12.8808653707727,13.2866237658327
13.138321803742,13.5175603946366
13.6020931281892,13.9178601280831
14.21164570694,14.4381752783558
14.764317860144,14.8137510645592
15.1688935463097,14.8754811573264
15.5003051702903,14.6036159126795
15.9737976046047,14.2769613717162
16.6889728729631,14.0769433796848
17.6339506273367,14.1087278466137
18.6122133458689,14.2878930805385
19.488182188569,14.5679478280965
20.1978008666839,14.9805869372758
20.8341878410684,15.6830763561254
21.4436867158951,16.7451472125684
22.0453261750589,18.1104556091181
22.6057485077176,19.6342624804113
23.0994816013978,21.1608065115789
23.4902190593175,22.5136405990462
23.7809520479359,23.6350450398276
23.9597011808404,24.4990211547046
24.0429825585832,25.1502608757974
24.0097076906974,25.5283086597554
23.8433963389824,25.6041920610978
23.5238866393425,25.4047315247143
23.0454034375953,25.049011412941
22.4971930936323,24.6874450463552
22.0237073119458,24.3968057904904
21.7292819607153,24.1021424122176
21.5344454579045,23.6402445646258
21.2261059393811,22.8517007451437
20.6392701398045,21.7037020510139
19.7089331775916,20.2202261503179
18.5155858656549,18.5348939008743
17.3309942658206,17.0063657388568
16.3756808397212,15.8699922093068
15.734892136816,15.2204067942376
15.349162447128,14.9360525191853
15.1713432805362,14.9130598299902
15.2073610827457,15.0884151411568
15.3646710291181,15.3317899930301
15.5611257431854,15.5599129117995
15.7107139465425,15.7089581895075
15.7523951156059,15.7504254484457
15.6445114851141,15.6674881472568
15.4086509344658,15.492252986134
15.0954818580569,15.2673851501054
14.8028025751566,15.076896673186
14.5942151476593,14.9632629989254
14.5675260692807,14.9888423054681
14.7241237111596,15.1429841695362
15.0825548148103,15.4522055193245
15.5730092692038,15.8838016935335
16.1374993358053,16.3984435522809
16.5957379615419,16.8176839076974
16.8195689899702,16.9856833054665
16.8330020096707,16.8856664124724
16.8356158996118,16.6857401383526
17.0231053566831,16.5741715233914
17.4297512034478,16.5932483494521
17.9870372924959,16.6941417120056
18.5780888805469,16.8041196707412
19.1488693410226,16.8932046658363
19.6801916677027,16.9570876154521
20.2315395415597,17.044158236511
20.8267053407715,17.2493859378642
21.468346892189,17.6697795329941
22.1266481096608,18.4318834058022
22.7353672105812,19.4818552293304
23.2596219631185,20.7412828524298
23.6579709067238,22.0206614255476
23.9626481537942,23.2331759370059
24.1741269883935,24.2769615028573
24.2979292000151,25.0863676810978
24.3126746943163,25.6352071840054
24.2197743200827,25.9325044958549
24.0288941981981,26.0278749897403
23.7659062248908,25.9882150326781
23.4959885950982,25.9033945733477
23.3248970831356,25.8123721374247
23.1950038166444,25.4853761029023
23.0686152989385,24.9486383719317
22.5607991579922,23.8582947997954
21.6528590980756,22.3758828531104
20.2998925686856,20.4737047814058
18.846079795727,18.6060905006551
17.5420761050887,17.0651579371852
16.5586166594385,16.0294516439387
16.0020515365713,15.5432839917621
15.8161394109615,15.4824801553585
15.8960598723361,15.6852062625446
16.1053580259904,15.9966222286198
16.3347825975803,16.3090130138858
16.4666111158008,16.5219945745775
16.4589541652233,16.6038053543674
16.3086945450658,16.5493800105855
16.1007349543149,16.4313483996643
15.9382758304944,16.3392162897765
15.9014127283068,16.3464742197007
15.9989820029838,16.4634325543844
16.1737050212734,16.6421878449356
16.3516161545032,16.8168144745414
16.4661515681183,16.9287036796713
16.5292051040232,16.990433720251
16.5820807955984,17.0527603574098
16.5344356032373,17.0006836876994
16.3182986093057,16.6927096784489
16.0113655303161,16.1006888925743
15.9212484886283,15.4964537890929
16.2099198384109,15.0885562284069
16.8681544116819,14.9502767353294
17.7198417972498,14.9811869107826
18.6075520903683,15.0787407771502
19.3891778273644,15.0957365292717
20.0438906793068,14.9919158018914
20.6260056933501,14.8499949047803
21.1960520974068,14.8448953697835
21.7944296603519,15.1914033845988
22.4084439544238,15.954727189614
22.9947388670946,17.1057996943148
23.4999832024148,18.4859284279928
23.8919055196018,19.9615299044216
24.174662392153,21.4027827679941
24.3483455577235,22.7073311562908
24.4193394009161,23.8194047418507
24.3961729974147,24.7201493334259
24.2989455301035,25.3906748288944
24.1383571597783,25.8229335815468
23.9351987660748,26.0471932603507
23.7744377651856,26.1475850335124
23.7329586803026,26.1440430504699
23.8130675944445,25.9811537743073
23.6843757134603,25.3771858891496
23.1325495608214,24.2588985231951
22.1343552209407,22.6952196039722
20.9828158882343,21.0474354948977
19.8914279182118,19.5752398238936
18.9873600538055,18.4529732837683
18.3383387861142,17.7650787427885
17.9240163386915,17.458759892208
17.7108505890206,17.4305366717939
17.6659116411933,17.5664746283888
17.7569594470422,17.7771166872425
17.9266951908975,17.9863954251421
18.0878431192672,18.1207066802511
18.1159756975746,18.0932866929154
17.9210812179246,17.8514210776303
17.4822388778243,17.3944218430761
16.8918830894281,16.8137669107109
16.3421012217005,16.2890375136589
15.9694697549238,15.9352796138066
15.8806831836827,15.8496236362628
16.0124513012146,15.9675730619364
16.2888422872562,16.2305029300656
16.5580778469972,16.4997932575845
16.6879137135723,16.6537196745767
16.5922333522655,16.5978130131076
16.3245647021364,16.3560615462734
16.0573145152411,16.0594613270792
16.0640273394026,15.9548744589694
16.4788878204654,16.1686479029137
17.1330649879238,16.5291764824823
17.806499427043,16.8073982677454
18.3792699606705,16.8621543823716
18.9595220290685,16.8199895371863
19.6526398279387,16.8210114695011
20.4545391028615,16.9744950191096
21.3452620599459,17.4009517533333
22.2122331639905,18.14484606472
22.9864007946726,19.2170147986452
23.551796866407,20.5041958186995
23.9298019347301,21.8640656401312
24.1605570338381,23.1662428237799
24.3319580694916,24.3631669913376
24.442304743776,25.4270558763477
24.4897600246552,26.3097682630545
24.453172234222,26.9162470471619
24.3078414759695,27.1768778425662
23.9950839533937,27.0887823870581
23.5609822946399,26.7744513945207
23.1842333659144,26.4450353686946
23.0415769115777,26.2406003299113
23.1613523848903,26.1772930173662
23.4091248376218,26.1352710037737
23.6610258343042,25.9990350683158
23.7377144824971,25.6310116954988
23.466663838513,24.9294779957813
22.8074778780878,23.9312397386566
21.9708941409477,22.8724107686455
21.2986096829261,22.0547691153793
20.9729113909636,21.6191630461513
20.9537267157045,21.4916353935043
21.0802506761063,21.5064960919147
21.4286500663478,21.7045889396282
21.8101751037038,21.9126198352724
21.986763573529,21.9285732329816
21.6894989320931,21.511341246931
21.1215916600522,20.8525321959038
20.5713725294017,20.216407426004
20.2489502808234,19.8011705694804
20.2120270993157,19.6597587587723
20.4972511391418,19.841668705921
20.9914439600461,20.2507959438163
21.53871670887,20.7427040712021
22.0269519853565,21.2105074520942
22.4371188002467,21.6292209703437
22.7165211826783,21.9335801020082
22.8196740121481,22.0891720603387
22.7683005750894,22.1578494302782
22.7188042912156,22.3424527313389
22.8044811750344,22.7644197477606
23.051017711046,23.3913849106678
23.3846319984044,24.0955335981048
23.684454189601,24.7396065850886
23.8484142623537,25.2228033410231
23.8257214971616,25.4994656249582
23.6709816206938,25.6386493442726
23.5112334391607,25.7967733866681
23.4543154883385,26.0897340073824
23.5319431711493,26.5431664537864
23.7156242430964,27.1063457828213
23.9394850282464,27.7246812262396
24.1525518404803,28.3272981118323
24.31161497346,28.8578184500267
24.3799313491652,29.2521770687691
24.3261181862682,29.4580141786792
24.1523895721995,29.4125568828324
23.9090967133553,29.1643830449411
23.660891323668,28.7905472368167
23.4262585926397,28.369162395159
23.2216658044553,27.9365508262
23.0314443014962,27.4618293054598
22.9389014562737,26.9830329693963
22.8663660273872,26.3728286861719
22.7008137761694,25.5809162508482
22.3090591963859,24.5496843373852
21.7902415399823,23.4555748902293
21.2596474046102,22.463969355674
20.8145895823959,21.6853066192852
20.4631766544795,21.1332909891056
20.2391140490685,20.7948184771681
20.0965729213599,20.5841777377548
20.0244010748855,20.4487260058121
20.0631713857757,20.3949610288633
20.1623184201304,20.37171108025
20.212311890776,20.2954210760753
20.0314781673095,20.0274419891698
19.6327477250247,19.6069957946124
19.0782164533616,19.100000496367
18.5795045570174,18.6748653679485
18.334972879962,18.4651810625238
18.5005021491147,18.5964261276786
18.9960530311721,19.0314947502929
19.6509843854968,19.6365210082452
20.2261930519665,20.1905556778966
20.5112945769874,20.4802176278831
20.3791427053434,20.365133862345
19.9644671899548,19.9677417424993
19.5759441746471,19.5925555381675
19.4455260272729,19.4648035886575
19.5759725594697,19.5697429775499
19.8085668050512,19.7227166852627
20.0715793507922,19.8401463263113
20.3434004474283,19.9017737401199
20.6588371430567,19.9919036705705
21.0099547842933,20.1903222213418
21.4167602205384,20.6112198686371
21.8654446789033,21.2884532386003
22.3268453236261,22.1899704861265
22.7230906615109,23.178995063182
23.0069198370836,24.1424182894504
23.1718255629767,24.9739549608641
23.2273789633065,25.6238419768078
23.1951136594273,26.0705474172432
23.0990981238809,26.3301494374511
22.9725523007286,26.4376946849187
22.844464826464,26.4463991069742
22.7939531908227,26.4186514915233
22.9057094914495,26.3688158887655
23.1617914938763,26.1761747155179
23.284560953693,25.5941850829708
22.9259735774367,24.423103949215
21.9208034459336,22.6414040896597
20.4337597828038,20.5137697681719
18.8699056287746,18.501554101801
17.6797815699343,17.0842552346865
17.0217632267469,16.4104978622344
16.8671132118722,16.3828043034763
16.8998199032213,16.5883654049412
16.9605185467369,16.8021885687055
16.9114470163907,16.8512529400799
16.7896917060881,16.7752860261382
16.6249081164701,16.6207116112127
16.4160770696512,16.4179752744513
16.1684935346754,16.1966459018458
15.8792326259569,15.9633637887936
15.6071318822922,15.7719917546689
15.4400063418793,15.6918441463022
15.4726655676338,15.7950645277013
15.7479492094631,16.1102369470142
16.2278691800945,16.6048592825995
16.76282082537,17.1475133079648
17.187313326525,17.5898976736642
17.4382237134666,17.8751959716196
17.5376846351882,18.0177334421246
17.4709513723055,17.9761165373239
17.2010016361095,17.6493525127729
16.8038219014755,17.0331733499516
16.5456927990144,16.3599433924061
16.8000682862118,16.0932554397157
17.4819118006968,16.2977022448385
18.3721032975009,16.8125451572778
19.0982812815118,17.1882561421208
19.6562523799117,17.3534371325567
20.0902992711594,17.3397277859379
20.5231550565639,17.3726615653393
21.0039373875066,17.6279944509808
21.5465480041495,18.1915925418942
22.0682940795635,18.9828921049706
22.5071011916201,19.9301124824285
22.8118492048141,20.9384499550204
23.0155465530579,21.9372342218933
23.1077963182208,22.8098521022109
23.1027683827506,23.5278769063864
23.0153551434942,24.0776658556261
22.9154744680057,24.5387169208011
22.83826754891,24.9210262927661
22.8492854806495,25.239090888959
23.0162743624759,25.4610274255892
23.3106605866086,25.5106462395248
23.4832527412255,25.2233646597144
23.2206694075905,24.4169918927586
22.3802794065344,23.0360951549494
21.1562285484756,21.3079787395788
19.8987388688696,19.6144793618887
18.847306863147,18.2619509482937
18.169362678053,17.5167301479774
17.7632818696715,17.2667424565338
17.7370761891792,17.4801760453067
17.8065845738643,17.7266838091399
17.9280347327755,17.9242232168649
17.97771474988,17.9836649373497
18.0442270561277,18.029978599813
18.0838225700149,18.0506968069114
18.0107249809228,17.9816710823353
17.8069930697678,17.8195507898723
17.4861222251848,17.5771410073237
17.1569228275864,17.3500058610531
16.954372113593,17.2504991238505
16.9713415858066,17.3486224152604
17.1750264753071,17.5999611852576
17.4473750027779,17.8915474840533
17.6970886185783,18.1372799343024
17.9338597570456,18.3545378219378
18.2180947274414,18.6066393697122
18.3727621355122,18.7158552269344
18.3963999596566,18.6772942120428
18.3165403983825,18.5203570997297
18.3394758453818,18.4582792107712
18.451634364697,18.4738394170463
18.6081765519806,18.5114907542696
18.8046622980436,18.5600276194199
18.9574785861579,18.5360056217899
19.0589058486687,18.4501928114016
19.1544380078991,18.4074264989952
19.3730146613354,18.6118731870883
19.7568192526347,19.1300066057028
20.2590072724913,19.8707690765927
20.8243696837469,20.7290113410072
21.3959446756655,21.6154793662668
21.9331379254619,22.4807919241073
22.3467576230748,23.2563957930732
22.6341200709933,23.9360107552348
22.8280097770056,24.5099846253746
23.0122031250783,25.0264535834039
23.1601042670207,25.3946283660597
23.234534414562,25.5789253849607
23.2623094080311,25.5803350530616
23.3677251060929,25.5431359808219
23.6224776990367,25.532830849077
23.9170999259721,25.4673795441793
24.0275449728458,25.2059345141196
23.769053237117,24.6190485184744
23.1170839159424,23.7012262518947
22.2040683184002,22.5757113535257
21.259044854488,21.4712787502394
20.5209408931793,20.6290721704383
20.0919899813992,20.1355029674071
19.9132208324521,19.9050527649611
19.8226189564901,19.7540229112064
19.7281418705513,19.5846268910792
19.6652500819784,19.4375954285756
19.6747981465927,19.3766513823251
19.7727288901742,19.4434245887611
19.8539911762683,19.5576563735302
19.8159280701015,19.6184090273769
19.609439024286,19.5607409905323
19.3081781075172,19.4325932116204
19.0560730854717,19.3417993515579
18.9781696326949,19.3786382122554
19.1162288012326,19.5648594863256
19.483237755888,19.9191462939825
19.9575737092111,20.3426017036339
20.4671186700971,20.7793043605294
20.9028865408111,21.1333038854839
21.188628364238,21.3394130889934
21.2633985566181,21.3514027335572
21.1699549181641,21.2161337379246
21.023707842131,21.0422876269451
20.8908986717222,20.8849088885587
20.7668255336883,20.7236994378277
20.6309344708175,20.5082872839825
20.5340808575887,20.2576906879908
20.5579235810017,20.0375048357794
20.7561260002288,19.9549984362026
21.1408285768951,20.0831142077831
21.6255286117115,20.4219130048345
22.135558109469,20.964891559147
22.5715305357162,21.6341247833806
22.8935924268752,22.3151199285205
23.0814327367603,22.8866648629147
23.1591056084753,23.3108611957388
23.1391972337334,23.5699912561576
23.065809238473,23.7275197566721
22.9330850433732,23.7933106187695
22.7863334549305,23.8451604189641
22.6209414261695,23.8837666054359
22.5372599021105,24.0087978278862
22.6688668706132,24.2849094058185
23.0794830593598,24.6812594998476
23.3835396667887,24.7531687362053
23.2302234407453,24.2585433822992
22.5164662708617,23.1772805489544
21.5640896750683,21.9083837608649
20.6331003734742,20.7350149832792
19.9131166155777,19.8745051194703
19.5304922957142,19.4511617132208
19.4613627395892,19.4047853437826
19.5955663501859,19.5777310906302
19.8474457681983,19.8487010718488
20.1366248200792,20.1268911952197
20.4055082414822,20.3699684952624
20.5614079624705,20.5209658318846
20.5485554862405,20.564506812487
20.3771983168319,20.5229694727319
20.1532608434479,20.470060632709
20.0151899841862,20.4809116424445
20.0511834202051,20.598296737177
20.2967184113814,20.8203002453893
20.8069678360408,21.2103043117056
21.5602064239079,21.7742472393735
22.4576900431738,22.4825307299562
23.3266473777409,23.2028089901259
24.0386014580117,23.8124234018122
24.4661780257537,24.1814378169305
24.5040307302157,24.2135345998879
24.1947236874447,23.9471211114405
23.7027810509085,23.5345648375845
23.2180873412711,23.1357705036667
22.8152369484027,22.7963761409607
22.5439432231917,22.5492290962679
22.3868960110215,22.384911748214
22.2860505429245,22.2561781500077
22.1777363504659,22.0993344606712
22.0717506729393,21.9314518750597
22.0721935828288,21.888690182139
22.2072713076613,22.0495502226502
22.4540332363286,22.4035740504763
22.7121062841489,22.8729678240705
22.9427938234101,23.4079363767084
23.1218519301298,23.980208207452
23.2711310726176,24.5479148302181
23.3712680077497,25.0560531334517
23.4296359093603,25.5039199372573
23.4426996305613,25.8878324403855
23.4632816614077,26.2506540543629
23.4900744953957,26.5677879781172
23.6315796815334,26.8734625634083
23.9148438823466,27.1082305428776
24.2852684690001,27.1714871259469
24.4797956979982,26.8950838897721
24.3003531664528,26.2074195851901
23.7853897069887,25.2238847060466
23.1715995760635,24.2676550923499
22.7427246644859,23.6253389375828
22.6224027154758,23.4003715441767
22.730961392438,23.4335485004579
22.9225729674488,23.5359571162399
23.1284634911027,23.622825088791
23.3478979520089,23.6923512829307
23.5763854753449,23.7525851148902
23.6315272206263,23.647845666372
23.4508486041481,23.3449047005596
23.0560931798876,22.878195419748
22.6594322083815,22.4462530132654
22.3887256987634,22.162122820285
22.2901945927533,22.0518573657137
22.3946159888754,22.1298428982337
22.6434413485872,22.32986820932
22.9642724231598,22.5949033477536
23.2933484581676,22.8861541363433
23.5995153330806,23.1938860245131
23.7695231117295,23.4216112591392
23.6431923104882,23.4096788395373
23.2249084702588,23.1250578813243
22.7013397069181,22.7034782839588
22.3207210931583,22.3600603048212
22.1536555908961,22.1580608808241
22.1608464226838,22.0660051020052
22.228122101027,21.9825773250357
22.269907774014,21.8355630242841
22.3209479867403,21.6862644722556
22.4612581199287,21.6491039788478
22.7361093006244,21.8130606756159
23.1491852432191,22.2234169779692
23.6416304733037,22.8657555670898
24.1900312040192,23.7273911142662
24.7352279884543,24.7243112695972
25.2394039472815,25.7783528884452
25.6615817575477,26.8022332280287
25.9792504258874,27.7286858365911
26.1917091887425,28.5155738169933
26.3520748766717,29.1716376582337
26.4837840890106,29.6708025960337
26.5653630938972,29.9653559981104
26.5939421118985,30.0480804081822
26.6452490560227,29.9986541970419
26.8187520238225,29.9233032093171
27.115426317272,29.8485066340274
27.4049771149084,29.7036901181676
27.610637948568,29.4584567046328
27.5889461993036,28.9942869922552
27.2509584878266,28.2343811728489
26.4955999678217,27.1339017958663
25.5297458429638,25.9314640064461
24.646140748913,24.9234706233171
24.1322087824807,24.346432374927
23.9662030247955,24.1377353928514
24.0278366495509,24.1458461884798
24.1666423013521,24.2109787166957
24.319246027618,24.2722100705309
24.3964323813896,24.2610944497345
24.2723611332494,24.082985247119
23.9535883386688,23.7593947551373
23.5354807393931,23.3799412576176
23.1631096281494,23.0672252936658
22.9222563125177,22.8816924257481
22.8712075434848,22.856817642147
23.0293849662365,23.0080532966035
23.3297465136957,23.2862156571813
23.6392528381347,23.585900399899
23.8008202008588,23.7608753239161
23.7909345451666,23.7745858291391
23.7078783504146,23.7047941450062
23.7763027765575,23.7747817254837
24.0572237037745,24.0646791330721
24.4936902643939,24.5409322735681
24.9433507726334,25.0793550755114
25.3164632986799,25.5984817334107
25.5633177136607,26.0465886920043
25.7229940624654,26.4588384649734
25.8773534872127,26.9219392810639
26.1135601925569,27.5314620104061
26.4118923932837,28.2590265190793
26.7152346667736,29.0265833494946
26.9660308755388,29.753233323202
27.1549881873092,30.4137983092943
27.2379448783529,30.9070015371613
27.2061769912568,31.2054613778709
27.0568307976308,31.282103082109
26.8328801741982,31.213131838502
26.5797830003437,31.0278858920965
26.3308011016064,30.7643933182276
26.1364256521391,30.4809373679871
26.0762750115366,30.254345678744
26.2110785937055,30.1058081779459
26.5242155528242,29.98514763732
26.924538629706,29.8245716794135
27.2636106436476,29.5532674286065
27.4161646164688,29.1191761601879
27.2679427702664,28.4506881193135
26.8414593396227,27.5943746731732
26.2499399601531,26.686425409485
25.6555897641126,25.8909225612174
25.1990737568496,25.3201681172469
24.8964555372578,24.9421914581626
24.6789798303344,24.6573909393631
24.4838177413264,24.3840790568084
24.3660551178771,24.1711904375102
24.4144810154139,24.111180429899
24.5772153140106,24.1698246081345
24.7226092344432,24.2394817458094
24.6989239623565,24.1881498532648
24.4960958602456,24.0121087963595
24.1787926634793,23.7720674033543
23.885742206945,23.5915558943971
23.7317387522089,23.5671788490418
23.7442192825341,23.6988651760631
23.868672654618,23.9044545573657
24.0610872387261,24.1229470399726
24.3179204913834,24.3484060593558
24.5577728729048,24.5279631562498
24.6226498973945,24.536670195812
24.4277097303466,24.322317779012
24.0799771873567,23.9866715641263
23.8130360817942,23.7517120657993
23.7571999582093,23.734370197086
23.8621536858564,23.8701909791182
23.965119691107,23.9781689127921
23.8688584265022,23.8419586999379
23.6556173798967,23.5295629995541
23.4593149474667,23.1668611652029
23.4731997227105,22.9669705043735
23.7137612041329,22.9817989789787
24.1262734349676,23.2214055821421
24.6216880767751,23.666948920909
25.0977284752945,24.2936306281569
25.5280272042259,25.1149537063815
25.9009027525163,26.0634634186601
26.2391730307328,27.0342468438102
26.5419681391087,27.9189671466048
26.8217978247003,28.6716662818781
27.0462495065872,29.2590419871426
27.203873346383,29.707573499201
27.3798347432291,30.1157707888756
27.6563097034057,30.4643817988124
28.0368868344886,30.6801528027332
28.2782532166908,30.5359735555682
28.1671940271467,29.9360715197018
27.5834872793443,28.83794298394
26.6391280306316,27.4133718171593
25.5410388590094,25.930475098887
24.5181570673416,24.6599460716238
23.7316005785141,23.7590505935396
23.2855266754903,23.2905050369472
23.1335493889739,23.1447405087574
23.1999989297445,23.2013911928794
23.3606860857019,23.3227225984194
23.5841955996643,23.4854426313676
23.7941255231964,23.626021307318
23.9150862744867,23.6863547309414
23.8857496530597,23.6253985871343
23.7009444838785,23.4484093144377
23.405285216154,23.1992016658922
23.0952725792789,22.958078341777
22.9005632738938,22.8390896308083
22.8797243590763,22.890697570056
22.9678111445475,23.0490513909261
23.0755797567558,23.2288505066396
23.1988990276423,23.4259212752299
23.1639827291924,23.4824714566945
22.8741745357958,23.3008294352232
22.2291584835801,22.7568802480577
21.5255065671731,22.0989238299523
21.0085399628513,21.5355477916687
20.8353879160534,21.1933773067897
20.9421479239062,20.9980200267257
21.108322151864,20.7555392958965
21.2576494303483,20.4279601242482
21.3889710113102,20.0617317548777
21.6316129714692,19.8191839547856
22.0121819892706,19.7922943561481
22.5811593288013,20.1001647456784
23.3222901718771,20.7899014454417
24.1548037172076,21.8472872520544
24.9748754848892,23.1131346028504
25.6995211548421,24.4459015847852
26.3162544410048,25.7221295872684
26.8235689087399,26.9008316631068
27.2294875157066,27.9343077641294
27.550208295906,28.8075757104673
27.7757195977147,29.5079274232496
27.9631359445627,30.1084862069884
28.2086198408458,30.6597405589651
28.58447523102,31.0968055302374
28.9534846663708,31.2399363988643
29.0445828197498,30.9078221638616
28.6151366232919,30.011029226817
27.6401175556113,28.5925531475385
26.3345873181785,26.903237562992
25.0524708726415,25.3303616080034
24.0744534175108,24.1749281644916
23.4680411928974,23.4862360725551
23.1207874221255,23.1190752783885
22.9187650544416,22.9194008964001
22.8131949084193,22.8093475139374
22.8247209004109,22.7969653680167
22.9620042612156,22.9014342450301
23.1608661424805,23.0858163225358
23.2981797174348,23.2545229831116
23.271949860084,23.3118009376866
23.1143982586937,23.277173931483
22.9308551542128,23.2309529969797
22.8603588480088,23.2807658928713
22.9615343437287,23.4589429300726
23.2269806412291,23.7460757169326
23.574443918883,24.0739623752583
23.9214761365119,24.3849778561139
24.211424638497,24.6518402234617
24.3814236665481,24.818387615232
24.3387980554317,24.8092050275008
23.9638112447611,24.4990634433589
23.3562742267096,23.9574282947397
22.8470357047696,23.4346095789176
22.6617118271159,23.1105490349472
22.7987671021138,22.99916158053
23.0147862144848,22.9227655502193
23.2205761322887,22.8384954404256
23.4016899723253,22.754561242371
23.5887415924535,22.7087028226337
23.8261402912395,22.7566122709166
24.1456872307357,22.954297373531
24.5902699907057,23.4238318672053
25.1298339394661,24.1893424075604
25.732443111015,25.2176947462031
26.3199001547788,26.3496692672179
26.8445434761928,27.4775908813981
27.2709926037596,28.5129450174978
27.6059334873386,29.4121497821764
27.8726438814655,30.1543995589549
28.0807385334909,30.7126944058497
28.2126450942264,31.0674878439868
28.3295075134744,31.2689677310566
28.5298010550681,31.4149048097919
28.8105589501632,31.3837805033758
28.9446984739974,31.0180874683295
28.6805091879316,30.1750342520052
27.9879546242144,28.9832200611547
27.0726158078075,27.6766451005331
26.2181164920976,26.5461374005843
25.661759508762,25.8169816947873
25.5212035348089,25.5674777957132
25.729765851049,25.6882194773246
26.1138229793178,25.9711157775084
26.4722791143262,26.2006516163299
26.7322534236926,26.3097435632876
26.8947719752054,26.3235185240735
26.982524533758,26.2948021767894
26.9395557878921,26.1870265884741
26.7573910794618,25.9926832459414
26.45433743918,25.7256432696203
26.0971411250265,25.4410886536715
25.7511102605234,25.2060336317946
25.5025385376913,25.1036827065366
25.3997553628973,25.1815967837993
25.3852252494993,25.3731111876424
25.3484141490898,25.5510069769333
25.2582279542577,25.6606295423843
25.1180794942668,25.681640010657
24.867336595678,25.5406056565979
24.4353103907756,25.1413174534958
23.9102097351087,24.5615974078342
23.5558910486836,24.0745667313794
23.5562723497563,23.9062007707072
23.868706075118,24.0487440912132
24.285739563206,24.3139698708108
24.6650568241308,24.5638524770648
24.9207430239327,24.7035394185671
25.0548215249556,24.7182614132006
25.1034511893749,24.6334299062074
25.1767109229319,24.5791056339575
25.3779790967488,24.7130028942881
25.730098513997,25.1185549436734
26.2055804473068,25.8030428295171
26.7377536259363,26.6817290112478
27.2535054914082,27.6419980696525
27.6909673346835,28.5633982396415
28.0137730930927,29.3754729127811
28.2390082735203,30.078784811753
28.4134392972575,30.6869326210599
28.5704000711134,31.1944188943311
28.7327795921467,31.604027250689
29.0019800000884,32.0232641754726
29.4477368545385,32.4675562335993
30.1312187423596,32.9137191632196
30.6109207601234,32.8790547295617
30.5748937657543,32.2224082577802
29.7943360677132,30.8563363607116
28.6262685564014,29.2320303563907
27.3838356200756,27.6768119089192
26.332586803074,26.4428819185476
25.5383657436922,25.5765237320098
25.0241758034083,25.0530843228223
24.7550851559164,24.7881530742144
24.7476703295234,24.7462308607774
24.9287618768066,24.8312838243818
25.2637590176145,25.0261493142159
25.6146343652183,25.2337168103658
25.8245566928795,25.336190105709
25.7926686137794,25.2529510153363
25.5138130838652,24.9917799101853
25.0743789109172,24.6545656745061
24.5624913459323,24.3080637654463
24.1713893182742,24.0957852188544
24.0515223894188,24.1124409928836
24.2163360680336,24.3453370219084
24.5306729303238,24.6670233990961
24.8678397769217,24.9799145740092
25.1696488965265,25.2597701131297
25.3641447294951,25.4752651474307
25.2110003276091,25.4256230449409
24.8291649709224,25.1726397338915
24.4301226465451,24.8293836187808
24.286846291978,24.6003757067848
24.3031238144283,24.392562082464
24.3833414723191,24.1329194646047
24.4575735859178,23.7788005413897
24.5318465240326,23.3734805888579
24.6693597098934,23.0293637943186
24.9741453827024,22.9209764360277
25.5065250162861,23.1844875036178
26.2277919738732,23.8321173366944
27.0787480927761,24.8617862408816
27.9541898779481,26.1628825077503
28.7852867321198,27.6281454699229
29.4923276750852,29.0866014444686
30.0559027343262,30.4520469801859
30.4809380907136,31.6857677806283
30.8338203613152,32.7958428646935
31.0977249861291,33.62107074028
31.3194806885112,34.1708115124313
31.513995749129,34.4317253834179
31.7978888492974,34.5728834466855
32.0974701881329,34.5018550732208
32.1649401295837,34.0461947887582
31.7185496215193,33.043439380491
30.642797671778,31.4564277919887
29.0954055979707,29.4851998137844
27.3968252278512,27.4722623766708
25.8645894043407,25.7561643886988
24.6296788545434,24.4700050426259
23.7001167455901,23.6152660239521
23.4469849423755,23.4435125903539
23.875904740691,23.86718145469
24.5672307742732,24.462582262428
25.110842840132,24.8446467480475
25.526342408847,25.0719256136006
25.973961277676,25.368141073161
26.2461180357396,25.5637664660628
26.258844056788,25.5723243990085
26.047607907621,25.4150504865182
25.695514187381,25.1629447738076
25.2946587998829,24.8730449841338
25.0432976272997,24.697801836845
25.0943981483063,24.771996015886
25.4267645277472,25.0923518865695
25.9141436145589,25.5624627974338
26.4527679728973,26.0983141407497
26.9149902100008,26.590453721559
27.0908540840891,26.8507831026124
26.8153215431339,26.717946769811
26.29264965913,26.360315146326
25.8290164823103,26.0253022518679
25.6085275265662,25.8522471699816
25.5424246946844,25.7373340497024
25.5691029829746,25.6188508572757
25.5934778206618,25.4048221044045
25.6007768004112,25.0802812849675
25.6073605588388,24.6780106780153
25.7554700636859,24.3922534379224
26.1148715063703,24.3824085264342
26.6878615639733,24.7604006932371
27.4342742916249,25.5386234731838
28.2469386277277,26.6557079185116
29.0359210648764,27.9522933954788
29.7113020033393,29.2662453758218
30.2667244053525,30.4700184967914
30.7223442545546,31.5385507428212
31.1565363332654,32.5073257910791
31.6188739712054,33.3867469817147
32.1169799437076,34.1772735304059
32.6337664872707,34.8630376536012
33.2142802189935,35.4772328460902
33.8709188178634,35.9465164584176
34.2564818297928,35.9509732057606
34.0854522803513,35.31563968534
33.197646322897,34.0160881731772
32.0183865983771,32.5118022323496
30.7719930707537,31.0218421751132
29.8779808799757,29.9731801015722
29.3666859763012,29.3801187139525
29.2965986029811,29.2641198820334
29.3628094417403,29.2737051633502
29.4274966587344,29.2444461883576
29.421041142225,29.1022988044381
29.4621836935543,28.9853081179051
29.6277522468705,29.0014452229911
29.9099152317971,29.1675833525446
30.1627942308866,29.338198054278
30.3125181070206,29.4348688109761
30.3690152446267,29.4663662854205
30.3565760174718,29.4653047609138
30.3002068561328,29.4515731512496
30.2682426649467,29.4742591909864
30.3383429070975,29.5990037290918
30.5114363784932,29.8335609904741
30.7056476633291,30.1034738460493
30.8259880225147,30.3191503121215
30.753024905881,30.3798567102369
30.3691546031022,30.1845443892382
29.6987065488075,29.7331617276445
28.9977126026609,29.2179818425875
28.5511969182328,28.8684191048551
28.4442612586553,28.7481735587678
28.5462213133017,28.7331135773875
28.6634877028449,28.6429223558237
28.6617947259889,28.35775608945
28.5223933784858,27.8734463821852
28.3413069451255,27.3143029759811
28.3165773913316,26.958648590255
28.5647119788062,26.9981228963792
29.051868498614,27.464030787174
29.6779995471471,28.252497524705
30.332256148826,29.24880760011
30.9713765382664,30.3573382799868
31.4902456591816,31.3996390154985
31.8921774807246,32.3272793661943
32.2259225332037,33.1457748317471
32.5826093348484,33.9153780805123
32.9469750453553,34.5747349691419
33.2889394870395,35.0788135530623
33.6411720735676,35.4362198812635
34.0572964834978,35.6899024922298
34.4348706330267,35.7486882549218
34.485073708795,35.4128038801999
33.961724495254,34.5303221343789
32.868066266025,33.161675214911
31.6430069020242,31.7600532426108
30.7252410769146,30.7552818969796
30.3733541406577,30.3806641899032
30.4721514581174,30.4804455929789
30.8287752194082,30.8212999039617
31.2891547944526,31.2196696432182
31.7759014879032,31.5895242880032
32.2613842795776,31.9140985185537
32.6876574639384,32.1861575199201
32.9701746276331,32.3620309970552
33.0224768654334,32.3881341419395
32.8714754669587,32.2636411524519
32.6038718398142,32.0616396115933
32.3519345184452,31.8950607594461
32.26568616379,31.8905775179777
32.4548259034076,32.1426518281282
32.9012385858617,32.6210437938331
33.4938556190918,33.2243059993348
34.060454413979,33.790060813495
34.4676118283082,34.2150898748687
34.4440295508183,34.2740030454751
34.0573573873777,34.0196867436831
33.2639259256364,33.410045594442
32.4602605543877,32.773747443545
31.7289037174806,32.1529177424975
31.2856680503947,31.7084821242817
31.0225415535916,31.3203507779348
30.8214774193894,30.8804337626341
30.5674227971086,30.2878315587453
30.3145348429283,29.6164388482047
30.2017980366756,29.0420167376797
30.3479850057735,28.740403499763
30.7337779621952,28.7349741299894
31.3232239287706,29.0498354478207
32.0401727110638,29.6760576854856
32.8459675180421,30.6103483878318
33.6436519297069,31.7278536468144
34.3581622476465,32.8947198181958
34.9434006255333,34.0081810624648
35.4000906017676,35.042356787673
35.7899966260139,36.0395712964772
36.1495661720806,36.999667753958
36.4838664036015,37.8742015788907
36.7794116090428,38.6050593298263
37.0947413414396,39.2127585700651
37.4923901154522,39.7063200142828
37.767644726562,39.8010814772291
37.6703314015541,39.3508362599255
37.0939224679441,38.3523194412374
36.1987967326705,37.0856608979619
35.2529689887089,35.8196744199366
34.4767112820802,34.7970370464702
34.0477483649087,34.2105090070034
33.8971163866363,33.9932018166571
33.8986311817688,33.9793170590389
33.9625677213166,34.0200126178875
34.0491064170949,34.0388872706639
34.1085113198102,33.9919378713662
34.1009628446755,33.8687055054538
34.0313075259816,33.7057307849945
33.8985490750893,33.5178417926099
33.662232524212,33.2595707308867
33.3632844221499,32.9541711330753
33.0837128085452,32.6685140001953
32.9688870271596,32.549565685232
33.011051577633,32.5999844129685
33.1738079334296,32.7885838018369
33.3609120310832,33.0215799430868
33.5331088290642,33.2616975433388
33.6494831610955,33.4665804036964
33.6777917844052,33.5971258496302
33.4993376051501,33.5373104552521
32.9859281799569,33.1569137944105
32.2251731568542,32.5206457243571
31.4395679971744,31.8127709788222
30.9416086343623,31.2980693011851
30.8276344183574,31.042054473065
31.0332866882239,30.9930310793138
31.3264778606139,30.9561933160453
31.5065001751892,30.7578303219122
31.5155635927236,30.3729433891423
31.4953106719338,29.9749441249042
31.5732344227866,29.7228333067524
31.8663496080578,29.7583818938658
32.3361456108891,30.1117810162856
32.9391474337119,30.8169436635281
33.5978543396898,31.803213597831
34.2223170387739,32.9275341975022
34.7588234283294,34.067024774177
35.1816640069422,35.1332749522592
35.5261790782469,36.117186859267
35.8337705194722,36.9986339031886
36.1312492927848,37.7369184930952
36.3792096890574,38.2424955226141
36.5526740877177,38.5154578820529
36.7538950314754,38.6762667601765
37.0350821410056,38.7763470283319
37.301308537133,38.7282240810245
37.3629434120626,38.4103502824391
37.061260729102,37.7406838157469
36.4347118803965,36.8038687335217
35.5724114919336,35.7149387692197
34.7411583740586,34.748982917304
34.1532673975039,34.1104114413621
33.8822560098629,33.8513298393274
33.8256954845593,33.819798945226
33.8852014002427,33.8821756177691
33.9886060427191,33.9515709190034
34.1633011046034,34.0637178692178
34.3907978027231,34.2255516183322
34.5842293430854,34.3794895784625
34.6286312598484,34.4250156317012
34.5275537566603,34.3641786681249
34.2705181181751,34.17118186032
33.9507664981669,33.9308398921628
33.5809347001614,33.6402425584826
33.3035264750805,33.4254204597732
33.2190893586257,33.3696272079653
33.3571067001951,33.51348412086
33.638997947914,33.8088046599408
33.8897658566594,34.0954591120483
33.8865149953818,34.1520119623397
33.495960853858,33.8250043492623
32.7662784571098,33.1490538295087
31.9661966339469,32.3672393978502
31.4172516298485,31.7706936169595
31.2833857351804,31.4933506549029
31.5121286559678,31.4798502234734
31.8626105966304,31.5170689169338
32.0998785489151,31.3970374334511
32.1478359090467,31.0562733851526
32.0995682206776,30.5949992461833
32.0951173998637,30.1712627274996
32.248702318568,29.9281170227558
32.6614840442561,30.0747259414114
33.2698401828237,30.5835334082824
34.0134177075686,31.4942532188542
34.7366130395035,32.573258704267
35.4116269145046,33.7742561274352
36.0045732029595,34.9505782357491
36.4977552582917,36.0436795656909
36.9011114269781,37.0493030017911
37.2503183872818,37.955063197334
37.5724859079202,38.7392856987642
37.8784618825573,39.3766311151321
38.1683664611982,39.8152945439105
38.4036800096314,40.0203507709151
38.5515662472756,39.9633829399771
38.4123632354406,39.5365565723276
37.9078974444402,38.7176906768461
37.0677254164318,37.5955387654714
36.2309476589368,36.5306996188046
35.7169973834299,35.8547852621177
35.5693377709174,35.6173769470209
35.6110870849367,35.6307303008693
35.6466750392189,35.6630477146499
35.6438648168388,35.6435655964679
35.6382237552311,35.5782848531916
35.6722074242251,35.5039279947382
35.7745526290731,35.471313033634
35.9244385196814,35.5073458899783
36.0424499345102,35.5560996561021
36.0750048646507,35.5695058328214
36.0376756626173,35.536459601777
35.9931597790212,35.5190102958076
35.9560451519227,35.5317499421484
35.9352921282168,35.5739515151986
35.953192356611,35.6528116416141
36.0073449928148,35.7532098694053
36.0927377604711,35.8675177135902
36.1986153605949,35.9894238147988
36.1596801450237,35.9892674215193
35.8846551761203,35.8050449581656
35.3462506857355,35.4117682404925
34.7756448349394,34.9872091580697
34.3067583963048,34.5948867377889
33.9813068512168,34.2267428424674
33.691928509149,33.7629515808396
33.4068422690939,33.2111413999105
33.1793329158219,32.6841449401434
33.1195583552046,32.3508261522913
33.2975692826739,32.3312604203102
33.6923337821003,32.6501676277059
34.2822801103501,33.3043822608841
34.9741708860585,34.2140728343421
35.7088614215766,35.3042995491457
36.4286528762929,36.4759802366463
37.07908362373,37.6276972180224
37.5756045605019,38.6413837685939
37.948199329633,39.5084396851805
38.231811548435,40.2070201195327
38.4875398770214,40.7669551978137
38.7179666416608,41.1901152291398
38.9861597127617,41.5389088891237
39.3466206199756,41.8284561294791
39.7465807820681,41.9912988726011
40.0710881051838,41.9215447287956
39.8967139896421,41.3002805597764
39.2030619047143,40.1878015275804
38.1461213270117,38.798818795039
37.2747786028319,37.6831768619969
36.7619335969525,37.0085790681367
36.5722967024445,36.7230661834558
36.6383524677403,36.7191633879106
36.8870889917755,36.8843441972453
37.3066218263977,37.175329848757
37.8523813882517,37.5368751219402
38.4589219101069,37.928827847057
38.9766747639227,38.2400498681673
39.2595197878272,38.3547689897913
39.281761568982,38.2450089696075
39.1173322791465,37.9831891977601
38.8726417263284,37.6789851282951
38.644738366379,37.4238062357932
38.546177129073,37.3161011275053
38.6516159494934,37.4164149352892
38.9284311758387,37.6888226729583
39.2347229965351,37.9857124748482
39.4514259008913,38.1967197590236
39.4505085430303,38.2103395597108
39.2053939582554,38.0465181825266
38.7668165815996,37.7813579248008
38.390580696895,37.6680936888321
38.272295106722,37.8436840727022
38.4308521803575,38.2566908381347
38.6504394413485,38.6454387616446
38.6713177671463,38.738987646245
38.3466244678616,38.3953613867521
37.7458736834332,37.6863861134266
37.0247669439042,36.7656852447956
36.4011976940952,35.8546652118158
36.0094091810255,35.103932700097
36.0311254125446,34.7637357601216
36.3990925117016,34.8396747838215
36.9822521956539,35.2811301214822
37.5845595106499,35.886335066083
38.1394736821764,36.5855651963187
38.6091988216382,37.2891953551205
38.9533810014671,37.9243423214532
39.188670270013,38.4730907041273
39.3405423527119,38.9564925022304
39.4265277739255,39.3967249518444
39.5008415654222,39.8551569102672
39.650894607238,40.4046058004108
39.9226326989113,41.0350755741174
40.2621572184902,41.6019699338565
40.2185731206626,41.5622641156367
39.6661366183616,40.8268098293119
38.6440372018601,39.5188301644563
37.5478654505551,38.1306078706305
36.7381003301109,37.1214020368969
36.2924442575581,36.5980106632587
36.3058541226605,36.6410511623208
36.5447398317792,36.9440461311912
36.9277147860002,37.3672244377541
37.3713746199885,37.7940923155999
37.8312321253977,38.1666546407217
38.2198637552926,38.4134658029701
38.4761789378751,38.5077766448084
38.5497278037883,38.428149571903
38.4849803385396,38.2320209111011
38.3306405434253,37.9740759133685
38.1383377491453,37.7053956454126
37.9804278670812,37.4841123132934
37.9553809908811,37.3836453132218
38.1252487206201,37.4678153079894
38.4308418650587,37.694097292992
38.7766589097659,37.9947630812141
39.0234669559638,38.2297333931845
39.0602965900207,38.3124005824312
38.6805934998545,38.0568835636024
37.884243739518,37.4623810245487
36.8816058385938,36.6928372610025
35.9944270490496,36.0061742616158
35.3634523275063,35.4860574365875
34.9016901944111,35.0160572604365
34.4291853673106,34.4138904334111
33.9139418231371,33.659866359226
33.4410756861231,32.8534373975295
33.20038811054,32.2083609298549
33.300298088634,31.8801426628397
33.7588249065794,31.970251038828
34.4911921212053,32.4955775171566
35.350410850786,33.3949165973546
36.2178966367303,34.5500609122146
37.0065157748516,35.8351011759519
37.6686111803702,37.1147315909486
38.1877318986068,38.3030786507063
38.6041795172567,39.3666450237009
38.9980771668612,40.3410096974993
39.4137598341376,41.2545447551497
39.8724126034289,42.1505476661226
40.4341508502727,43.1167157802593
41.212939715407,44.2529013384983
42.2477614594865,45.5024155836293
43.4094840326812,46.6310844773534
44.3114078584414,47.2025903073373
44.5104544214719,46.8503123059616
43.7418276917273,45.4410483238882
42.3252911930383,43.4524300086094
40.8471994865778,41.5636437861505
39.8430676351783,40.3220807199906
39.363594959038,39.7442744560242
39.369298772055,39.7180932180174
39.679535979698,40.001520682006
40.1963099211728,40.4386308622774
40.7030106601967,40.8037796048306
41.1117335565416,41.0407168941496
41.366870683353,41.1266093346877
41.4676456347356,41.0751757764038
41.4175833159038,40.8959236306129
41.1884845715358,40.5644645213666
40.7955013728443,40.0965798869181
40.2875582147773,39.5320948166919
39.82036814203,39.0123042378444
39.5405104669245,38.6821490421335
39.5131944755307,38.6181555182095
39.6973938505194,38.7914680171068
39.9760699571503,39.0922052279648
40.2762119923809,39.4344831597438
40.3154765984016,39.5882902874341
40.038879818756,39.4896143803655
39.4794682911759,39.1487864401407
38.97647110716,38.8291373091987
38.6997808800211,38.667380535038
38.6600969395473,38.660354513049
38.7271778508412,38.685432610783
38.7804196725232,38.6456171201888
38.7118091366771,38.4587725147325
38.5773352050656,38.2014451424439
38.5096836680626,38.0159362565678
38.6729539791671,38.0823595208973
39.0496735207853,38.4207307428924
39.5429509606485,38.9794837064008
40.0787013186956,39.7006653301553
40.6073688437663,40.5300318403847
41.0797781589529,41.3774201765919
41.4344444930222,42.1412280640683
41.6733775432717,42.7783349660404
41.8381281761418,43.3001049699027
41.9811964520087,43.7553273456219
42.1493801969461,44.2047935495252
42.407494291618,44.7243721166475
42.8545846967038,45.3583196116441
43.4729557500324,46.0060258456055
44.0730498833743,46.4327804460497
44.2065647858792,46.216720071829
43.7732116567467,45.3590909433069
42.9074301715401,44.084074497637
42.0248677864565,42.891744657223
41.3427764446751,42.0007515313241
40.9086707304072,41.4508762152107
40.7473962691784,41.2230784175065
40.8082636514189,41.2281013223229
41.0601516499149,41.3940072054154
41.4306435910268,41.6347916723636
41.8514686150694,41.8765980471588
42.2118669245698,42.0222760118673
42.3808558079941,41.9681163471479
42.3119436280177,41.7043162253497
42.0390111411363,41.2876325701083
41.6702874929045,40.8399563514713
41.28734053066,40.4267056944588
40.9923791363637,40.1208814423359
40.8325719713814,39.9418741925005
40.8393842938874,39.9169091270518
41.0070376158415,40.0556655871051
41.255834590454,40.3117327799614
41.3956573785422,40.5344839240704
41.2476075046409,40.5606116213557
40.8838458806275,40.4371752189146
40.5026495779817,40.2867890944867
40.2585122023185,40.2067591206231
40.0837313812704,40.1103266159186
39.8668812165789,39.9010839476777
39.5832731232403,39.5693289703588
39.2578740533048,39.1437348529427
39.0014590855313,38.7377667057926
38.9428097558342,38.4953992795494
39.2517217026115,38.6622427716851
39.8900320742745,39.2832797658185
40.7352337661371,40.2981503016396
41.6089817947036,41.4925288075518
42.4355790115387,42.7544532341488
43.1595528508652,43.9721064836556
43.7580364379964,45.0819006703091
44.2798536834208,46.0926180969467
44.8105902668303,47.0550688076468
45.4249210393699,48.0556156694095
46.2155796256176,49.1595627318554
47.2124605931855,50.3648834518643
48.3656629749147,51.514461937826
49.3493491135874,52.2587146564427
49.7574460869766,52.2577260341481
49.2816670135834,51.328283615226
48.1260526079171,49.7925023028135
47.0643785876899,48.4581559049053
46.8218725770584,48.0572293200566
47.5782416859236,48.7093306080762
48.9075039119659,49.9409053956096
50.3032269192676,51.1892727226994
51.4359702291096,52.1036710771893
52.1484814499555,52.5332345280248
52.4376100780459,52.5082105246225
52.3412185606706,52.0959285155136
51.9860344634168,51.4401519217983
51.4591521392543,50.6370207581875
50.8906886840224,49.8226679745093
50.3140467786788,49.0410176509227
49.798649547991,48.3608566088215
49.4400414633189,47.8735201486671
49.2787602351722,47.6211776741941
49.2948740544994,47.5957608918111
49.4401353846125,47.754885452199
49.6608419914067,48.0296662630258
49.7112552079978,48.2308162071773
49.3531884197079,48.1208334309947
48.5650306282245,47.6725225550266
47.6481978370922,47.103639006983
46.9210352153761,46.6929183291084
46.4427181179336,46.4701637884228
46.0960898111625,46.3059183259487
45.7197263686889,46.0509671808504
45.310026857705,45.7282389161176
44.9515587419168,45.4425231542015
44.7705577266363,45.3225234397458
44.809845221132,45.4233512978171
45.0629357437037,45.7593581245424
45.4969069103688,46.3375526896596
46.0353272781428,47.0855165838718
46.597647845528,47.9169753079666
47.1207878152179,48.7254436261252
47.5917574491977,49.4819722425182
48.0262853352466,50.1862570487789
48.4280649910817,50.8286341100285
48.7640755605628,51.3742937203014
49.1881931123559,51.9645692215351
49.8060477441428,52.6669804391872
50.6764965266726,53.4565040240711
51.4876537042002,53.999811457721
51.9442062150833,54.0435793805807
51.8341373282098,53.4636882232675
51.1814393814608,52.3583855758793
50.2008208387808,50.9872426724128
49.1957470326781,49.6811097610289
48.4369713063899,48.706948433931
48.0664676152947,48.1700220108542
48.0536119101206,48.0004434149124
48.3281159677447,48.0917561976548
48.7938246400185,48.335088814561
49.3730421577097,48.6583225760604
49.9449103627125,48.9643509498434
50.3848278875686,49.1478819309975
50.6184235089009,49.1454720971807
50.6012790436907,48.9247519293092
50.3935945401791,48.5556356946842
50.096759438188,48.1494500919407
49.8758884553961,47.8624156436121
49.8492081841532,47.7914652099328
50.0566011410588,47.9712668466465
50.4145829666186,48.3311110467935
50.7642866321929,48.7311613176317
50.9178904305805,48.9723985016918
50.5131103456729,48.7500770557509
49.5464740074061,48.0749763906089
48.3119842666272,47.2357551101036
47.3665733624911,46.6900209019389
46.8692816417472,46.5234602996877
46.665269285004,46.5413076362019
46.5019498024068,46.4933317078159
46.2224351073886,46.2469937870642
45.8282065770527,45.8283675020963
45.4883588618475,45.4255553206895
45.3515932132729,45.2045200036574
45.5003633132514,45.2654261428326
45.8951978595548,45.6033046590628
46.4771992360687,46.207157727614
47.166639623501,47.0299197670246
47.8750549445392,47.9714925651114
48.5319496902314,48.9368275806576
49.0377332435826,49.7867841237805
49.4012629235061,50.5080672922781
49.6744829514046,51.1120922799446
49.9415134252713,51.663405087497
50.2409279087559,52.1771229239459
50.6110968048999,52.6742176561121
51.1121926114753,53.2016017617745
51.729515744002,53.7216305070464
52.3503739312956,54.1200501588091
52.640798997465,54.0687282736126
52.4148576763622,53.4510590024283
51.6499795497848,52.3104071983322
50.6328972451771,50.9787370963763
49.5495117632652,49.6608973317832
48.5213723356786,48.463352600271
47.706283214753,47.5160990870516
47.1965772487561,46.8735714460071
46.9952045632536,46.5231276971277
47.0010547959562,46.3595253211267
47.1596454980548,46.330361133655
47.4143353980184,46.3839988119572
47.6844655495536,46.4417747956129
47.8993866960898,46.4378521271238
48.0584237254815,46.378433721436
48.1959948441161,46.3092821179965
48.3623097915134,46.2770755791536
48.6651759471051,46.3726298896548
49.1511771589556,46.6571703296349
49.7390799667131,47.0999660632391
50.3087467554975,47.6260898815521
50.7861806621744,48.1592384448473
51.0663723232212,48.5978244625576
50.9549086183382,48.736668390734
50.3828614565639,48.4960476114331
49.5633253412109,48.0619117496427
48.8272988966678,47.7460008940512
48.3248279069418,47.6618200212018
48.0083306370616,47.7117208058128
47.7910915574611,47.8003895738461
47.6509306915824,47.9304872649031
47.5790408288501,48.1202265679596
47.5415892883206,48.3489369910296
47.5513546886029,48.624795022048
47.6582422543842,48.9910492721833
47.9054185519541,49.4797771125294
48.2414395313289,50.0375706497757
48.5707582129574,50.5745932299009
48.8133523679918,51.0094383180179
48.9245998591266,51.2786789569661
48.8971973786862,51.3605313415916
48.7772091262202,51.3171696005989
48.664536978447,51.2840451091739
48.6580598477448,51.3909991066692
48.8557097723264,51.7171713512883
49.3316792234906,52.2612209482995
50.0594779220822,52.9384121437256
50.9105746825895,53.5732226974685
51.6044851361298,53.9189061261047
51.9329752154393,53.8241342263444
51.7835219204757,53.2552649426214
51.3287755893208,52.4168314693873
50.935275719133,51.6722368451413
50.9664422283154,51.3691285520708
51.5197251077005,51.5953269578362
52.2189400796865,51.9646280370562
52.7360893546472,52.111166958174
52.9940558378919,51.9320965488829
53.3042265399118,51.7446368099691
53.7523919985529,51.7138381407393
54.1788491498326,51.7551707266728
54.3292212024801,51.6352820209812
54.1213015611453,51.2376918082556
53.6574495969822,50.6229116783289
53.1301798397198,49.9465310808215
52.7802328029665,49.440839395901
52.7801857879684,49.288179029843
53.1116316906934,49.5162158553707
53.599138486613,49.9721720019723
54.0474651032671,50.4574438973516
54.3374991631394,50.8201824431562
54.4445168027104,51.0235681732291
54.2894949823164,51.0328612924462
53.8408640863398,50.8690814858326
53.1604156274969,50.6110829940378
52.474226412451,50.4400228548797
51.9980074891379,50.5134359049644
51.7829283687244,50.8274000682363
51.6081763709947,51.1294561353616
51.3367721397266,51.2756901254557
50.8534971471408,51.1562031229388
50.3192131557425,50.9316093229718
49.8368199206253,50.7039651428824
49.5225603827463,50.5880652762138
49.3975402337911,50.6167219127233
49.4197354731758,50.7740687288983
49.546196133883,51.0439362096196
49.7324120780526,51.3923597789927
49.9115082600792,51.7434919325816
50.062044772493,52.0668083848625
50.197751438076,52.3631308964458
50.404968879216,52.7025057747881
50.7216717570944,53.104960115549
51.1720941744418,53.5850146046521
51.7748413366541,54.1522323489817
52.5143692745973,54.7488783042838
53.2916794611989,55.2419345418419
53.8403431022109,55.3794949946905
53.9213860978036,55.013403789162
53.4330061725579,54.1163887585361
52.5868425204313,52.9226011244839
51.8268476458592,51.8853006941791
51.3609147031679,51.1908929947949
51.2049919537471,50.8371783723955
51.1431332659766,50.5602412411923
51.1452301922656,50.3042068627351
51.21431807469,50.0647340451621
51.3716518519407,49.8851451056574
51.6092545135044,49.7902767949879
51.8747759747725,49.7533329931827
52.0546929967181,49.6825563790008
52.018286489253,49.4471664643063
51.7455783244883,49.0184013742001
51.310471911042,48.4497523307468
50.8943864816024,47.9198461213582
50.6455327525746,47.575336021972
50.649462339509,47.5019636643383
50.8408839386523,47.6471797239779
51.0844062280239,47.8941946284263
51.3291452737033,48.2111188454439
51.5087763059853,48.5480089883188
51.4873077169575,48.7900695978366
51.1164002599933,48.7847017000658
50.4665601305039,48.5726506847547
49.8013449789063,48.3687081304425
49.2986113916752,48.3100806062598
48.9791348449838,48.3840098497408
48.7566457045749,48.4787051039626
48.5756182530026,48.5383958345962
48.4166167830131,48.5502119030575
48.2663380301997,48.511104205157
48.1548765277321,48.4642690390789
48.1604796036262,48.5101447106471
48.4189621722956,48.8150225944358
48.9037610207579,49.3715284177352
49.5218497414567,50.0856601965852
50.1125589294261,50.7874972392821
50.6398483064118,51.4298221303029
51.0694698505137,51.972307971864
51.393838490674,52.404544053061
51.6347601359879,52.7638641747847
51.8595028654084,53.1302163761369
52.1275194283655,53.5560837403582
52.5029341645336,54.0803785116873
53.0526964085979,54.7382244514493
53.7794316040183,55.4740823654972
54.5627349874422,56.1325684175771
55.1597982352836,56.468443962046
55.3469962065762,56.3196353498634
54.9826010831124,55.5990322034725
54.0824453353893,54.3600570467441
52.8189992926731,52.7916793608056
51.4479617286196,51.1625805120367
50.2763566368858,49.7733647975908
49.4606123410722,48.7469795597351
49.0425739893709,48.0901338923238
48.9181007941544,47.6838552829369
49.0605176481112,47.5092928777502
49.4477335609681,47.5621900960944
50.0102712136066,47.7930698341498
50.5599086999144,48.0367583983004
50.8255200292623,48.0422157097925
50.7607561131631,47.7681088216781
50.4845694422113,47.3227055530436
50.2802140654692,46.9770424779249
50.2924074585355,46.8813123408731
50.5513373584131,47.0892594560709
51.0243772259347,47.5826717853837
51.6070046259772,48.2430556077094
52.1643196771916,48.936310059195
52.4607723872794,49.4324231595412
52.3816411771143,49.641890548018
52.01842508621,49.6624626826667
51.6597824167273,49.7704127743874
51.53446917844,50.1487271398749
51.6777831123496,50.7629162002913
51.9557198757783,51.4438651522723
52.080363852968,51.8986414761533
51.9167715421142,51.9950190778705
51.5238628132503,51.7947616459355
51.1612060007365,51.5720210276714
50.9887576748728,51.5106728627938
51.0231412526018,51.6505917020537
51.211733098321,51.9533595389196
51.4926349409061,52.3617392637624
51.8110513437087,52.8147231773444
52.1214971314894,53.2579149478834
52.389539229148,53.6509704205389
52.6656186703568,54.0548713705501
52.9630132259103,54.4861416652632
53.3925306313177,55.0631631782828
53.9507612765277,55.7602571059991
54.6822431711129,56.5934158683738
55.5012435818619,57.4258824444638
56.3029163446211,58.1171661155887
56.8727289268521,58.4456683997729
57.0117793342615,58.2552565286395
56.6364360485841,57.5156840832275
55.8577692860768,56.378060812046
54.880125810746,55.0796653823232
53.963831493,53.8985738233861
53.2953774607792,53.0093091775717
52.9215652191891,52.4328612656881
52.8239032599688,52.1149039157894
52.9238723391035,51.9509779412996
53.1777529044169,51.8841159823915
53.5203530867131,51.8534818662133
53.8522025903843,51.8036584692703
54.0370188538961,51.6423614732331
53.9578638456724,51.2806029643993
53.659983614284,50.7461480400617
53.2760863594422,50.1626020571406
52.9516698334701,49.6824534122269
52.787770561938,49.3959660185471
52.8216001240374,49.3314957050047
52.9919005677563,49.4397653484649
53.2218177755915,49.6619480349526
53.4778110452988,49.97943582367
53.7399456472921,50.3571701702142
53.9140152149846,50.733045722151
53.7832940099666,50.9209424716185
53.2530735713432,50.830599924504
52.4595289039781,50.5456168191046
51.6978873204481,50.2950662335957
51.193004400279,50.2445063939995
50.8931356473865,50.3141772571947
50.6710610779907,50.371022899392
50.4234482600424,50.3300881358791
50.1738686436853,50.237855372343
50.0089424466011,50.2094435220443
49.976693986784,50.3136853329816
50.1089455100628,50.5928097371068
50.3920281109771,51.0364137282428
50.803767958238,51.6272195325717
51.2705086081085,52.2907289446717
51.6943947957597,52.9235054527494
52.0275527868513,53.4611753674354
52.2899755348124,53.9169071004729
52.5484415072184,54.347223100702
52.8162710366011,54.7540789781999
53.077427377428,55.1114467333306
53.3708359959916,55.4431214329601
53.7783748966521,55.7747870327075
54.2714837762379,56.0414828706359
54.603283278599,56.0160105375502
54.5195214259178,55.5337566586977
53.9969933092059,54.6333371981239
53.3016890684047,53.6059159375561
52.8790862820999,52.9074380097337
52.8095233645931,52.5982923732568
52.9972681793723,52.5618325465382
53.1465576605456,52.4638782945282
53.2663439551384,52.2883542490369
53.4140266285723,52.1036298107539
53.6477451065351,52.0031946831416
54.0002787076702,52.054796316866
54.408810612091,52.2083233707113
54.7560245180229,52.334276764023
54.9143957581757,52.2818263959307
54.8759956316199,52.0282890638374
54.7024881039353,51.6453254933422
54.5811479180656,51.3723294595824
54.6191172134075,51.3364581459191
54.8534847399081,51.5815085312207
55.1555946140988,51.951395972824
55.4357295277404,52.3444471232346
55.6488958456979,52.6964371118863
55.7783173797984,52.9810483760921
55.6567629074726,53.0525403901455
55.1267076853262,52.7811885398611
54.2058348678657,52.2077699470961
53.1818314806733,51.6056058658435
52.3837687773552,51.2640029384356
51.9193342347685,51.2232793671531
51.6254429841715,51.2653968389399
51.2736326531874,51.1471177217767
50.7388029445832,50.7478165256897
50.124542431929,50.1834021305586
49.6469025667781,49.6904404702213
49.4894709357788,49.4969281317528
49.6895906437498,49.703731302447
50.1407664039698,50.2619004572778
50.7097536110705,51.0540991009594
51.2832438568455,51.9485540544778
51.779752183955,52.820838864976
52.1484059390666,53.5788597988995
52.4071303229949,54.2038092136471
52.64333216012,54.7423164810551
52.9272403773973,55.2007569068999
53.2967476624987,55.6134772152877
53.820775022733,56.071954250464
54.5313549890196,56.6429623202211
55.452184134356,57.302243612072
56.3242515123974,57.7667552813563
56.7911072191874,57.7435896908576
56.5377989794214,57.0155191207769
55.6687152127908,55.7486826772261
54.6359384774083,54.402826501302
54.0264339804229,53.5625606647406
53.9494984239229,53.3022468850105
54.2745492100159,53.4427455598948
54.6658946236473,53.601625890736
55.0662674925074,53.7223121400725
55.4333747151605,53.7874114070473
55.7950256940171,53.8641582573633
56.0792250810353,53.9030742767716
56.2202883547811,53.8378126495523
56.1658907032505,53.6053400070646
55.9804180327688,53.2545565130654
55.7764822332343,52.9097080809099
55.6376584162338,52.6637311447681
55.6520170959298,52.6021989478051
55.8324863370955,52.7374111151254
56.0997046526877,52.9974615418081
56.3665720437009,53.2997907522339
56.5886235437866,53.5867670475044
56.6837209739675,53.8055684342046
56.5196689748798,53.8643255907612
56.0145895537045,53.70541094552
55.3154997329603,53.4468353330577
54.6274781709151,53.2364557019768
54.0609342818261,53.1285818043243
53.5579632898698,53.0150471274409
53.0161085587538,52.7694966207613
52.4191350385029,52.3837506786378
51.8361041814388,51.9441875558125
51.4040693883531,51.6098429792137
51.191653894026,51.4676844434559
51.2122031913345,51.5492178729167
51.4559449023011,51.8657903321178
51.9057762453607,52.4195667640994
52.5003465135497,53.1678790547665
53.1647789699513,54.0379551169571
53.8080884683154,54.9359394515666
54.3880557912497,55.8018625789219
54.9113697550512,56.6269606217518
55.4325560532228,57.4416937336042
55.9722862250259,58.2273247409308
56.4615444214365,58.8826251410674
56.9184045552336,59.4014301999284
57.4152636531265,59.817761945983
57.9778469520769,60.1168576140785
58.30863386264,60.0416910184174
58.0570379794619,59.3504117904692
57.0966107250372,57.9984265892228
55.7514127636886,56.3263389429251
54.4856464396663,54.788700411201
53.6251870801542,53.6979278765823
53.1599789807954,53.0350384592468
53.0210387442635,52.7077815092963
53.1029933005632,52.5765060781109
53.3482393533033,52.56119830623
53.6551692165296,52.5613980564414
53.9691532901635,52.5518112128985
54.2505575445694,52.5345623603613
54.4056905009454,52.4445269887763
54.2543183416945,52.1150572631248
53.762747824109,51.5014103357885
53.0427822296583,50.6919697068821
52.3975049459303,49.9671751333973
52.0655453684801,49.5552253947453
52.1677039232108,49.5779436899247
52.6023024929929,49.9480671231592
53.1563603642122,50.4618347356622
53.6750953396526,50.9712161996511
54.1461717287647,51.4471854779554
54.5283426015746,51.8911548318448
54.5975799206043,52.1472774773423
54.2303635186787,52.1288410749221
53.6029208539796,51.9860622080869
52.9722399394277,51.8672406763032
52.4354223717291,51.784675775838
51.9108718088404,51.5946473179727
51.3981280325017,51.2921706402645
51.0111833250276,51.0133157165783
50.8420940676376,50.8828918404926
50.9620427244349,51.0014467187402
51.3785224656916,51.3967439109889
52.0561636121414,52.0524739189751
52.9448006402923,52.9463515922383
53.9777773546153,54.0351712668873
55.0684004452709,55.2513509117193
56.1471220519176,56.5244733744723
57.1362662053121,57.7671697276513
58.0010939249429,58.9172127347586
58.7437891337932,59.9466583850654
59.3754771926865,60.8354228438817
59.8906988133431,61.5608832848018
60.3474053234253,62.1844541689288
60.8107641330178,62.7731035147319
61.3998473899311,63.4189921105017
62.044333671582,63.9977957662468
62.5501999270306,64.2889057171195
62.647025309345,64.0535440672678
62.1695503173702,63.1816351743803
61.1440467067075,61.7535860429494
59.7528003319918,59.9896723675675
58.2456423259403,58.1619987274145
56.7997162617745,56.4648505626767
55.7443533347081,55.2006937568137
55.1836988978848,54.4341804192039
55.1690811617495,54.1769520000563
55.3928962521803,54.1201929745983
