"Finx","Finy","Finz","Fi_noise_Magnitude","Fc_Magnitude"
-0.98348520512304,1.93235792992676,0,2.16823668404691,1.85759611062912
-0.310198838326371,1.05040388588935,0,1.09524958013709,0.930066021880074
0.0356734118879238,1.1461266719122,0,1.14668170840223,0.000594124774834615
-0.281694038582134,1.96510799268588,0,1.98519544485943,0.362593639614089
-0.0199241778878732,0.0536654287467607,0,0.0572446600748163,0.349977263870951
-0.531201283761732,-0.570108905479395,0,0.779229727344271,1.0755053028704
-1.18382760560576,0.397011898672507,0,1.24862574356042,1.09287216656707
-0.983760498739149,0.898003229792373,0,1.3319889337367,0.887836792607235
-0.936485945363466,0.819649604964999,0,1.2445205505666,0.781212167504064
-0.523880082778527,0.558664959425634,0,0.7658700137896,1.13610435696494
-0.550640990611927,0.613609698433801,0,0.824452765508192,1.42563323591031
-0.803055169932496,0.618628293939809,0,1.01370536746048,1.40549217901997
-0.928950485864125,2.26451195671176,0,2.44764446096195,1.58678585364385
-1.09632055595192,2.32029087184859,0,2.5662557338244,2.07531539891001
-1.85493055463302,1.03691127242636,0,2.12507702199145,2.4279859583577
-2.09473406905437,0.343566634115722,0,2.12272203835893,2.02325437541246
-1.34023145532345,-0.287069256769118,0,1.37063091750492,0.640465353465354
-1.33555791787763,0.340824037462154,0,1.37835988642938,0.285952109030399
0.642676212410675,-0.1158002707511,0,0.653025586561935,0.485127654674508
-0.690487463196441,0.683004266378098,0,0.971219730402003,0.865749013711715
0.0185870730147817,-0.947382178348959,0,0.947564494446935,1.92869729358167
1.2675925024265,-0.804236869535984,0,1.50119542183185,4.79386134218869
3.29399440231326,-1.70998494757652,0,3.71139429910235,5.40389975343432
5.22626703794328,-1.48101575190002,0,5.4320599047938,3.87762451747848
4.28356136431215,-0.8096177590597,0,4.35940120631408,1.25220731590789
1.44345095154025,-0.405011424367816,0,1.49919475164867,0.610664972672934
0.42575129846233,-1.84810905295586,0,1.89651555220614,1.64269979031231
0.725446072432012,-2.55692853262808,0,2.65784791231075,1.73521606906647
1.7577501714917,-2.62920120422568,0,3.1626546820165,1.41442377910151
0.63150996106997,1.83504481496445,0,1.94066851982983,1.60950295085981
-0.35322504196335,1.17017732939137,0,1.22232684356171,1.72771104194024
-1.11953091040365,0.077192279292466,0,1.12218898022195,0.905864364751422
-1.081324823727,-2.34930560871263,0,2.58621349032458,0.337485207748727
-1.21663206654692,-1.0229806112925,0,1.58955431377182,0.297518337064975
1.06116168968195,0.12258997949557,0,1.0682192821333,0.220608433231347
1.32340279816029,0.353395882396044,0,1.36977502381704,0.412885075641235
1.30807281533505,-0.662943999559149,0,1.46647510608604,0.55460214112607
0.90748751153152,-1.10535888872599,0,1.43015798304636,0.578792843794631
0.681493912118977,-1.06096955041901,0,1.26098784259467,0.506800217865133
0.0379509472812161,-1.46290389136029,0,1.46339607412232,1.40616387544298
-0.994936357269261,-2.35904167815785,0,2.56026873478196,1.69727296723264
-1.6721022164701,-1.37454876056602,0,2.16455771868015,0.745558685347498
-0.880210841266361,0.874176520075013,0,1.24054653815699,0.278827008596059
0.545353970493676,0.351319804150219,0,0.648719167222123,0.261520248260873
0.0918536780360751,-1.73238160734617,0,1.73481501366574,0.956408660561819
-0.589951289124401,-2.69761793258368,0,2.76137375842833,0.995542921400263
-0.115125975882876,2.25756290450649,0,2.26049646275475,0.875629771068479
1.33499092091855,0.623232746641141,0,1.47330235030723,0.654105497645237
0.622219936900061,1.80795430044324,0,1.91202939369852,1.65521208152643
1.9267712661103,3.66177303592919,0,4.13775655138946,2.69319647096112
2.36157813281308,1.488772723191,0,2.79168327334933,2.35460060378654
0.656771247325515,-2.25810923617842,0,2.35168148222242,1.19789533984904
-1.93484655899577,-2.8221814105453,0,3.42174504030988,1.3511907002694
-2.97046494994073,2.2860726424947,0,3.7483049696615,1.63993637163887
-2.30971057602672,1.12975940928862,0,2.57120968959862,1.25654093394884
-2.38723451433239,2.20454716581705,0,3.24944869673792,1.72223293538885
-1.14715102930002,2.51160275541934,0,2.76117798865884,2.03562096839834
0.76674305915957,2.6359690235585,0,2.74521904625648,0.954961450800444
1.7802957745074,-0.0398770625134748,0,1.78074232410071,1.3473517344266
0.769502339375665,1.24874949028265,0,1.466802351984,1.25652639838797
-0.285469383306827,-1.06525138092886,0,1.10283873407512,0.145984996971786
-1.57200965940249,-1.74247948157091,0,2.34679549874938,0.596463432175012
-1.27413995597915,-0.364397289462354,0,1.3252237592158,0.595861123475197
-1.15351537733597,1.48636613556198,0,1.88145741772064,0.455587359300117
-1.21071846231098,2.0129558935544,0,2.34900630573357,1.4518727383103
-1.54012262240876,1.2210414202467,0,1.9654312101962,2.85746724089326
-1.92378789704705,1.02512664051686,0,2.17987258846064,3.18822875233738
-2.3073292090806,2.25234167216787,0,3.22440864148148,2.14989884083448
-1.89150827595031,2.18174343775556,0,2.8875262745433,1.04117192249499
0.0371092682943253,-0.309679451173597,0,0.311894950700585,0.276671052040051
-0.730092188307038,0.56820049573109,0,0.925141290169245,0.178277947739507
-0.788142499794378,0.180717043995242,0,0.808595850825683,0.455459323813797
0.35673325779359,-1.19704607637917,0,1.24907082512994,0.987937822651533
2.16366115235411,-2.854912807241,0,3.58217206721774,4.15383522913051
2.97054206281092,-1.95264206734745,0,3.55484615561684,5.94797070726151
3.85324094637662,-1.55002183324449,0,4.15331596129743,5.05688591456099
4.75362872060418,-0.35905370375343,0,4.76716955598729,1.65228574183904
3.98166377353616,-1.16081378579271,0,4.14742511093047,0.337147334016021
1.589945086202,-1.18870721553808,0,1.98518266701333,0.883445808677626
0.377514807296798,-0.563638132737506,0,0.678384385436576,2.75703799973031
1.05998198228812,-2.54356579259507,0,2.75559226737833,2.33279920491396
0.692891176556381,-0.521443614285375,0,0.867180272739574,0.331517848875939
0.215531686809289,1.84833736663504,0,1.86086134059425,2.304835281328
1.37181961311786,0.404335301914909,0,1.43016645440643,1.52625077922279
1.44111223090445,-2.55390843049864,0,2.9324482490633,0.144273770720681
-0.420248591204653,-2.75858046406273,0,2.79040768618459,0.0936080106595091
-0.916092078519222,-0.764500072756823,0,1.19318274273929,0.0473336777601552
-0.167561971004042,0.895212230347266,0,0.910758997479622,0.288751055762202
-0.0421913555658141,1.3547455352643,0,1.35540236675425,0.14330403908813
0.619614467167678,-0.127303604054021,0,0.632556950423144,0.749823988045747
0.906656988022553,-0.494287172973234,0,1.03264064576986,0.909506259528239
0.211674294890326,-1.66088344045546,0,1.67431771474129,1.08088124196734
-1.57125674783887,-2.4343599811278,0,2.89740509514044,0.900321512669029
-2.02501080126382,-1.12501185977384,0,2.31653198334642,0.765741689889439
-0.778424794860095,0.501497490975329,0,0.925983204333389,0.28311191467787
1.17896533523999,0.691852110875611,0,1.36697425177674,0.704386410652739
1.60033800834307,-3.21690229740866,0,3.59298512827713,1.37310936983535
0.214456309772948,-2.70854341853542,0,2.71702023527484,1.07795330659306
0.859883308731424,0.368526324731425,0,0.935527100973004,0.731629024284075
1.13121871135131,1.19213553574783,0,1.64342414139019,2.79515341581476
0.31684551806905,1.89646215614215,0,1.92274797932536,3.68114155561813
2.0212988527335,0.440817233664915,0,2.06880856667739,3.27396892574922
2.69235857524132,1.62305972316672,0,3.14374260438756,1.60662866567855
-0.222593694418961,-4.22969548524322,0,4.23554858910649,0.926341768418682
-2.51568570210231,-2.60009364669109,0,3.61789462579072,1.63894479246866
-6.06110367516562,4.90853943264014,0,7.79940620322402,1.40422514771765
-3.75299034493306,1.93631038655448,0,4.22305984355414,0.213139313932774
-0.816644197559196,1.45264693916794,0,1.66646058317654,0.417501335204179
2.87872037091377,0.822868072817822,0,2.99401784216074,0.426469194718823
5.07868279530406,-1.22838662790716,0,5.22512704562661,1.82179553045574
-0.304974271458814,1.53968435989666,0,1.56959779381924,1.35340821565821
-0.477818813897778,-1.0626390532977,0,1.16512341685682,0.297586295514622
-1.6943043821552,-1.00182978494854,0,1.96833184636137,0.97968614253129
-2.06035089039103,0.629852425951612,0,2.15447438369832,1.35675685867654
-1.12201828523391,1.06966025254058,0,1.55019291969239,1.84286885243681
-0.953077493290813,0.489729575047776,0,1.07153710383447,2.94243242794753
-1.59810852556122,0.573761687427073,0,1.69798508044995,2.75851682507405
-2.21332501490731,1.89499961830713,0,2.91373148642743,1.61076500149876
-1.25266578563474,0.587498414156163,0,1.38359168728925,0.585273681671857
0.432280633664982,-0.940808246863996,0,1.03536790736873,0.0753313436940864
-0.733120269477853,1.06115321950413,0,1.28977187315558,0.420405171619222
-1.09832401931094,1.17191464219149,0,1.60614432103038,1.07355902352457
0.380176290495512,-0.472078915251662,0,0.606129123273345,0.388298878417215
2.24791411751413,-2.98753529802981,0,3.73878122343277,4.51123773948398
1.26986357674233,-1.25210970343793,0,1.78334859547432,5.76641369586077
3.54698999021284,-2.77862182002269,0,4.50576044740245,4.88658085505038
3.29432024687868,0.932071758665935,0,3.42363894888135,0.443729253406427
5.26820857084546,-2.09147512767056,0,5.66818222674555,1.85036604010534
2.94140913649586,-2.12439299493612,0,3.62835132053044,3.42468213359664
1.90201946722959,-1.68617964207894,0,2.54182608356311,4.80119604074473
2.14010600065594,-2.82073404700804,0,3.54070533340377,2.349298708628
0.876842213350224,0.416159021981592,0,0.970587759396128,1.4916468304189
0.426562516886074,0.621066424941209,0,0.753444812180319,2.8510498320529
0.291622850271126,-0.358377872836339,0,0.462037429802992,2.41862785669657
-1.21043562778539,0.0534317932457419,0,1.21161436337709,1.09827632555595
-2.35781694608332,-0.640905779147174,0,2.44337082101385,0.275523965378739
-1.06332109382595,-0.336405629847894,0,1.11526700676052,0.184214875074495
0.0832057644334093,0.687155621347562,0,0.692174867489786,0.111053536776029
0.95491579683857,0.938134744323951,0,1.33864146714481,0.351471335290539
1.40004025942791,-0.736578859369658,0,1.58198013391106,1.21894839424161
0.594196941910304,-0.60707633973057,0,0.849477302837588,1.38004989831848
-0.120699447166629,-1.52653063339135,0,1.53129491974228,1.23378746416184
-0.73250416087312,-2.49984502636592,0,2.60495441448461,0.457144956308812
-1.81461301206776,-0.99547822324505,0,2.06973362453257,0.177718674302474
-0.881681427197415,-0.205589130280337,0,0.905333656479364,0.184315112756524
0.413000722060672,-0.269995980434801,0,0.493424184524417,0.809714378825828
1.2255835835709,-2.27548459672193,0,2.58454740142975,1.30916715037316
-0.0907595028509354,-3.09728610706216,0,3.09861558060337,1.03173267402924
-0.279987032563398,-0.288994992856252,0,0.402381466148284,1.28252187824876
2.16730846500248,3.49814090312293,0,4.11512038226989,3.47106513720812
1.38373007242517,4.904117198553,0,5.09559362689737,4.41798790381844
1.06852558363162,-0.104564753849514,0,1.07362968970819,3.34060961981218
2.47306770967157,2.46011279646236,0,3.48829741678344,1.70420340684763
0.643760665389752,-3.43295049729055,0,3.49278927379688,0.875176053874748
-2.75929787897763,-1.49066952659443,0,3.13621115718437,1.27262756983172
-4.96989097189848,6.48090510481069,0,8.16712600919805,0.0189282458383284
-4.02720634539941,2.69392539726732,0,4.84516511529454,1.40014595225786
-2.16953630276049,1.78783413418486,0,2.81126993729741,1.94231933266597
2.1378987002244,1.67583419123054,0,2.7164372050387,0.512541641364721
1.97198083220944,0.387718280230104,0,2.00973477539351,1.51765228309554
0.937552600279728,1.52983259872662,0,1.79426660739644,1.956349188862
0.53053345347061,-0.546551308955744,0,0.761698154502614,1.38611308778192
-1.21816561447592,-2.05805410518087,0,2.39155057737514,0.383336145088058
-2.00194754105789,-2.15247302773957,0,2.93954657937139,1.83069037266505
-2.21226924348483,0.791570974777014,0,2.3496212064455,2.43692119392009
-3.20616253075169,2.51049098397484,0,4.07210549399387,2.96279823281589
-2.19162538794447,1.69636735867602,0,2.77144079075563,2.94560240888815
-1.56481822181122,1.99811192624878,0,2.5379336746909,2.0880685987574
-1.07551204301713,1.9412038732818,0,2.21923379397466,0.960869290023577
-0.342112377420438,0.320861986990756,0,0.469034426753432,0.120316189733496
-0.235047828740434,0.115386242262791,0,0.261842446328169,0.729302032880263
-1.76034766092961,2.56291868958847,0,3.10924043727438,1.38015131799842
0.616443325866231,-0.355034538033049,0,0.711373247459701,0.32052717173588
3.86907976052103,-4.14875518055648,0,5.67291351436523,4.63410154493205
3.19497106355174,-3.05793007546976,0,4.42253054748019,5.6395478653533
2.89601758202928,-1.58941855768776,0,3.30350861765865,4.46369667991
4.64511432840949,-0.70493943416068,0,4.69830040864033,1.33359776282735
3.67139783176691,-1.46316832205086,0,3.9522175519265,0.683316403508761
1.21819248434933,-0.492488218906141,0,1.31397776795749,2.08487572558472
-0.511829271834104,1.58834890888558,0,1.66877843342496,1.82984516357424
0.628142860041446,-1.36624409351585,0,1.5037241687517,1.26459323852343
-0.183372236326485,-0.255845513184773,0,0.314773416400045,1.64229242111847
0.888583173432951,1.72356957257335,0,1.93914211124633,2.2049920342093
1.53927736216057,0.924127152155586,0,1.79537901040733,1.24409536575895
-0.79174409351083,-3.44412290577123,0,3.53395547505446,0.653895372662057
-2.06539975972741,-1.30835298983793,0,2.44492611616382,0.262342958095086
-1.21985728082154,-0.18714547526102,0,1.23412933458531,0.281508249576527
-0.715964808387016,1.24175365005182,0,1.43337285249361,0.17586571159872
1.17412517308191,0.723302419614175,0,1.37903455804571,0.909084549875677
1.43342080878612,-0.415239214206519,0,1.49235345011692,1.70838235515129
0.888261439216091,-0.829195601888783,0,1.21514350205642,1.59035755332949
0.301760349325322,-1.77694026853639,0,1.8023806552366,1.19961348344073
-0.455308651096138,-2.73660875478245,0,2.77422663899598,0.443961475790261
-0.940137491353304,0.413997619950487,0,1.02725485249414,0.219326595180452
0.127938128107906,2.21751754010287,0,2.2212051245411,0.335290337165279
3.63488556130133,1.16471550893567,0,3.81693008326222,1.23215577065093
0.421422557342471,-3.45078192649656,0,3.47641954833883,1.75614570478847
0.193141213176963,-5.45187673355679,0,5.45529682474981,0.875449294964346
-1.4007657695681,-2.26000953206153,0,2.65890726167775,1.66836823796965
0.929583910494803,5.01391362690181,0,5.09935840127779,2.95487876234978
-0.807092730741825,-2.29757032149127,0,2.4352059580688,2.91519053640623
-0.0770834908388429,0.102833028833692,0,0.128516521813395,1.94107671499946
0.24140076823456,-0.436414597943879,0,0.498730420370318,1.02520618257477
-2.87990098525228,-2.85365598799281,0,4.05427948995432,0.689367911164892
-6.38741885969676,5.39030244184819,0,8.35789926379855,2.07788838876951
-4.51977181283288,3.90849041975814,0,5.97533552207905,2.68693595018225
-1.54927069762872,3.02070597764628,0,3.39483494413483,1.90482239678192
3.9671044589175,0.15666314675497,0,3.97019661093935,1.1452064682941
2.09234069702068,-1.17441161150278,0,2.39940247262554,2.89899295663768
-0.323782855644756,0.509560253570036,0,0.603727578985615,2.67423136678537
-1.26346056589797,-0.247858670576802,0,1.28754282342737,0.875912873105891
-1.82594545677392,-0.979589490774575,0,2.072117849339,1.60760749189466
-1.99932443776008,-0.570083888579187,0,2.07901270978371,3.11553577011411
-1.77272016444873,1.16600908723701,0,2.12181855326095,3.31578579230691
-1.9762713825024,1.91078325176927,0,2.74895274832797,2.97286739609897
-0.866428911003964,1.96045680118608,0,2.14338282328199,1.91249934119281
-1.0384054569389,3.29414645208143,0,3.45393786000287,0.691600081892368
-0.469157552138295,1.22743140263541,0,1.31403830115561,0.0134351538389642
-0.274339789132173,-0.569026657979428,0,0.631706939484063,0.192958960030039
-0.93319357263983,1.74453502427695,0,1.97844704122836,0.736409663024981
0.83307883725926,-0.378319023453922,0,0.91495662880618,0.446999071262868
3.05464131616362,-3.75785079317808,0,4.84275501695088,3.88099031723308
2.61101342642014,-4.03654857890585,0,4.8074021615435,6.08686757681206
2.17006790546749,-1.66909655530804,0,2.73771401451671,5.57977853136759
3.54221823119926,0.546268221800259,0,3.58409248870467,2.00719449267915
4.38995489722104,-0.481566715987554,0,4.41628922304485,0.510701784910147
2.44532413092867,-0.98555405456913,0,2.63646105599527,2.07429138143227
1.97965650300533,-1.98997172401247,0,2.8069605149094,4.2191035944611
2.61189106860459,-4.48395788553862,0,5.18920545686335,5.02419390205304
1.05186886837915,-3.21071969209565,0,3.37863124023265,1.81111873501704
-0.623178398117981,0.723955681724781,0,0.955229367734517,2.85499898794962
0.424134926293647,1.13143894679665,0,1.20832302222147,2.52700147129238
0.242823476495285,0.585255143424766,0,0.633629879063795,2.09419070128407
-1.01763896047903,-1.51010666132987,0,1.82099181285301,0.478609989804048
-1.9566588427353,-0.757492727645355,0,2.09816802456092,0.0455341776997176
-0.784777406407568,0.191524140973425,0,0.807810048330297,0.475870029589179
1.57083650503242,0.378184407627112,0,1.61571989271493,0.507200603901167
1.49272040111017,0.328428062019962,0,1.5284237592411,1.22685865176902
0.563638524488331,0.0743217935505687,0,0.568517471397279,2.21058954484892
-0.307695976935039,-0.675539654568244,0,0.742314380243432,1.97387160590623
-1.14220623020106,-2.51124734691252,0,2.75880378238201,1.09581600470516
-1.7788187530143,-2.24469845785495,0,2.86406482516925,0.454869921026523
-0.226428653379939,-1.05893852017187,0,1.08287613537987,0.105632191359733
1.12233036426818,2.10035227965309,0,2.38140822733153,0.478938510490025
-0.622503060185587,-3.77685596568359,0,3.82781282790318,0.695472683881416
-2.53165311082555,-2.35360783107663,0,3.45669456215876,0.331250951152757
0.856716657015476,1.90489640180608,0,2.08868229561643,1.67081062873671
1.39560255242708,4.58824747672253,0,4.79580247633195,2.57044043018828
2.09984170976097,0.641261125150526,0,2.19557533158878,3.02365688668551
2.3350789834214,-1.13963654709938,0,2.59833895369733,2.97787262741072
2.9306445900991,2.91839739763507,0,4.13590631953872,2.76703405677455
-1.02840975030197,-2.04810174329267,0,2.29180002735723,1.46837917451179
-3.46028657474464,-2.47836749650949,0,4.25627638048949,0.302079466770195
-8.08403882007595,7.88203096758529,0,11.2906198155136,2.47881892039926
-1.07495928930708,0.888509525959061,0,1.39462778238051,1.64005085964025
1.8143576391762,0.704143954410704,0,1.94620460162085,1.56078107010385
4.22333157713553,-1.38383305020046,0,4.4442686148856,1.40449508055421
1.3668825217418,-0.0223842735022426,0,1.36706579356791,1.82520418627458
-0.161279965551569,1.59276756280276,0,1.6009121576167,1.67044573295264
-1.2104375560238,1.38115211322064,0,1.83650217448461,0.53928525438769
-1.64811871434619,-0.0527076041296093,0,1.64896130582595,1.15456705851559
-1.6967278807041,-1.55382668336151,0,2.3007092087191,1.92551403173421
-1.9594782297785,2.11972775008773,0,2.88665908403951,2.66790105997908
-1.02447085597923,1.22578218990427,0,1.59752386894135,2.27334587466157
-1.3048818257103,0.971201660576704,0,1.62663740414882,1.09140549368097
-1.40408230606671,1.07750835667311,0,1.76987891701947,0.218584174175552
-1.33757051691065,0.280279888537013,0,1.36662054119896,0.343013379019295
-0.67389923840256,0.368806894619134,0,0.76821787862439,0.810808054387135
-1.36994475528038,1.28244414119957,0,1.8765424609684,1.78273271780747
-1.48178123666448,2.43301697661479,0,2.84872730211698,1.59926964232384
1.62722756350463,-1.41623900108822,0,2.15722100203771,1.30546104653432
2.37899987195002,-3.87657197520652,0,4.54834592678425,6.36200076774393
1.66521767080336,-2.40739259805359,0,2.92719815050484,6.93971078485002
2.68637815268232,-2.50082499465141,0,3.67025247538668,4.94087051579515
3.77509394146512,0.223948345951173,0,3.78173070544968,0.65798314891488
4.39578299993669,-1.13382424830777,0,4.53965478958291,1.80433140853216
3.278804067389,-1.77387389373313,0,3.72789279663386,3.73687542797694
2.42663065575824,-2.25772159975793,0,3.31448987952583,4.74611872814915
0.69835859788879,-3.32581331698505,0,3.39834355983621,2.06883127563722
-1.18242188981311,1.40411614489137,0,1.83566436851996,2.76093822265449
-0.202952493769501,1.07700799581988,0,1.09596347465927,2.85983189226036
0.368395156313819,0.445162926513277,0,0.577827848357405,2.29947824532299
-0.733706214966695,-0.60839080448603,0,0.953133873526648,0.542227232817922
-2.07841122227361,-0.720042812179457,0,2.1996033415696,0.673125770715644
-1.05980271427634,-0.0436701941393825,0,1.06070206893532,0.242294868691758
0.451306519174225,0.863393549597552,0,0.974230976584001,0.0230401387625332
1.90837405043067,0.114525044631299,0,1.91180739150285,0.383284228575609
1.56315494585764,-0.71638576660256,0,1.71949467906997,1.72300722071729
0.881191469386655,-1.56872139196529,0,1.79927352321133,1.7234947285294
0.19699223897562,-2.38852684061426,0,2.39663647859899,0.797435330474815
-1.72215678545985,-1.05802456574847,0,2.02119765867483,0.49730594379612
-1.60967037138382,-0.270103274731645,0,1.63217477113564,0.470562446221806
0.297984336794801,2.99216193390264,0,3.0069632029127,0.836669835239132
1.77936835524371,-1.27706792024169,0,2.19021784682555,1.25785652432142
0.422056013767883,-3.03241422430498,0,3.06164454281107,1.25851349894765
0.091015726485353,-3.29782974986189,0,3.29908546745031,0.525497966709401
1.45662543294799,0.463363612902039,0,1.52854947243213,3.03621309683266
0.208798066048212,7.57823875522396,0,7.58111464519327,3.9744721721728
0.192360707166279,1.15989059129851,0,1.17573331391278,3.49296346360045
0.341012166099043,-1.23052263305059,0,1.27690064134894,2.39001942785474
-0.35216437528287,-3.39306650260141,0,3.41129301560187,1.34975233361706
-3.10049297832377,0.907518283218677,0,3.23057984625224,0.445815635452466
-5.46349569096897,6.06327062730124,0,8.16168094605091,2.89596329858928
-3.83397817386685,3.81087200702118,0,5.40575009518429,2.33627259121001
-0.20703402987188,1.08880650981786,0,1.10831525539746,0.505751944178819
3.20414508439253,-1.57536057896637,0,3.5704770935546,1.60964260665355
2.17717569985455,-0.937748734933232,0,2.37054143982046,1.5538722128117
-0.165493910892482,2.10478235429909,0,2.11127852106522,1.04510246174354
-1.54773881932249,-0.243493396744032,0,1.56677518715856,0.468873392485314
-0.523556833750694,-3.23989154948465,0,3.28192154241826,1.92748611294983
-1.72845662035634,0.40078704339189,0,1.77431466842961,3.18160472129058
-2.60653963671046,1.59211548445056,0,3.0543216257575,3.49796658132729
-2.00453916828475,1.61357400423671,0,2.57328551551051,2.61305875785929
-1.45464709737994,2.47725564087033,0,2.87276760078844,1.19243505128195
0.270726770576416,0.66067466516088,0,0.713991594833004,0.561762012196651
-0.729789553258942,0.22111106024994,0,0.762550256055782,0.612335418382881
-1.96262746870213,1.29317786694585,0,2.35036498792481,1.40449847554325
-1.17938112529314,2.22011021127004,0,2.51392704525872,0.914318608683462
2.0382396760823,-1.88314226645039,0,2.77500374285297,1.66662040357054
3.87411435909009,-4.77318054707458,0,6.14752101275622,5.56774164858185
2.63701738658673,-3.32397746944898,0,4.24295733122137,6.76125274777468
0.972830666454653,-0.436469304554925,0,1.06625745456398,4.95379064446525
3.10321913974597,-0.90440212382178,0,3.23232303937262,1.96664153020853
4.93162808577576,-2.05715677906177,0,5.34348665105959,0.27290425934031
2.57176717356214,-1.02425253751836,0,2.768226807114,1.41303110927078
0.0512376412090756,2.01865442052259,0,2.019304574692,1.26404619712962
-0.95488708487366,1.76349805408027,0,2.00542632165916,0.307651562142705
-0.187060742560533,0.98048033670892,0,0.998165022468798,1.80817093406911
0.54156372142654,0.725191119239383,0,0.905093047033857,2.25868572124958
1.18859434155824,-0.250307686818694,0,1.21466474669548,1.15517611208586
-0.154123353915003,-3.08424748128092,0,3.08809593989722,0.319666204064675
-1.57676170104109,-1.35045586548965,0,2.07603191365292,0.525390455493549
-2.2637924872998,0.305593815570096,0,2.28432572232371,0.538678720181383
-0.761308740898807,0.597149415494813,0,0.967563136645213,0.210246878679678
1.2148135751385,0.160503326919916,0,1.22537069505238,0.137532187579111
1.4667719596076,0.282229311162095,0,1.49367779844589,1.02548438829064
1.17120447038639,-0.00705035815623667,0,1.17122569089104,1.73696610473168
-0.782100279544721,-2.59412877804283,0,2.70946211716161,1.57904222486281
-2.02706197012869,-2.00944313610532,0,2.85426732244595,0.210044773172908
-2.46939030319094,0.529719227433295,0,2.52556744701186,0.263430815197516
-0.585224037939223,0.457834973575788,0,0.743034344839477,0.47602535121823
3.36127350254029,-0.386789572998356,0,3.38345470379902,0.926738399832209
2.01381711220045,-2.13615512899143,0,2.93574830264922,0.954893050387688
0.654614051955511,-1.71951143213487,0,1.83990193278341,0.294244631509682
-1.40745267805715,-1.58815215704905,0,2.12206274999346,2.2522726250491
2.86026970878989,6.0788181374058,0,6.71812271059965,3.28893559720156
-0.238711542020828,-2.9455284575771,0,2.95518545859486,3.94933300585281
-0.198491797692902,0.456565063190931,0,0.497846011009327,2.81623160303438
0.704565461518959,-1.45030700784386,0,1.61239043242213,1.84806859776429
-2.94943451945242,-1.28863753235731,0,3.21865665679604,0.525916239976784
-6.18519020050472,5.80310616447188,0,8.48130997974671,2.67182484273241
-3.66919423449179,3.74886210907513,0,5.24566043919039,2.27910552145187
-0.295476212720462,2.68416661647564,0,2.70038082819552,1.40206897043573
3.84860367211036,-1.42673462414758,0,4.10454892926408,1.85403221894685
1.31024027253167,0.185501885023255,0,1.32330666177989,1.33119594734692
-1.45724403105755,0.150100188331327,0,1.46495400357484,0.559071820239165
-1.54639347652274,-2.10918860067115,0,2.6153411512522,2.13949769358401
-1.28752518469493,-0.889989137150573,0,1.56518425927101,2.57891708616632
-1.95869740496975,2.18697778940625,0,2.93587591283955,2.50377021433907
-2.31503689743718,2.1958178390611,0,3.1907697846812,3.13351294610993
-1.84724707440972,1.3034911497862,0,2.26084296922325,2.41889329107148
-0.840538529227568,1.63126874605198,0,1.83508657587648,1.19733432069172
-1.0413773060487,0.679933777430134,0,1.24369475163468,0.0416211220920549
-0.388181548451726,-1.04870471551074,0,1.11824259214754,0.543981829352079
-0.885065592565749,0.741007030210975,0,1.15431040971042,1.3352933720651
-0.542414991233498,1.26849874979091,0,1.37960251555871,0.353671332743052
3.23286011250219,-3.39259564022692,0,4.68626607066803,3.95415015542371
4.644517276166,-4.12265928877178,0,6.21030275750713,7.42926098870389
3.21428250429288,-2.84545878000762,0,4.29281349305159,6.99268424785022
0.423856171149336,0.740603359899772,0,0.853315528111498,1.19015517099278
1.97381672464106,-0.779562943986432,0,2.12218539390637,0.314419173020763
3.71201112714317,-3.36451702120161,0,5.0098903574819,4.15149205157757
3.41533946062546,-2.36457376890079,0,4.15400442222671,5.64243907781238
1.9584361232254,-2.9763904723967,0,3.56291626240752,1.88058398590686
-0.608442041908548,1.82681107890846,0,1.9254714841785,3.95187517588628
0.438384949842515,1.60182006792297,0,1.66072541205618,4.15600290327463
0.85853922866404,-0.929295451091593,0,1.26517968786041,2.10881101211782
0.155595466999736,-0.648584531099381,0,0.666987138805742,0.0718540599689616
-1.73816983727941,-1.31055163222593,0,2.17687389711898,0.469043868865234
-1.87706748934433,0.137501919512132,0,1.88209700531693,0.0518298463968644
-1.01169469140856,0.273428323643719,0,1.04799293737833,0.0906829696805959
1.62860434219104,-0.312735729669202,0,1.65835935189428,0.537213892688249
1.38517659579383,-0.105594425099708,0,1.38919558887406,1.05208995321324
0.737869742899034,-0.333564807371391,0,0.80976369281575,1.49314842048574
-1.1881163451931,-2.2011240578191,0,2.50131316864263,1.60318494164225
-2.38736913441809,-1.7701051137428,0,2.97200328022541,1.12083979556742
-0.938642180043392,-0.475270250660405,0,1.05210786201768,0.359653658629402
1.38570883460649,1.67606856372009,0,2.17471717807102,0.261302458038501
3.9999753436816,-0.706254298086677,0,4.06184661005639,0.256611786877603
1.88218244759061,-4.16121001446848,0,4.56708654948983,0.830331179900616
-0.409835251710985,3.22260087324722,0,3.24855680599843,3.31999727670223
0.665315555328954,7.14539689044848,0,7.17630416789823,4.06639236316778
0.696340262459814,-0.0832092818384775,0,0.701294193407216,3.5340325227866
-0.497757205262506,-2.41724260902463,0,2.46795949445588,1.96322238312661
-0.551515514378363,-0.115437156845748,0,0.563467035220926,0.657688499167608
-2.97597341705043,-1.00183459437208,0,3.14007807760754,0.472296197907246
-4.29058230840598,4.81692547813619,0,6.45072613022162,0.195913528368043
-1.64523238941207,2.36159176781102,0,2.87817742555307,0.739560891742031
2.86147704782044,-1.24248488661316,0,3.11958644513424,1.48876669305823
4.38175864370198,-2.8353017098621,0,5.21907507108338,1.65563913888953
-0.832890719649323,2.02129252960277,0,2.18616798099001,1.79399389250008
-1.47367901129063,0.577574757365389,0,1.58282103494495,1.39502246636346
-1.02164142748517,-1.05520451956182,0,1.46874360746102,0.528540543560201
-1.3619650270198,-0.385396845839497,0,1.41544320394995,2.33419511539238
-1.53150852124483,0.430994544283219,0,1.59099800372201,3.21943631487918
-2.49129372489347,1.7806518939701,0,3.06223212562224,3.28662992432076
-2.22826179578231,2.38320886225156,0,3.26264235117142,2.07857127906824
-0.175455436232103,0.823553231383726,0,0.842035946397762,0.726726871355096
0.898915045762736,0.595753386819463,0,1.07841103360708,0.215185389888147
0.360867717507625,-1.52507524606965,0,1.56718857056628,0.259314354449543
-1.3442269387042,-0.391568109147243,0,1.400097013367,0.781816727970342
-2.19830221591034,2.55296404491848,0,3.36899956175759,1.37129324990497
2.42104571626983,-1.01477537849083,0,2.62511550775575,2.32046626602356
1.95776588173886,-2.09943675798739,0,2.87062396500993,2.41213847994138
1.16976628185334,-2.37409073485119,0,2.64663181637855,4.39335537124906
-1.73240916548952,0.765931356734967,0,1.89417326554409,0.343481820870215
0.0796149421591842,0.610334350798291,0,0.615505124900989,0.690986240576804
3.79017676445112,-1.14567554429642,0,3.95954698906126,2.21971840750943
3.90936869928984,-1.97475620841552,0,4.37982028280417,4.42906870802193
2.48437143522927,-1.1791800932918,0,2.75001220371816,4.17817162260402
0.359552223158603,-1.60821412483318,0,1.64791701019537,0.591976741295101
0.289066135911316,1.26481789859805,0,1.29742959251926,2.70711816663856
0.92508472819362,0.989703307448198,0,1.35473037579843,2.46545703027337
1.7239443008139,-1.06374841614925,0,2.02572077176711,1.07735084193494
0.37004558243489,-0.426031957113717,0,0.564302189931707,0.394030765949602
-1.46569142280044,-0.75120322435386,0,1.64698440525416,0.0119792189568431
-2.14491574908472,0.186284815988782,0,2.1529899217924,0.390277096237198
-0.584639501982665,0.155614268536325,0,0.604995163493589,0.112382974631084
1.46548360099322,0.0805192305303484,0,1.46769395013581,1.33602805233735
0.748030424630851,-0.263364024642919,0,0.793038539826109,1.64802324830382
0.0415068281609977,-1.38715178676189,0,1.38777263854736,0.949543718998101
-0.432406088788338,-2.52309551139314,0,2.5598800724318,0.226413509539435
-1.56334271258848,-1.81839435258395,0,2.39804054563569,0.0834292905485195
-0.656304984470701,0.143954502468213,0,0.67190708540836,0.396299666792056
0.077309307070589,0.353812036581873,0,0.362159752305453,0.739090682396753
0.374908882169535,-2.30083151431518,0,2.33117616820254,1.45680750519986
0.276041406051492,-5.56212114333391,0,5.56896673279496,0.421431636211857
1.24339358991385,1.39025312547404,0,1.86516255922351,1.39957345469027
1.42013528113436,4.30748445176327,0,4.53554919705485,3.40386969143769
0.959471121799318,1.69343245008151,0,1.94635513115051,3.59167287267066
1.57518456874319,1.79888381340627,0,2.39106449092068,3.2479547538695
1.59970259172811,2.40915298258719,0,2.89189669170432,1.23843289900436
-1.17765124913366,-1.10031530303265,0,1.61169359081492,1.75717210173647
-5.03987326659194,1.50093654290678,0,5.25862463474444,2.75255788014397
-7.32970646021276,6.39769143990331,0,9.72908282178216,1.18186056498205
-2.92212898353871,0.584898141818169,0,2.98009121215095,1.33519825193281
1.33154412028661,-1.70686321275919,0,2.16480755988621,2.0088396806672
4.05932613404942,-1.30748116458595,0,4.26469643214188,1.35991200754166
0.458664814857361,0.557334456420372,0,0.721799909047881,1.08022254922722
-0.696332123642134,1.21945849087778,0,1.40426401983027,1.11898128139394
-2.3360359907797,2.691439548734,0,3.56383374958871,0.138640068437065
-1.94345673811369,0.195577202839291,0,1.95327277541821,1.86289194359939
-2.65525111295046,-0.481611028526098,0,2.69857511580142,3.57093739411868
-2.88532809050473,1.56094506022742,0,3.28049808274658,3.89280103068325
-1.3787714234511,0.525624524396509,0,1.47556490157919,2.43693664644914
-0.546792591683455,1.85664286099964,0,1.9354856888184,0.768504973974989
-0.539383588519695,0.971683321759757,0,1.11135193946403,0.233634267684019
-1.74738020921036,1.10849842232595,0,2.06932509476863,0.777967280418248
-0.406214937306409,-0.729889110080966,0,0.835313526949992,1.41386594106563
0.632172919616734,0.960150250784766,0,1.14957866384985,0.770441181597752
3.83363267060306,-2.91012350799331,0,4.81306121765457,4.60412398418787
4.52845907363546,-4.86109642359272,0,6.64358337202577,5.96427840330467
1.93931567298898,-3.296829688873,0,3.82492238835446,5.43597513691197
-0.722580932711975,0.0167941681336345,0,0.722776070717763,3.02557520558716
3.18790791038159,1.18008731274556,0,3.39931800671496,0.0455756283611056
3.79139151008191,-0.951709568423049,0,3.90901530891722,0.794873267569665
3.21797989977173,-1.45125667702955,0,3.53009073225572,3.76317724180769
1.16022126062948,-0.656809305939865,0,1.3332336021815,3.11233833126524
-0.448080838132666,-1.7163368205947,0,1.77386259874625,0.0439550095353807
-0.924421300624751,0.0387646024500721,0,0.925233719366015,2.89676754641707
0.802057296436256,-1.33249836309708,0,1.55526454162083,1.47158832651707
2.89462893836467,-2.0553944347064,0,3.55014407778617,0.149540885177452
0.0155102625722745,0.497331619965626,0,0.497573420173038,0.779618035323669
-1.81503887933785,-0.951786668933122,0,2.04945456077143,0.603174307641179
-1.20031880620483,0.0371672668886192,0,1.20089410118334,0.240793889627041
0.783728289673258,-0.192762172601639,0,0.807085675266433,0.0530388931738299
1.81109300461047,-0.769685886074252,0,1.96786031886689,0.929319667291306
1.85997503943613,-1.18294044486789,0,2.20428111715128,1.2476896898741
1.09276017785365,-1.46447373466706,0,1.82724057688976,1.43810149252655
-0.370689856461776,-1.63144110952922,0,1.67302452568562,0.695507550220358
-2.12078764032432,-1.18270930873323,0,2.42827953998641,0.281663813688237
1.02795745882396,0.456687282505284,0,1.12483768213635,0.106939841401001
2.40767344748372,3.31317406352343,0,4.09560908839241,0.938399417567702
0.35678479902103,-5.27876102034863,0,5.29080459880769,1.31092693288189
-0.970225898003288,-3.21122353459887,0,3.35459310234757,0.904184229212579
-0.102883934270666,-3.42266760718563,0,3.42421358171608,1.20270654733988
-1.32365983710148,2.34364546960919,0,2.69160722461045,3.04710801591131
-0.974001823688457,7.1530025484216,0,7.21901135961665,4.01802628716942
1.15464886111457,3.14851879873868,0,3.35356297368695,3.20432193422405
4.43245036878577,-1.55222179928703,0,4.69638252125303,1.03049626562008
-2.21020692506076,-5.68213330766007,0,6.09685604042006,0.484309759877979
-9.26411092763032,6.60219753718194,0,11.3759730836272,0.715954637906238
-10.5987595888089,3.82484498260008,0,11.2677923286813,1.33882666312213
-2.37217458128586,1.00466909023837,0,2.57615454213817,1.26278921268821
4.04734781754488,-0.753629511117231,0,4.11691411086169,0.178391774954366
5.57324401715072,-3.18328646560858,0,6.41828338396125,0.586857429336504
0.984018543494198,-0.230403006481805,0,1.01063249469641,0.642960266589491
-2.75887578718931,3.08558905665063,0,4.13911288027538,0.0576149218978658
-1.82438241764223,0.40979686413382,0,1.86984081559261,0.989584753495832
-1.24919514072283,-1.23952757719387,0,1.75980598766729,2.4778321945636
-1.53262615146909,0.655103162766105,0,1.66676425268636,3.35755232674245
-1.32161341085945,1.08992609419363,0,1.71306768651088,2.78931796072048
-0.837446500863443,0.113177040911804,0,0.845059574466781,1.00899363061865
-0.921543604589757,2.70400267363809,0,2.85672418588184,0.86988604417438
-0.885043553531702,0.992901265160705,0,1.33009586647194,1.03245879533475
-2.30619122088676,-0.0447206990462872,0,2.30662478271138,1.94803167537274
-0.465182668157403,-0.348710024919033,0,0.581372166716875,0.384502694451642
1.31526146713209,-0.596060462743919,0,1.44402243824982,2.90055902991601
3.51232954977014,-3.75044939615379,0,5.13831971945098,5.19697218175908
1.47618752205996,-2.74423670462969,0,3.11608162462448,5.11516596351044
0.00657485311169204,-0.641915835302081,0,0.641949506040007,3.52794287026909
1.42490631107081,0.477361212432872,0,1.50274140239258,1.74364490963867
6.15631403579839,-2.17257385982296,0,6.52842091808994,2.80484007653568
4.30451143093875,-2.61235547694906,0,5.0351980891548,2.98685684001303
1.85659800778442,-0.619696436745576,0,1.95728889953023,2.85065174197392
0.483000632178465,-0.079726302788579,0,0.489536407268277,0.916679449428999
0.548975051531215,-1.21460098115661,0,1.33290252855575,0.103018072633028
1.21572488047012,-1.22988005211576,0,1.7293327983897,0.116797401562443
2.23940127581486,-1.79397057177655,0,2.869363777307,0.777986815346347
0.658717348834691,-0.283642676829732,0,0.717190151755404,0.116984074351322
-0.986785313677874,-0.8943816234443,0,1.33178967695549,0.223285408715091
-2.08521655237411,0.577942373760052,0,2.16382657754321,0.467916895113386
-2.48817795777247,1.20426491049467,0,2.76428716384414,0.806579777170226
-0.4580326241935,0.144910897285665,0,0.480409255716124,1.13699723153898
1.04073761907632,-0.432775316920605,0,1.12713320716603,1.51635883361347
0.812409751743257,-1.92581606399723,0,2.09016198345423,1.74725268293489
-0.68966427009983,-2.91174095008891,0,2.99230215150091,1.87289845965244
-1.97913718009049,-1.96912094757168,0,2.7918490796929,0.823759426420406
-1.52927882640279,2.64046343167749,0,3.05135066206917,0.668217465340057
1.00203804526136,3.38041475495834,0,3.52580262630954,0.793985823615425
2.50343064489069,-1.35158459208394,0,2.8449860989707,0.247534388237519
1.56882008563977,-6.97573448391665,0,7.14996979372715,0.857941481230914
0.976033923186112,-4.44224700696833,0,4.54820851436356,1.15764009512447
2.37011854207016,6.73201397014459,0,7.13704939016725,3.42989420488572
2.56950544475982,8.25598995003596,0,8.64660212370993,3.60949097909244
-1.14881066893323,-4.07008769153906,0,4.22911099048873,2.69416991762728
-1.29162606928303,2.24374770785531,0,2.58895764340738,0.0619858841892206
-2.66087154841011,-0.648177239883739,0,2.73868054570841,1.97521122607989
-5.37800274628951,2.09433738117113,0,5.7714090658407,2.28558666896783
-2.47024058151545,4.10995843943373,0,4.79518997584437,0.262577016429285
0.850425448037237,0.402202014611372,0,0.940739019721613,2.85985444059222
4.19630877993859,-2.74071520976111,0,5.01203823185793,2.29056155984837
0.433993222871869,-0.148764280978128,0,0.458782005743089,1.07332145855321
-0.761240247613096,1.23514192471163,0,1.45088327882238,0.981827337079903
-2.60509534448781,1.50084843260682,0,3.00650424438923,0.308752274643653
-2.95528750577378,-0.135296701126395,0,2.95838290948253,2.36770537336616
-2.12129301523533,0.115033469803927,0,2.1244097428842,3.28483421395264
-2.00100459760507,1.37717610650291,0,2.42912194588068,2.79825718299852
-0.156702879139822,-1.29538825291118,0,1.30483198846097,0.916830474001198
-1.6404788091476,3.42174441653955,0,3.79466804547933,1.14577058203154
-1.01701444985961,1.46708982790889,0,1.78512491282179,1.04400768477916
-1.55923988232359,0.190090123843106,0,1.57078428366571,2.02797175510127
-1.10154063624747,1.88481578067846,0,2.18309924199498,2.09963853667714
1.75492924323902,0.805338404964175,0,1.9308926938817,1.08353672742291
4.38017811916854,-2.09363594943848,0,4.85481944509,3.29922898044947
2.47481882888475,-2.73097357695626,0,3.68550470272875,3.8176889218
-0.704534793694069,-1.78622832402401,0,1.92015127036157,2.82423509802791
-1.87990655445294,0.979555411802011,0,2.11980599543113,1.68900729810487
4.03645344834024,-1.45023103108133,0,4.28907058511854,2.15694665553476
3.28830895671207,-2.05749730510714,0,3.87895230124269,2.61685805911111
1.67570657166173,0.0780754436121001,0,1.67752445264012,2.70303044081528
2.15409408913703,-0.537490491602943,0,2.22013904371295,2.38885726015415
1.48475217123647,-2.17090715918766,0,2.6300811591667,0.437068282020674
0.571522285892167,0.308708762689221,0,0.64956818228152,1.76140151609799
2.15748455683198,-1.01464115857247,0,2.38416364657248,1.28709306119123
-1.04316220334788,0.148933817590901,0,1.05374032119673,0.0942052621510637
-1.14281589043539,-1.32450170695088,0,1.74938072789986,1.34794912879461
-2.1230635799915,-0.77951176116433,0,2.26164487718117,0.440535642276925
-0.707604058526919,0.1378996794617,0,0.720915962674851,0.223282403243683
1.49543977410224,-0.735126723605297,0,1.66635873020356,0.315835337986791
1.70928755339134,-0.72001971237255,0,1.8547485884571,0.731451565126359
0.896243234057377,-1.25279727131883,0,1.5403742849118,1.24498574389069
0.114211006897503,-2.00961190475743,0,2.01285472944257,1.56620754301745
-0.832146173497109,-3.04049628469218,0,3.15231421519061,0.548507019517766
-0.280211894554553,1.27177795699636,0,1.30228179659845,0.137512490980961
1.95672729463166,3.48666508077244,0,3.99820148204595,0.283381950253836
3.34634807452459,-0.679089617578745,0,3.41455826492647,1.04134275365034
-0.385846662516364,-2.67535497698506,0,2.70303568231234,1.84440545268089
-1.80976979288097,-2.64257212349632,0,3.20288216004028,0.148537478977578
0.961680898630898,2.99490722064728,0,3.14552053102134,2.96176309763203
0.910951128000489,7.58998282305398,0,7.64445362415522,4.02231808729056
0.562802134979186,-1.80267188363133,0,1.88848409132089,3.54220826071185
-0.307716073373605,0.147987918191289,0,0.341452201256722,1.87312503384859
-0.379044567298482,-4.06925764260754,0,4.08687319914851,1.73825929734032
-3.43982799451956,1.36335630128281,0,3.70015635292996,0.303731745547895
-5.30851075932544,4.44525917635471,0,6.92391620593719,1.40060822632383
-1.91615920296589,1.86209967777451,0,2.67190593043221,1.98278865313827
2.2160243738635,1.34734682685004,0,2.59347402095722,1.22539333974746
4.35220888307044,-0.310369887595043,0,4.36326158154688,0.861407257370543
1.49270047322747,-0.0451223730310211,0,1.49338231251125,2.28975708944612
0.21659937412755,1.46914967674282,0,1.48503066013668,2.65910294826278
-1.17024954367648,1.2968625049578,0,1.7468074740052,1.04122564633086
-1.43869719656334,-0.425181362068515,0,1.50020959004056,1.22993288416023
-2.4442258480557,0.864555056566535,0,2.59262327424143,3.05016675878616
-2.09161641279564,1.50602249292987,0,2.57739460841502,3.6612681733479
-0.560194387393189,-0.690930395998468,0,0.889495679461924,2.68922619301793
-2.81646552683185,2.67073927844994,0,3.88140778034047,1.49959056980816
-0.932528577295147,0.542117857426914,0,1.07865718317418,0.750999934671154
-0.573866095528727,-1.67804124433424,0,1.77345558537117,0.916224590163498
-2.02815628916789,1.6422734331386,0,2.60968962953147,1.90550333481908
-0.983947745524095,1.92193873053305,0,2.15916688790953,1.08709540862332
2.92353957279717,-0.586594300299858,0,2.98180759051542,2.50285885423312
3.89333271439862,-4.6838165552241,0,6.09066311233825,6.33283654010911
2.13522037950148,-2.49545717027577,0,3.28427656535183,5.97553520624707
0.975451562672681,-1.70451971290271,0,1.96389745220938,3.39909781950951
3.56589955946117,-0.778402599298029,0,3.64986989833327,1.12821535841363
4.49116818242205,-3.38985916770766,0,5.6268762932636,5.00979157388498
2.65476162956244,-1.66569633901746,0,3.1340554563717,5.70125209770951
2.85684894156907,-2.4415211986348,0,3.75800633825004,4.64351919148541
-0.39998535199171,-0.365134430628146,0,0.541582342989571,1.3074439421092
0.218050779409376,1.12138902540449,0,1.14239200307892,3.1083417914489
1.62664796746118,-0.446000241517865,0,1.68668308388967,1.60658141649917
-0.39077781544721,-1.68275883473126,0,1.72753714776609,0.799453977454974
-0.938925850361922,-0.65508790973628,0,1.14486764386129,1.23014915710795
-1.74384244451012,-0.31194945142713,0,1.77152446540281,0.287714299056837
-1.70508420488965,0.288572949293211,0,1.72933122704355,0.37340708237414
1.13716775823301,-0.0764169416781207,0,1.13973245077085,1.06554452276257
1.79011953328884,-0.394730091859467,0,1.8331229606553,1.17909332693201
1.26153400019595,-1.37399314970394,0,1.86529493889941,1.42086234162427
0.411772183839939,-2.0730152645301,0,2.11351570099659,1.40956086745599
-2.20714685547198,-1.04590516663841,0,2.44241987774846,1.01732045462873
-1.32810366415233,1.57601826396433,0,2.06099318559863,0.230907947338105
0.39872572193726,2.50939368648644,0,2.54087364406662,0.236552979302504
1.72177050660158,-1.07922918586695,0,2.03205051931051,1.17608237296094
0.642724262088573,-5.60633741994265,0,5.6430588995089,1.28088596978187
-1.64562225333346,-3.30548862541258,0,3.69246904569263,0.310510462799676
0.604959180442766,-0.613993395930462,0,0.861953305143732,3.27571618602106
2.76903913345463,10.4421143874361,0,10.8030241415496,2.95512661025276
-1.28210027916729,-4.71114542571622,0,4.88248628754733,3.05427791247194
1.67304599059539,1.66726048291388,0,2.36195690149789,0.492187987769205
-0.379386111633548,-5.78264592625104,0,5.79507788818133,1.51815939864942
-5.56199308575401,4.15775476334239,0,6.94425602624729,0.419623609977492
-5.15665680699079,4.74108906762176,0,7.0049293338482,0.400404363746797
-2.14493589543647,1.62042880960074,0,2.6882223722222,0.617333959050647
3.1717909149395,-0.889469922041257,0,3.29414850155678,0.698745043782993
4.62635049821251,-2.98194565410192,0,5.50410018225763,1.15408540395017
0.873843091516451,-1.61112482060403,0,1.8328461299731,1.41473715404542
-0.814437076292336,1.71957649474929,0,1.90269573829708,1.2187212041407
-1.29134981176268,0.0487959157360238,0,1.29227140250492,0.279034776663235
-1.13513515803844,-1.18653493881964,0,1.64207094489084,1.35104551110309
-1.36688484734131,0.117019871538687,0,1.37188477512734,2.98506307555419
-1.40207484451534,0.000851191076808977,0,1.40207510289177,3.4374107225448
-0.769227734940026,0.816178263423746,0,1.12154280608738,1.72711595153349
-0.617490009381251,2.25221704913377,0,2.33533199954407,0.321147153604764
-1.54807044897922,1.55738296577118,0,2.19589704154747,0.201530094447942
-1.13771557446617,-0.780881570730983,0,1.37991766272129,0.851355571957795
-1.74975056205259,2.97124184816806,0,3.44817417624291,2.13315458670024
0.392809104647093,1.8211084892806,0,1.86299090776728,2.04792420622246
2.30214705746421,-0.593946702080748,0,2.37753102169114,1.17395777853925
2.69750952056907,-1.85225123580213,0,3.27221519067608,6.2370774521825
6.87499994050427,-7.02181809138456,0,9.82708265409573,10.5126084053144
