LinearAcc0,LinearAcc1,LinearAcc2,Gravity0,Gravity1,Gravity2,Gyro0,Gyro1,Gyro2,ConvertedData0,ConvertedData1,ConvertedData2,ResultantAcc,Timestamp,dt
-0.1529716391639262,0.1593978210389917,-0.16055377663320958,8.101930989749864,5.521159429937571,-0.9377586012964779,0.0321044921875,-0.0441741943359375,-0.0988311767578125,-0.11706482556217025,-0.2458294792283333,-0.021194333486219245,0.2731034656163547,1452843115722365049,0.020202636
-0.13272431128318019,0.09665465312196275,-0.10417326019870332,8.041003730228493,5.6138098244171,-0.9343094058169217,0.047821044921875,-0.1348876953125,-0.1333465576171875,-0.11650302592937403,-0.24609622544379708,-0.021194333486219245,0.19444776397826793,1452843115782789854,0.020141601
-0.41915552324529415,0.29268016781007056,-0.03835569800271266,7.936214849417169,5.686979866369617,-0.9438983303175998,0.0659942626953125,-0.0359344482421875,-0.1281585693359375,-0.07714618576271957,-0.17313840802517574,-0.04337615324211146,0.5126638205155916,1452843115802931456,0.020141602
-0.39562715297123496,0.25138046237305645,-0.008675281058420081,7.83730806117436,5.749824981962881,-0.9460671505822049,0.0316314697265625,-0.101593017578125,-0.14251708984375,0.03850303751484894,-0.48359969709445677,-0.16574986022158827,0.46881578635158944,1452843115823103575,0.020172119
-0.2600319958144883,0.018291869898445334,0.2132013767157639,7.772300062220738,5.754397949437492,-0.8927668064032639,0.072265625,-0.0476837158203125,-0.148468017578125,0.05683113573323188,-0.43372387940613305,-0.16864782927298066,0.3367581600869455,1452843115843245176,0.020141601
-0.13623604587034066,-0.11267363298749355,-0.20080120331488882,7.738241050753153,5.7262295411906186,-0.9429671072319862,0.12249755859375,0.129913330078125,-0.0945587158203125,0.22272062665495324,-0.12950681273532214,-0.21686302362381285,0.23733666880737445,1452843115883558897,0.020233154
0.14997689939298198,0.19109932410675512,-0.049074293559028925,7.773851225607018,5.77420218956512,-1.0145395980425336,0.0640106201171875,0.00653076171875,-0.0950164794921875,-0.2313502948286075,-0.04943968944709795,0.01901203329087826,0.24783120932180638,1452843115903669981,0.020111084
0.24824079685813594,0.0782334631916548,0.022959803434026815,7.835911424821552,5.793760555363033,-1.0087996471840268,0.12371826171875,-0.072418212890625,-0.08203125,-0.011728754844096807,-0.06746050983628324,0.23818445130813487,0.2612874290153498,1452843115923811583,0.020141602
0.24453990311150875,-0.15181752632167633,-0.10414192287777846,7.897046400599429,5.755806173782614,-1.0348351279034715,0.163421630859375,0.0784454345703125,-0.08203125,0.031078298436526167,0.09233633765258904,0.2424443446515078,0.3060945370517091,1452843115943953184,0.020141601
0.100868738895457,0.03551619378640947,-0.24985406564597268,7.922263585323293,5.7646852222292155,-1.0972986443149648,0.1046295166015625,0.1091461181640625,-0.075927734375,-0.14158239918818494,0.2441129168374902,0.11856304762400222,0.2717774027163695,1452843115964064268,0.020111084
-0.3031062784148846,0.1126414706541281,-0.09747846736052823,7.846487015719572,5.792845589892747,-1.1216682611550968,0.038970947265625,0.006988525390625,-0.073638916015625,-0.2383446963738068,-0.01583438394200972,0.12963037139527722,0.13587380593846446,1452843116004316954,0.020080567
-0.02419553771677574,-0.12909598221885688,-0.1592416878607381,7.811640606076151,5.749838780070419,-1.1759481314751994,-0.0237884521484375,0.0451507568359375,-0.0594329833984375,-0.06324957494261225,-0.04715140452096453,-0.1106251734759456,0.20641974668909968,1452843116024489073,0.020172119
-0.06243504345467077,-0.058293875618835145,-0.09868241278859058,7.796031845212483,5.73526531116571,-1.200618734672347,-0.036773681640625,0.0821075439453125,-0.0591278076171875,-0.18402324523055066,0.05427548268420039,-0.07614943045361115,0.13051639429446646,1452843116044722227,0.020233154
0.03141182851751356,0.008882477629931884,0.03304137445662758,7.803884802341861,5.737485930573193,-1.19235839105819,-0.0967864990234375,0.05950927734375,-0.0382080078125,-0.10820114353311493,-0.01170383132451508,-0.07204209775337833,0.22977367333026,1452843116084913878,0.02017212
0.21630962493870864,0.06846798880815719,-0.1421420945665084,7.913298529358166,5.77001772896528,-1.227746211097554,-0.1016693115234375,-0.024017333984375,-0.0493621826171875,0.010102572930899598,0.08467697974999118,0.2133628217952373,0.26773511981119125,1452843116104994444,0.020080566
-0.20980142114278344,0.34957419573402504,-0.07830107799695663,7.860848174072471,5.8574112778987875,-1.2473214805967934,-0.0955657958984375,-0.0736541748046875,-0.03668212890625,-0.12656846349148146,0.04734371353082281,0.2311300323018597,0.4151503504179028,1452843116125197081,0.020202637
-0.3315130119142271,0.24903191518097056,0.0952815008836847,7.777969921093915,5.919669256694029,-1.2235011053758722,-0.2123870849609375,-0.1199188232421875,-0.0157623291015625,0.012280957100163095,-0.4119215176397043,0.05019622479800524,0.4254366418843024,1452843116145369200,0.020172119
-0.43748824156263133,-0.06781548348022426,0.059953228050697804,7.668597860703256,5.902715385823974,-1.2085127983631978,-0.3276824951171875,-0.207733154296875,0.009429931640625,0.16016572866263667,-0.37414210548484833,-0.1239392896489483,0.44675417273811646,1452843116165449766,0.020080566
-0.1664792910063344,-0.022347221927343064,-0.09524565670380358,7.524404706045397,5.854851494388281,-1.273452463413384,-0.3928985595703125,-0.3007354736328125,0.0239410400390625,-0.19060831524437932,-0.15888586169772992,-0.4030217231292359,0.19309709418523238,1452843116205732969,0.020080566
0.1568312156324323,0.07878970292687537,-0.03216576364429291,7.563612509953505,5.87454892012,-1.281493904324457,-0.3438720703125,-0.2429962158203125,-0.006439208984375,-0.09433319215150769,-0.10567692326914724,-0.13122546792360357,0.17843341569020155,1452843116225905089,0.02017212
0.9103038396934462,-0.5590995853147493,-0.3568971616966843,7.791188469876866,5.734774023791312,-1.3707181947486282,-0.2823333740234375,-0.10479736328125,-0.0108795166015625,-0.015857042487039705,0.03137922507215307,0.17493536847128255,1.1263307733019219,1452843116246016173,0.020111084
0.5090658256610077,-0.63200867215805,-0.5315016160760975,7.918454926292117,5.5767718557518,-1.5035935987676525,-0.1300811767578125,0.02667236328125,-0.0357666015625,-0.5008403777920767,0.9040284179197642,0.4477863168598479,0.9700912041815493,1452843116266157774,0.020141601
0.5690080316225554,-0.27781152757019,-0.39362170301712807,8.060706934197757,5.5073189738592525,-1.6019990245219344,0.0514984130859375,-0.0030975341796875,-0.068145751953125,-0.6789484144458708,0.6799715792899188,0.133209401940169,0.7455785873990489,1452843116286360411,0.020202637
-0.27614980116781407,0.2129013059488285,0.09705671944403815,7.981044820699064,5.590885925496484,-1.5925706354596632,-0.001495361328125,-0.2286529541015625,-0.0180511474609375,-0.4494756152818497,0.4636261886780678,0.3727062140631764,0.36194707561876865,1452843116326582579,0.020111084
-0.6171722823405013,0.07365356429031333,-0.0582677103822693,7.826751750113939,5.609299316569062,-1.6071375630552307,-0.08502197265625,-0.29705810546875,-0.0221710205078125,0.14813222754333993,-0.30832425626435234,-0.11831616186991847,0.624276861412661,1452843116346693663,0.020111084
-0.398034700872401,-0.12484179700524933,-0.021724031587065262,7.7272430748958385,5.578088867317749,-1.6125685709519972,-0.08013916015625,-0.411895751953125,-0.036376953125,-0.04027036690601187,-0.43812123013568127,-0.4428878854857913,0.4177188419576946,1452843116366896299,0.020202636
-0.21792727241667098,-0.1257157227604493,0.03334098957409792,7.672761256791671,5.546659936627637,-1.604233323558473,-0.105804443359375,-0.3972320556640625,0.00531005859375,-0.05876015816089192,-0.14680878598638372,-0.3866309316760233,0.2537880229599738,1452843116387068419,0.02017212
-0.01545509918333643,-0.07090949227085908,-0.03266558724697166,7.668897481995836,5.528932563559922,-1.6123997203702158,-0.1280975341796875,-0.2701873779296875,0.04425048828125,-0.0035698935383919814,-0.02706118960248442,-0.2523159094909424,0.07958678769159683,1452843116407148985,0.020080566
0.011561701903330501,-0.5534683164729373,-0.17735317292257724,7.6717879074716695,5.390565484441687,-1.739587188224438,-0.0515899658203125,-0.1558074951171875,-0.02874755859375,-0.05007982837129491,0.039325220235344294,-0.04774509486917458,0.8306104889634742,1452843116447584776,0.020294189
0.09200886421813159,-0.49549657801143,-0.5197194095766995,7.726533616250618,5.0789468953942425,-1.869517040618613,0.0963897705078125,-0.1177825927734375,-0.0233917236328125,-0.5162658614786851,0.6012514571573739,-0.24875706359364652,0.7239411264781832,1452843116467573790,0.019989014
0.07073843903075527,-0.16763749678414364,-0.2683756253176095,7.744218226008307,5.037037521198206,-1.9366109469480155,0.0988311767578125,-0.0341033935546875,0.01019287109375,-0.6313777889073234,0.342980276807926,-0.08841582525548926,0.3242402401756752,1452843116487745909,0.020172119
0.15230608325585404,-0.009683727896065086,-0.07591876197283765,7.782294746822271,5.03461658922419,-1.9555906374412249,0.0276641845703125,0.0356903076171875,-0.00384521484375,-0.29981054212283176,0.12118760247572061,0.023641932624228146,0.17045402899958845,1452843116507887510,0.020141601
0.12471351894843341,-0.05752725575435136,-0.010966943172020294,7.813473126559379,5.020234775285601,-1.9583323732342297,-0.0157012939453125,0.0442352294921875,-0.0171356201171875,-0.06600782863226289,0.0793504826855995,0.13565045855512667,0.13777924664355706,1452843116528059630,0.02017212
-0.3227517072480026,-0.22344830305778451,-0.22754130456759292,7.689054197482378,4.899031188799972,-2.046842240354282,-0.031280517578125,-0.0582275390625,0.043182373046875,-0.017723382408081467,0.11453664013250794,0.07450074707289729,0.4537321389930693,1452843116568312315,0.020111084
-0.006480174392152094,0.0030895020850225663,-0.1935198600603245,7.68743415388434,4.899803564321227,-2.095222205369363,-0.0175323486328125,-0.0776214599609375,0.085479736328125,-0.30516925688707247,-0.043880127113404846,-0.3328950479557833,0.19365297292077302,1452843116588423399,0.020111084
0.27812884876752797,0.4532772657305184,-0.02847311461075952,7.756966366076222,5.013122880753857,-2.102340484022053,-0.0299072265625,-0.0357818603515625,0.071746826171875,-0.1849802423766796,-0.041381612433729516,0.03964023371212512,0.5325661033153751,1452843116608595518,0.020172119
0.08850649698277202,0.5396970078969154,-0.13571794481360744,7.7790929903219155,5.148047132728085,-2.136269970225455,-0.0986175537109375,0.0355377197265625,0.047454833984375,0.11776205073459912,-0.21236744472511118,0.47398186391578445,0.5634941178801017,1452843116628706602,0.020111084
0.17513869367996726,0.23554178600503217,-0.5498097074133863,7.822877663741908,5.206932579229343,-2.273722397078801,-0.1700897216796875,0.0816497802734375,0.0586090087890625,0.019640176177653124,-0.40376660878289794,0.39257156072874355,0.6232529256604892,1452843116648848204,0.020141602
0.5985704276002242,-0.31788981338347444,-0.5030191526494594,7.972520270641963,5.127460125883474,-2.3994771852411656,-0.156494140625,0.128082275390625,0.0946502685546875,-0.44583816895188,-0.1771543402039627,0.3978553044573621,1.0232815917899947,1452843116689131407,0.020141602
0.6880240385078942,-0.035761492284174246,-0.21607044128940434,8.387949472234293,5.045130388768549,-2.4818360528512207,0.035614013671875,0.1807708740234375,0.12335205078125,-0.08347536626238146,0.757605817836492,0.6827669390619703,0.722040440345346,1452843116709273008,0.020141601
0.23552665268131534,0.07285564992266025,-0.20826895068777374,8.446831135404622,5.063344301249215,-2.5339032905231638,0.0137786865234375,0.1497650146484375,0.1751251220703125,-0.13825424414145754,0.36618091216795623,0.6067451500557007,0.3227331803045737,1452843116729445128,0.02017212
-0.010663150511197372,-0.33796792146812216,-0.4815077386752189,8.444165347776822,4.978852320882185,-2.6542802251919686,0.0537872314453125,0.1552581787109375,0.22552490234375,-0.1503592610018883,0.031600593491114166,0.2838136528088457,0.5883754933071483,1452843116749556212,0.020111084
0.5255515108410425,0.3804679479817521,-0.40531117140892503,8.575553225487083,5.073969307877623,-2.7556080180442,0.23870849609375,0.095703125,0.2581939697265625,-0.5563176671531646,0.18526664903829165,-0.04870935534457388,0.7650081016941079,1452843116769728331,0.020172119
0.5305120094540836,0.7762371513541524,0.007879969122859709,8.708181227850604,5.26802859571616,-2.7536380257634847,0.2573394775390625,0.0040740966796875,0.2469024658203125,-0.2033329480486426,-0.09976519764399419,0.7307120345968221,0.9402389064651581,1452843116789869932,0.020141601
-0.2829146111867331,0.4467953851458226,0.17284450264203777,8.63745257505392,5.379727442002615,-2.7104269001029753,0.113189697265625,-0.14251708984375,0.2554473876953125,0.29827990911499064,-0.3408694823745981,0.8239456244836899,0.5563650020482217,1452843116809981016,0.020111084
-0.01289174754313649,0.5211081831166577,0.3794621255511301,8.634229638168136,5.51000448778178,-2.6155613687151926,0.14923095703125,-0.335693359375,0.2951507568359375,0.2564492847642865,-0.4913695544258594,-0.048288473280386136,0.9780949664600982,1452843116850325255,0.020202637
-0.022413316083857993,0.15451997938216078,0.6272429673839737,8.62820250065417,5.699514444445964,-2.266326829688661,0.2949066162109375,-0.3474578857421875,0.2898101806640625,0.8952937865679327,-0.3662231916166957,0.14491134888301893,0.6463841898583156,1452843116870405821,0.020080566
-0.4773544809920871,0.1398879561619788,0.5975097059384291,8.50886388040615,5.734486433486459,-2.116949403204054,0.39080810546875,-0.2391815185546875,0.2487335205078125,0.641320242469732,-0.04135600820395262,-0.06935811496710342,0.7774662626075993,1452843116890577940,0.020172119
-1.0298572176061693,0.690975306335833,0.9680590342819932,8.251399576004607,5.907230260070417,-1.8749346446335557,0.275970458984375,-0.18145751953125,0.152984619140625,0.5741937558893995,-0.29708964204937366,-0.4318484304771959,1.5732739928176542,1452843116910719542,0.020141602
-1.039242219397436,0.7528168661624166,1.2166347274255946,7.9915890211552485,6.095434476611021,-1.5707759627771571,0.0676727294921875,-0.131072998046875,0.0641021728515625,1.0353863970089496,-1.0191118943294333,-0.6038021066340368,1.7683205830772488,1452843116930830626,0.020111084
-0.6466647716116984,-0.10280413924980358,1.5054968114898806,7.881247832914358,6.148275330656054,-0.7732885595367557,-0.0480804443359375,0.2934722900390625,0.0526580810546875,1.3000387349536184,-1.0634094594292463,-0.5531884995196071,1.5229042773956667,1452843116971113829,0.020080567
0.6064275149185132,-0.18082729577484358,0.6626616093481545,8.032854711643987,6.103068506712344,-0.607623157199717,0.00384521484375,0.397003173828125,0.00531005859375,1.4761887612650593,0.3738823767858248,-0.017777545814993648,0.9162822983400762,1452843116991224913,0.020111084
0.5856425002160606,-0.42127316474487486,-0.07574229455272641,8.179265336698002,5.997750215526125,-0.6265587308378986,0.0316314697265625,0.3744049072265625,-0.0484466552734375,0.6238295089627933,0.5827071402547671,0.33295998056072484,0.7253861816836553,1452843117011427549,0.020202636
0.1976521837665981,-0.48441843413965024,-0.42620662861093117,8.228678382639652,5.876645606991213,-0.7331103879906313,0.0226287841796875,0.28826904296875,-0.078216552734375,-0.13730051783195563,0.6749966399143282,0.2274054458433507,0.674818268390766,1452843117031599669,0.02017212
-0.3233235654867208,-0.52728084106172,-0.424241670076245,8.14784749126797,5.7448253967257825,-0.8391708055096925,-0.003326416015625,0.1176910400390625,-0.0692138671875,-0.4877125350513622,0.4577083050844423,-0.08955046710883247,0.7500294714068789,1452843117051710753,0.020111084
-0.3869059227018763,-0.4849960595681253,-0.13360720324849606,7.983072101442751,5.52035768749825,-0.8303823038074531,-0.1041107177734375,0.085784912109375,-0.04400634765625,-0.49565170489966714,0.18826219712343123,-0.5305006809704017,0.5225288435759288,1452843117092054991,0.020233154
-0.8341505522479515,-0.6787007007798502,0.09577556960846245,7.774534463380764,5.350682512303288,-0.8064384114053375,-0.15252685546875,0.1070098876953125,-0.0585174560546875,0.10621993750480097,0.19877472474979593,-0.47142582716779535,1.0796363947127976,1452843117112166075,0.020111084
-1.0300767894546112,-0.80233556062388,-0.3684479036882301,7.517015266017111,5.1500986221473175,-0.8985503873273949,-0.1349639892578125,0.15863037109375,-0.0579071044921875,-0.006088252276353484,0.08606059977963801,-1.0761836599966883,1.3566703364292323,1452843117132277159,0.020111084
-0.38186172453243916,-0.5107405188116036,-0.15884523701308417,7.421549834884002,5.022413492444416,-0.9382616965806658,-0.1786346435546875,0.2607879638671875,-0.045074462890625,-0.500658647171992,0.016900254640635562,-1.260797274080406,0.6571956052352887,1452843117152357725,0.020080566
-0.3657921140009517,-0.2784288408305331,-0.03614601382921734,7.330101806383764,4.952806282236783,-0.9472982000379702,-0.2064361572265625,0.206573486328125,-0.0499725341796875,-0.2457014071615461,0.17893207349181128,-0.5826835862466117,0.46112148549732696,1452843117172560362,0.020202637
0.429045996299239,-0.26102432266442666,-0.20694415481337392,7.4373633054585735,4.887550201570677,-0.9990342387413136,-0.1757354736328125,0.087310791015625,-0.0579071044921875,-0.0874938701893402,0.01444511771443992,-0.4525142449091617,0.543175889721047,1452843117192732481,0.020172119
0.27649861731901204,-0.38604726572398285,-3.641809555592346E-4,7.6676694735013005,4.693130395606795,-1.0285512243178783,-0.03265380859375,0.127166748046875,-0.043548583984375,-0.24379431172189603,0.42362951036083946,0.2369438785819952,0.4748516709247818,1452843117232954649,0.020111084
0.010627604792709633,-0.12889396492293592,-0.2127669307019473,7.670326374699478,4.660906904376061,-1.0817429569933652,-0.0126495361328125,0.1493072509765625,-0.0516510009765625,-0.06586654506016247,0.46902221099480906,0.034116399223514914,0.24899069656818967,1452843117253157286,0.020202637
-0.11017467397833247,-0.17585687115709892,-0.42864860315530784,7.642782706204895,4.616942686586786,-1.1889051077821922,0.0198822021484375,0.0779876708984375,-0.0627899169921875,-0.23268910765063622,0.08264131573608963,-0.031977309522720536,0.47623914465989975,1452843117273298887,0.020141601
0.4124339912860835,0.06987358510557051,0.05238141044450373,7.7458912040264165,4.6344110828631795,-1.1758097551710662,0.04217529296875,0.01690673828125,-0.0204925537109375,-0.45812418493878015,0.02805973622565803,-0.1270377289094528,0.42157790172615806,1452843117293440489,0.020141602
0.3682406500601161,0.07600384855320641,0.4745223158556029,7.837951366541446,4.653412045001481,-1.0571791762071654,0.043243408203125,0.0836334228515625,0.0126495361328125,0.07960282972658654,0.16482908437688798,0.3797666400309782,0.6054330595504016,1452843117313582090,0.020141601
1.0463600511947249,0.4131102365115522,-0.6212690967586643,8.3012046460709,4.82836010040251,-1.2211991649600857,-5.79833984375E-4,0.1248779296875,0.040283203125,0.4896144438363066,0.19437320995246993,0.2984056839529372,1.285108833848007,1452843117353865294,0.020111084
1.3462799354870292,0.28550527905299194,-0.46065053131318145,8.637774629942658,4.899736420165758,-1.336361797788381,0.072113037109375,0.1816864013671875,0.0520477294921875,-0.4957630080505953,0.09673582113060983,1.1816794141431552,1.451269045029626,1452843117373976378,0.020111084
1.4483862530771248,0.22840422324239373,-0.1053124172380453,8.999871193211938,4.956837475976356,-1.3626899020978922,0.109832763671875,0.1929779052734375,0.0608978271484375,-0.34156857740611285,0.3682364454182957,1.3615853451405897,1.4700618805078494,1452843117394117979,0.020141601
0.8553032407429502,0.6785241598439153,-0.2766327462904363,9.213697003397675,5.126468515937335,-1.4318480886705012,0.075775146484375,0.0750885009765625,0.048675537109375,-0.0015957535634126274,0.5045759398666241,1.3807543902820942,1.1262612243336236,1452843117414290098,0.020172119
0.6115008933756094,0.9160981364688823,-0.2902148884385991,9.366572226741578,5.355493050054555,-1.504401810780151,0.047210693359375,-0.027984619140625,0.087005615234375,-0.09949377962829903,-0.19528328486169938,1.1047306463427484,1.1390319660625665,1452843117434431700,0.020141602
0.9926430975129872,0.48784677089385653,-0.2120669302821292,9.614733001119825,5.4774547427780185,-1.5574185433506833,0.1064605712890625,0.011260986328125,0.1552734375,-0.06756405636487922,-0.5100586061343952,1.0162033990492736,1.1261914463496099,1452843117454542784,0.020111084
0.2667463139478894,-0.5639706301599148,-0.15339377860070336,9.681419579606798,5.33646208523804,-1.5957669880008591,0.2141265869140625,1.068115234375E-4,0.161834716796875,-0.06680130916452912,0.05693268618320721,1.1227660297674633,0.6424532037441785,1452843117474653868,0.020111084
-1.2075538434483502,1.040291706853905,0.7575091340393001,9.257007578799913,5.5423651534976575,-1.4119433381408626,0.2799530029296875,-0.13427734375,0.316986083984375,-0.2627120579058372,0.5860562865358696,-0.01632542206232397,1.764713350187181,1452843117514967589,0.020141602
-2.0274932700711794,1.429474576420624,1.0424575025439402,8.750134261282117,5.8997337976028135,-1.1513289625048777,0.1209716796875,-0.171539306640625,0.2834014892578125,0.9242280938884718,-1.3802662474750678,-0.5957187105893872,2.6908816713908097,1452843117535078673,0.020111084
-1.9273290887131935,1.5752447001989989,0.8645934434414022,8.268301989103819,6.293544972652564,-0.9351806016445272,-0.0408935546875,-0.33660888671875,0.2100982666015625,1.2806619608517473,-2.1496653295363766,-0.9897920356115114,2.635055047650224,1452843117555189756,0.020111083
-1.5839653217518048,1.1338651937529498,0.6017089344406218,7.872310658665867,6.5770112710908,-0.7847533680343718,-0.297149658203125,-0.4919281005859375,0.118621826171875,1.142993817268492,-2.282204613593711,-0.6546916409255267,2.038786418412282,1452843117575361876,0.02017212
-0.4823333902139435,0.29453111984611,-0.30826908291625255,7.751727311112381,6.6506440510523275,-0.861820638763435,-0.45611572265625,-0.397705078125,0.0607452392578125,0.8158683667263755,-1.7907694527219808,-0.533061074098735,0.6437576464439916,1452843117595564512,0.020202636
0.1797949089225952,-0.5721998111543618,-0.42847561789550204,7.79667603834303,6.507594098263737,-0.9689395432373105,-0.2754669189453125,-0.0447845458984375,0.008056640625,-0.24450261259534983,-0.5768993604430669,-0.1477481500481245,0.7371093462238177,1452843117615675596,0.020111084
0.24050340760682687,-0.5649619973609896,-0.32937717400390176,7.856801890244736,6.239484856677854,-0.9525321963437536,0.2045135498046875,0.203369140625,-0.083099365234375,-0.5225787353705926,0.48508893983903667,-0.18689673373580495,0.6640686217369615,1452843117656050352,0.020263672
-0.4829430535066308,-0.7706528267485337,0.16573669457500295,7.777468199991006,6.046821649990721,-0.911098022700003,0.2823944091796875,0.2191009521484375,-0.0838623046875,0.29887925447675356,0.5502791700117974,-0.22102306315974668,0.9244503362725668,1452843117676100401,0.020050049
-0.8840717279615546,-0.953424116867577,-0.30864599590249764,7.556450268000617,5.808465620773827,-0.9882595216756274,0.31231689453125,0.161529541015625,-0.1012725830078125,0.03893588981801237,0.3213594527905795,-0.8659217695400375,1.3363617465313398,1452843117696211485,0.020111084
-1.092023007369244,-1.298737828650312,-0.5225759764094982,7.283444516158307,5.4837811636112495,-1.1189035157780018,0.338897705078125,0.05889892578125,-0.082794189453125,-0.467174658156034,0.14766349529671127,-1.2433044570207399,1.7754773575890612,1452843117716383604,0.020172119
-0.6908059058953953,-1.318470243389,-0.3816838280025985,7.110743039684458,5.154163602764,-1.2143244727786515,0.3214874267578125,-0.06890869140625,-0.0464630126953125,-0.770528793160734,0.2641553663589664,-1.577601761813548,1.5366389058204026,1452843117736525206,0.020141602
0.03599052918993362,-0.7953889876799503,-0.32258339052707874,7.119740671981941,4.955316355844013,-1.2949703204104213,0.1782379150390625,-0.13092041015625,-0.0252227783203125,-0.6570117331313212,0.5666389673284762,-1.2682722743468855,0.8590686839583046,1452843117756666807,0.020141601
0.2766928139769469,-0.1855055260814602,-0.2791238413279131,7.188913875476178,4.908939974323648,-1.3647512807423994,0.009033203125,-0.095489501953125,-0.0218658447265625,-0.48293041237307044,0.6049693000636043,-0.37254441078762146,0.43460480014708847,1452843117776777891,0.020111084
-0.036116451943442485,-0.25847522164641834,-0.2797687996248306,7.1798847624903175,4.844321168912043,-1.434693480648607,-0.080291748046875,-0.2003936767578125,-0.045074462890625,-0.3009512537675371,0.2662270519028457,0.16562868833359085,0.38260216877282166,1452843117796950010,0.020172119
0.707371310599946,-0.028937325447457418,0.2951154487088583,7.4760851102984915,4.81697748658027,-1.3335981147244833,-0.067779541015625,-0.094268798828125,-0.0127105712890625,0.11367657090383675,0.35454805751731133,0.32821034548166145,0.7670102137068112,1452843117837263731,0.020172119
0.2710972437924575,-0.10354536817046611,-0.29128801212666344,7.543859421246605,4.791091144537654,-1.406420117756149,-0.0146331787109375,0.048065185546875,-0.0269012451171875,0.3158487871277006,0.45708133544050844,0.5287918771172533,0.4111740080186584,1452843117857344298,0.020080567
-0.1956466190285342,-0.10964293516137236,-0.7278668354825808,7.494947766489472,4.76368041074731,-1.5883868266267942,0.0672149658203125,0.0859375,-0.0478363037109375,-0.2892557424732908,0.19626136700295785,0.21651012982319395,0.7616359385976502,1452843117877455381,0.020111083
-0.13259151397282753,-0.2035224535978477,-0.6205747183860648,7.461799887996265,4.712799797347848,-1.7435305062233102,0.1327362060546875,0.0027008056640625,-0.0524139404296875,-0.7469299777882833,-0.11691465407660878,-0.09228163347540858,0.6664194473423163,1452843117897658018,0.020202637
0.3217710271029883,-0.26618710350327834,-0.32034893486510185,7.542242644772012,4.646253021472028,-1.8236177399395856,0.1420440673828125,-0.0466156005859375,-0.0253753662109375,-0.6593874311198489,0.006681530087847207,-0.09632465833502211,0.5263227223135842,1452843117917799620,0.020141602
0.5301951419948905,-0.3182353273338725,-0.5300218236733314,7.6747914302707345,4.56669418963856,-1.9561231958579186,0.1067657470703125,5.645751953125E-4,0.0152435302734375,-0.34175886213108764,0.34889844662139086,0.19617922947658578,0.8144346172212248,1452843117937880186,0.020080566
1.0349694221267303,0.8926282186313212,-0.6229102562134323,8.110401061271707,4.880061600704616,-2.32266164320063,0.0574493408203125,-0.06494140625,0.0318756103515625,-0.637186939997191,-0.053139437598850314,0.9658922345190704,1.5019866939257975,1452843117978224424,0.020202636
0.8069184087951342,0.7954502311550566,0.14199161924800396,8.31213066347049,5.078924158493381,-2.287163738388629,-0.043487548828125,-0.13916015625,0.0291290283203125,-0.24275916237667788,-0.2741718094394342,1.4566611629585005,1.1419369547544096,1452843117998366026,0.020141602
0.9393701762548563,0.1577957317990455,0.1135932953984029,8.546973207534206,5.118373091443142,-2.258765414539028,-0.1006011962890625,-0.056549072265625,0.049591064453125,0.4256724432297866,-0.19448023352963134,1.0416334982341697,0.9592805938673756,1452843118018507628,0.020141602
0.44043657069138575,-0.992647691904514,-0.6690863011812778,8.657082350207052,4.870211168467014,-2.4260369898343472,0.1017303466796875,0.0280609130859375,0.123046875,0.24957607180155766,0.39049147972760007,0.839909173001412,1.2755431358735738,1452843118038618712,0.020111084
0.6930841198343582,-1.1903705949298615,-0.8903593729762722,8.830353380165642,4.572618519734549,-2.6486268330784153,0.3758392333984375,0.0782928466796875,0.236663818359375,-0.8523254361771666,0.9471474650566167,0.058848174835780837,1.6401486406685646,1452843118058790831,0.020172119
0.8837153427424873,0.09194180530611096,-0.536176658537268,9.051282215851263,4.5956039710610765,-2.782670997712732,0.4815216064453125,-0.070281982421875,0.2603302001953125,-1.0965077492489563,1.1835370862128356,0.2949543419820274,1.0377338347194855,1452843118078901915,0.020111084
0.19969688356898985,1.1369201434636391,-0.05469816276731443,9.10120643674351,4.879834006926986,-2.7963455384045606,0.3831787109375,-0.256439208984375,0.234527587890625,-0.35649727998109826,0.2505323687522008,0.9418251996422888,1.1556202433890936,1452843118119185118,0.020111084
-0.3442496585783452,2.08886180197298,1.4140825312976686,8.885433130258033,5.994100234159832,-2.2467851680164186,-0.040283203125,-0.6913604736328125,0.1068572998046875,1.3255388765698348,-2.0977476789790215,0.5786979281813761,2.5458752641271203,1452843118139357237,0.020172119
-0.7692840042064262,-0.3972699334216161,1.8213539156631349,8.693112129206426,5.894782750804429,-1.7914466891006349,-0.2826385498046875,-0.4597015380859375,0.072662353515625,1.829014295198165,-1.6753579341225107,0.5739019205225663,2.016668382563212,1452843118159529356,0.020172119
-0.18758296508389094,-0.06992776314354288,1.168032839561758,8.646216387935453,5.877300810018543,-1.4994384792101956,-0.1748199462890625,-0.245452880859375,0.0636444091796875,1.650139003769648,0.11432153770048664,-1.1536564399458749,1.185064544715868,1452843118179609923,0.020080567
-0.1787895165983624,0.45899919573516534,0.7898950216494065,8.601519008785862,5.992050608952335,-1.301964723797844,-0.0236358642578125,0.0808868408203125,-0.006591796875,1.1256446918696772,0.09445041138620355,-0.35830290639661067,0.9309028403423856,1452843118199751524,0.020141601
-0.04061462109119063,-0.18219029184936808,0.5984199235695251,8.591365353513066,5.946503035989993,-1.1523597429054626,0.0163726806640625,0.2113037109375,-0.046295166015625,0.8482010627944065,-0.3831858847467528,0.017425173708933123,0.6268566461444716,1452843118219923643,0.020172119
-0.31005517343545286,-0.34578885457324393,0.26242734510562005,8.513851560154203,5.860055822346681,-1.0867529066290575,-0.1319122314453125,0.2922515869140625,-0.0945587158203125,0.5622252525188238,0.19001308098477673,-0.2018590127620729,0.5334531413164131,1452843118240095762,0.020172119
-0.7491701742799393,-0.4856652184893768,0.15991883289884679,8.27340113131119,5.625450985090939,-1.0320959569222843,-0.1047210693359375,0.1376953125,-0.192138671875,0.20059635773157505,0.1317340191268646,-0.47642365318587465,0.9070284932661696,1452843118280317930,0.020111084
-1.2501784245802021,-0.8087103974477516,0.24565967569407743,7.96085652516614,5.423273385729002,-0.9706810379987649,-0.1607666015625,0.1115875244140625,-0.2135162353515625,0.06922626745214851,-0.012091054891977232,-0.904302016605826,1.5090749737796516,1452843118300520567,0.020202637
-1.6194054349766613,-0.6986528882707015,0.34774844368026203,7.556005166421974,5.2486101636613265,-0.8837439270786995,-0.256072998046875,0.1033477783203125,-0.2066497802734375,0.09849184182565107,-0.024882923390118307,-1.5056517552477737,1.7976425676988703,1452843118320631651,0.020111084
-1.332853449543829,-0.7982045371790614,0.15090383306920963,7.222791804036016,5.049059029366561,-0.8460179688113971,-0.2840118408203125,0.08441162109375,-0.2190093994140625,0.216644053657092,-0.32912513448118563,-1.7539271683572941,1.5608974239100735,1452843118340773253,0.020141602
-0.48052836510381347,-0.9343155828682495,0.1341263867678677,7.1026597127600635,4.8154801336494995,-0.8124863721194302,-0.2953033447265625,0.123809814453125,-0.2019195556640625,0.013502993870302238,-0.10861766411823634,-1.5570551491302396,1.059170904853029,1452843118360884337,0.020111084
-0.20256234052055078,-0.9101721928570994,-0.04201529683570582,7.052019127629926,4.587937085435224,-0.8229901963283567,-0.273468017578125,0.25543212890625,-0.193359375,-0.007718483355768718,0.505771739629374,-0.9305796037681139,0.9333864192367795,1452843118381025938,0.020141601
0.3739364557085594,-0.7051641214731799,-0.09678362418731468,7.145503241557066,4.41164605506693,-0.8471861023751853,-0.2018585205078125,0.3482818603515625,-0.14923095703125,-0.18058191880247615,0.6359818491467362,-0.6588835457976876,1.1601763122232704,1452843118421339659,0.020141602
1.025696284778478,-0.43025279164908525,-0.5102642733861313,7.651870243541834,4.184586287742835,-1.0606280605982437,0.08203125,0.4518280029296875,-0.08477783203125,-0.39129632850294593,0.8714868853061404,0.65833640620289,1.2237401529836638,1452843118441481260,0.020141601
0.8684207973540321,-0.15468807316301803,-0.644612785896405,7.868975442880343,4.1459142694520805,-1.221781257072345,0.1782379150390625,0.4154815673828125,-0.117462158203125,-0.5427693660550976,0.8002690786678923,0.7500072114557997,1.092524015752983,1452843118461653380,0.02017212
0.651658024601975,0.25719436568833576,-0.5645061466858741,8.031889949030838,4.210212860874164,-1.3629077937438134,0.2150421142578125,0.27911376953125,-0.0954742431640625,-0.6189435055343822,0.453972374462585,0.7774488867607467,0.8997079039422223,1452843118481733946,0.020080566
0.23802563843157998,0.4699156488006686,-0.20753753453619916,8.091396358638733,4.327691773074331,-1.4147921773778633,0.1415863037109375,0.0755462646484375,-4.8828125E-4,-0.46079185695423697,0.004450361394322838,0.7727388183042583,0.5661702480525435,1452843118501845030,0.020111084
0.30718076465151434,0.7003954096655356,-0.03394994950395924,8.16819154980161,4.502790625490714,-1.4232796647538533,0.039886474609375,-0.066162109375,0.070526123046875,-0.09254361485408961,-0.31957289035882647,0.45810213339171,0.7655497051947469,1452843118522017149,0.020172119
0.2840380687524622,0.4349379097636783,0.2685919935218326,8.239201066989725,4.611525102931634,-1.356131666373395,-0.068084716796875,-0.0818939208984375,0.0938873291015625,0.12413952665824386,-0.4519415210898636,0.6053136061778132,0.5847993406581936,1452843118542189268,0.020172119
0.7281076061890754,-0.05165194478249635,-0.581355518677277,8.588344420178112,4.642289151813746,-1.4106641346430355,-0.0488433837890625,0.1471710205078125,0.084716796875,0.42135545767155147,0.227963370977594,0.6162747967100312,0.9331574618930749,1452843118582441954,0.020111084
0.8456940927637611,-0.48256911441974726,-0.7541469149418216,8.799767943369051,4.52164687320881,-1.5992008633784909,0.150299072265625,0.1599884033203125,0.11572265625,-0.536402111253056,0.32113130277897867,0.6927700358824398,1.2315880066173295,1452843118602614073,0.020172119
0.8842579109297581,0.06666687643295255,-0.18600796164095734,9.020832421101492,4.5383135923170475,-1.6457028537887302,0.204345703125,0.0799713134765625,0.1674957275390625,-0.7729565373822427,0.7092880456068279,0.6451802039148941,0.9060659397908137,1452843118622755674,0.020141601
0.22022371155630616,0.4103525441151117,-0.12391623259401596,9.075888348990569,4.640901728345826,-1.676681911937234,0.160675048828125,-0.0493621826171875,0.1818389892578125,-0.1022879237151166,0.3261193119694448,0.8391298400861386,0.4819158913064334,1452843118642927794,0.02017212
1.0213327778387953,0.8767073282608395,-0.20537077904396273,9.331221543450267,4.8600785604110355,-1.7280246066982248,0.2571868896484375,-0.05517578125,0.22918701171875,-0.019947367662152257,-0.2710957066780265,0.39793481563261845,1.3615849365351005,1452843118663069395,0.020141601
0.9558479605522869,1.0880479915149213,-0.3557272872976702,9.570183533588338,5.132090558289766,-1.8169564285226423,0.226959228515625,-0.052886962890625,0.3037109375,0.054875137654874645,-0.3009628621649414,1.3267719741645223,1.4913201059664487,1452843118683149962,0.020080567
0.30717104422307884,0.9910438619619368,0.22365791625561382,9.646976294644109,5.379851523780251,-1.7610419494587388,0.033477783203125,-0.1553497314453125,0.3377685546875,-0.05022811561254098,-0.5203852117765849,1.3966788982331533,1.0613881713328683,1452843118703352598,0.020202636
0.15384230412846378,1.1843023747257995,0.8240313134732411,9.685436870676224,5.6759271174617005,-1.5550341210904286,-0.194061279296875,-0.2103271484375,0.376708984375,0.43847179000243625,-0.6597757894569242,0.7063874093867819,2.574776843366399,1452843118743605284,0.020141602
-2.2168363355140333,2.116884183887012,1.5086275992166245,8.792306306217158,6.6001720905270505,-0.7991549429666244,-0.336700439453125,-0.43939208984375,0.3638763427734375,1.6913342588253888,-1.892297132899368,-0.4336776566779108,3.416360522480668,1452843118763716368,0.020111084
-1.7303904551299762,1.8399428939846096,0.4201467082795496,8.359708692434664,7.060157814023203,-0.6941182658967371,-0.39013671875,-0.4913177490234375,0.23284912109375,1.7363709455894347,-2.8782517584238083,-0.6100841602061164,2.560500778521172,1452843118783857969,0.020141601
-0.45302574301023135,0.1941833190939377,-0.27836017243886035,8.246452256682106,7.108703643796687,-0.7637083090064521,-0.3226470947265625,-0.2781219482421875,0.043487548828125,0.6308168802286809,-2.4763407012081977,-0.16115307665726095,0.5660599534011412,1452843118803999571,0.020141602
-0.2753234264394351,-1.2554565673811,-0.5921461457635883,8.177621400072248,6.7948395019514125,-0.9117448454473492,-0.1991119384765625,0.121063232421875,-0.078369140625,-0.250816040589478,-0.46793880071677896,-0.1963375576976233,1.4151364738672232,1452843118824141173,0.020141602
-0.5140941903702974,-1.3623364453111302,-0.6517442603608707,8.049097852479672,6.45425539062363,-1.0746809105375668,0.12371826171875,0.2989654541015625,-0.1420440673828125,-0.7606017668622511,0.7091394222975248,-0.9598007341150048,1.595313137822414,1452843118844313292,0.020172119
-0.9463095319837382,-1.3932749179676547,-0.21319228328869655,7.812520469483738,6.105936661131717,-1.127978981359741,0.1762542724609375,0.2649078369140625,-0.1680145263671875,-0.8609467965922458,0.6431292613374235,-1.1790588189995954,1.6976948126842186,1452843118864546446,0.020233154
-0.7618327818369908,-1.5577717898428745,-0.26531701022470733,7.622062274024491,5.7164937136709995,-1.1943082339159177,0.07135009765625,0.1766357421875,-0.15228271484375,-0.4531533856232909,0.4630619749562059,-1.5692014830661405,1.754262025076738,1452843118884596495,0.020050049
-0.4873874335006745,-1.4068128126869395,-0.0861432185750628,7.411017194242862,4.9840833204994395,-1.2753680118936872,0.14801025390625,0.010040283203125,-0.0592803955078125,-0.5515481800590968,0.7251372008268583,-1.4991352198242607,1.4913381422001462,1452843118924849180,0.020141601
-0.32195340383178994,-0.9541245665558016,0.02296774935869972,7.330528843284915,4.745552178860489,-1.2696260745540122,0.1415863037109375,-0.142974853515625,-0.0186614990234375,-0.3735914703726752,0.85227290302024,-1.1653967280381594,1.0072413813256362,1452843118945051817,0.020202637
-0.19534348478418195,-0.2560242626196416,-0.13189435520054027,7.2816929720888695,4.681546113205579,-1.3025996633541472,0.04248046875,-0.1947479248046875,-0.0078125,-0.17665169159330676,0.6073574871639557,-0.7838661452069445,0.34799945550435196,1452843118965193419,0.020141602
-0.05003699485859592,0.20100334381053742,-0.4797586482229321,7.269183723374221,4.731796949158213,-1.4225393254098804,-0.0607452392578125,-0.1577911376953125,-0.0169830322265625,-0.18899482537724094,0.08432466696604447,-0.279774799219227,0.522565216621037,1452843118985365538,0.020172119
-0.016103814636877267,0.18090765551717958,-0.3761409029533458,7.265157769715002,4.777023863037508,-1.5165745511482167,-0.15771484375,-0.11029052734375,-0.0623321533203125,-0.4305769079164254,-0.25846668798475236,0.1444747428365185,0.4176947348784034,1452843119005446104,0.020080566
0.1469558154779982,0.11409868300749348,0.003445187793573279,7.301896723584502,4.8055485337893815,-1.5157132541998233,-0.2169647216796875,-0.1397705078125,-0.117919921875,-0.3309333762996683,-0.20655548888286693,0.14928774665594127,0.18608167692113298,1452843119025587706,0.020141602
0.32143428128864837,0.09414759874974443,0.04008525179735867,7.382255293906664,4.829085433476818,-1.5056919412504837,-0.2088775634765625,-0.1287689208984375,-0.151824951171875,0.036709813996404196,-0.009700859688092854,0.1821666178860657,0.33732861566957295,1452843119045729307,0.020141601
0.16143209299966887,-0.2931755733439543,-0.14691129074961307,7.422613317156581,4.755791540140829,-1.542419763937887,-0.119537353515625,0.005767822265625,-0.15472412109375,0.0793894360789418,0.10895801947121651,0.30921849940694207,0.3655067233383367,1452843119065870909,0.020141602
0.39409290670728847,-0.38710258178388113,-1.0337375815485026,7.5763965952458365,4.545824505612006,-1.871154386224935,0.124176025390625,0.1461029052734375,-0.0653839111328125,-0.3568937074757571,0.4533827975376822,4.916814725209467E-4,1.17207978203128,1452843119106154112,0.020172119
0.8455233488033311,0.8264385400416456,-1.2509890886763024,7.787777432446669,4.752434140622417,-2.18390165839401,0.153961181640625,0.213134765625,-0.0255279541015625,-1.0569662608020307,0.36625419522158054,0.3499302999105033,1.721303022080927,1452843119126295714,0.020141602
0.8649806907614153,0.41995210156456686,-0.16521998187854203,8.004022605137022,4.857422166013558,-2.2252066538636455,0.1359405517578125,0.0086669921875,-0.0047607421875,-0.8896244952985904,-0.4221599013298196,1.4118193055217423,0.9756274931604465,1452843119146437315,0.020141601
0.7120773260466322,0.6010861929704037,0.6249162996534166,8.18204193664868,5.007693714256159,-2.0689775789502916,-0.039825439453125,-0.0759429931640625,-3.35693359375E-4,0.04435117047517029,0.09880506388466466,0.9695976451343825,1.121997821398016,1452843119166548399,0.020111084
0.5840173295873061,-0.23410907296742778,0.3745424147227334,8.328046269045506,4.949166446014303,-1.9753419752696084,-0.045013427734375,-0.1582489013671875,0.0199737548828125,0.8172506634854713,-0.010750782490660804,0.7686773506143924,1.8710113904649475,1452843119206831602,0.020111084
0.6429190401546272,-0.6171051973241539,-1.0713621905149506,8.64960720496256,4.421685885800716,-2.474795646399112,0.227569580078125,0.1135711669921875,0.2863006591796875,-1.2116082212997836,1.4240921894665888,0.0681967460386795,1.39354966184303,1452843119226982299,0.020150697
0.936429958686201,0.7515428929219272,-0.3718236391307106,8.883714694634111,4.609571609031198,-2.5677515561817894,0.5190887451171875,-0.0450897216796875,0.3279876708984375,-1.1123578305331108,0.6367072158933917,0.5470324402410263,1.2569688166549338,1452843119247123900,0.020141601
0.7108627169489612,2.0206557010562918,0.5783101316641814,9.061430373871351,5.114735534295271,-2.423174023265744,0.430816650390625,-0.1657257080078125,0.2595672607421875,-0.019615632368524927,-0.24450387592119316,1.2328031468851244,2.218742407974571,1452843119267357055,0.020233155
-0.48128541237833034,2.318099267876284,1.8753678318938451,8.941109020776768,5.694260351264341,-1.9543320652922826,0.1852569580078125,-0.253692626953125,0.194976806640625,1.163470825258157,-1.223957638871902,1.4391252638226701,3.020302032711127,1452843119287468139,0.020111084
-0.5419985447464146,1.3539056838322772,2.197083816296326,8.805609384590165,6.03273677222241,-1.4050611112182012,0.0010986328125,-0.47344970703125,0.1027374267578125,2.2890207868094534,-1.9097246455165808,0.48534465687568346,2.637043859902942,1452843119307579223,0.020111084
-0.03351338657838099,0.5251167345658212,1.835193908505811,8.797231037945568,6.164015955863866,-0.9462626340917486,-0.29608154296875,-0.094879150390625,0.04547119140625,2.370050990164698,-1.155871542269891,0.028617050454643855,0.9655747953002266,1452843119347862426,0.020202637
-0.38937337209766376,0.24897510074712592,-0.16583966808753092,8.776214192410164,6.355211910971624,-0.7984700242952816,-0.0243988037109375,0.1470184326171875,-0.038665771484375,0.811914601466496,-0.17186763907960423,0.4935493488191132,0.4910224223007842,1452843119368004027,0.020141601
-0.3899777015843817,-0.6363912084647989,-0.14032554306377476,8.67871976701407,6.196114108855424,-0.8335514100612252,0.08447265625,0.172210693359375,-0.007049560546875,-0.13728589168613392,-0.44463641157617106,-0.15669737361082456,0.7594521946643301,1452843119388115111,0.020111084
-0.004743391736255376,-0.9139835722405891,0.17008819836148015,8.677533919080005,5.967618215795277,-0.7910293604708551,-0.0650177001953125,0.168701171875,-0.0145416259765625,-0.2208933607265549,0.2711222015122243,-0.6741413389836783,0.9296872943698252,1452843119408256713,0.020141602
-0.20766434229525466,-0.5158304124799713,0.4193835469704341,8.625617833506192,5.838660612675284,-0.6861834737282466,-0.0569305419921875,0.16290283203125,-0.0511932373046875,0.05351682301991542,0.7597845625773784,-0.533087120153063,0.6964826293380765,1452843119428428832,0.020172119
-1.2639586222737034,-0.7122370838902263,0.36708642742009734,8.309628177937766,5.660601341702726,-0.5944118668732223,-0.0094451904296875,0.2569732666015625,-0.1689300537109375,0.3549156712881831,0.3482523584315114,-0.4876917663798134,1.4965378403784324,1452843119448570434,0.020141602
-1.9711644564127129,-0.9545552921121816,0.15106660287357787,7.816837063834588,5.421962518674682,-0.5566452161548279,-0.006988525390625,0.3275146484375,-0.21978759765625,0.2916427245853863,-0.09539640579324388,-1.46474217404235,2.195332830900126,1452843119468681518,0.020111084
-1.1126194708541366,-1.130253765858046,-0.06067333119216012,7.109033655424449,4.829564068592421,-0.6105150233000274,0.0285797119140625,0.204742431640625,-0.2100067138671875,0.056068384199176646,-0.33532906705121546,-2.168846933540945,1.5871600156499617,1452843119508995238,0.020202637
-0.29475866262080963,-0.854434946280187,-0.010257414953728117,7.035343989769247,4.6159553320223745,-0.6130793770384594,-0.0237884521484375,0.1940460205078125,-0.1802215576171875,-0.20089484392130655,0.2910287452327229,-1.5472622824892108,0.9039065002401341,1452843119529136840,0.020141602
0.24657832380960265,-0.4701080156178996,-0.06849645930673254,7.096988570721647,4.4984283281179,-0.6302034918651425,-0.1022796630859375,0.2969818115234375,-0.1397552490234375,-0.11795449876443338,0.5435348783372885,-0.7125330999137673,0.5352515119628448,1452843119549278441,0.020141601
0.7725067996726827,-0.34259031874431933,-0.397448534632886,7.290115270639817,4.412780748431819,-0.729565625523364,-0.108551025390625,0.3670654296875,-0.1348724365234375,-0.12474112971558296,0.5191116813951921,-0.038168828674003515,0.93386306261662,1452843119569389525,0.020111084
0.8477173538006468,-0.3343749893704553,-0.7113426167688088,7.502044609089978,4.329187001089205,-0.9074012797155662,-0.00225830078125,0.3487396240234375,-0.112274169921875,-0.42395226143634535,0.6530842258541465,0.5156023000475133,1.1560448364500227,1452843119589561644,0.020172119
0.6236084533530182,-0.5871777258713644,-0.44943298013379707,7.657946722428232,4.182392569621364,-1.0197595247490154,0.1281585693359375,0.2357330322265625,-0.077606201171875,-0.7237787932284451,0.6366819699480541,0.638137945181882,0.9672927108609661,1452843119609703246,0.020141602
0.5773779736199138,-0.25055272757209135,-0.31456347395078765,7.802291215833211,4.185454999440486,-1.1747133565815573,0.1976318359375,0.205047607421875,-0.0230865478515625,-0.5086397294272242,0.7595662243999035,0.3162278767530001,0.6042499474505905,1452843119649955932,0.020141602
0.3163016882729952,0.4552614887288611,-0.3877683772347542,7.99397052852388,4.299270371622701,-1.2716554508902458,0.193817138671875,0.204132080078125,-0.0236968994140625,-0.2303292208062984,-0.05089478818488665,0.5563058119878865,0.676516145784593,1452843119670189086,0.020233154
0.23868588186839546,0.2924318472330887,-0.2690525924128033,8.05364199899098,4.372378333430974,-1.3389185989934467,0.162811279296875,0.13861083984375,-0.00689697265625,-0.28109935824248433,-0.28906655742576504,0.5432289408109903,0.46354787558945865,1452843119690269652,0.020080566
0.742254857838466,-0.02352522533852941,0.19440148075725738,8.239205713450596,4.366497027096342,-1.2903182288041324,0.1260223388671875,0.1376953125,0.0572357177734375,-0.19631265239336848,-0.16876700695505728,0.3845200686378172,0.7676507317345854,1452843119710380736,0.020111084
1.1173512495520228,0.1860015970729263,-0.05408574898794427,8.518543525838602,4.412997426364574,-1.3038396660511182,0.115631103515625,0.175567626953125,0.07159423828125,0.23508565495919678,0.3991993704960608,0.6120965056834553,1.1340174942357515,1452843119730522338,0.020141602
0.8364591246416193,0.09042725422084086,-0.44525834528410524,8.727658306999006,4.435604239919784,-1.4151542523721448,0.16387939453125,0.1454925537109375,0.07373046875,0.05046206180198881,0.35707322190843377,1.0751501702170811,0.9518907235325303,1452843119750694457,0.020172119
0.7667869286195454,-0.509603997404577,-0.5438043324772843,8.919355039153892,4.3082032405686395,-1.5511053354914657,0.2205352783203125,0.1109771728515625,0.1030426025390625,-0.3618254434080903,0.256467586524773,0.8422603973102706,1.0692902225745753,1452843119770866576,0.020172119
0.6670306171143867,-0.5703907174549121,-0.32498487223182737,9.086112693432488,4.165605561204912,-1.6323515535494226,0.277191162109375,0.0674591064453125,0.146270751953125,-0.5639562809920549,0.7251179141550921,0.547301487368475,0.9358902616793627,1452843119790977660,0.020111084
0.7891786929102587,0.18209074634857014,-0.23126475325421203,9.283407366660054,4.211128247792055,-1.6901677418629755,0.35064697265625,0.0631866455078125,0.1868896484375,-0.3671054968491015,0.753595052485056,0.41619521153146594,0.8422846522091302,1452843119811119262,0.020141602
1.3042067238594566,0.7563293353601059,-0.3233585631764455,9.76693125177181,4.533291023899415,-1.8696651184641795,0.343017578125,-0.0093536376953125,0.2611083984375,-0.11765286807252595,-0.16222888353653622,1.5454973165973154,0.8858256868406587,1452843119851402465,0.020141602
0.19954093608255263,1.0795683527554685,0.3194259424275936,9.816816485792447,4.8031831120882815,-1.789808632857281,0.2584075927734375,-0.249267578125,0.35638427734375,-0.15010771537430734,-0.24114679376401768,0.8390488673020503,1.1433797908567447,1452843119871513549,0.020111084
-0.4605943019152079,2.489814350173125,0.9609362617545749,9.701667910313645,5.425636699631562,-1.5495745674186374,0.0293426513671875,-0.454498291015625,0.426025390625,0.5318019934265774,-0.8199280168582408,0.5934831021032547,2.708269024384327,1452843119891655150,0.020141601
-1.933380226688417,2.2330502106072494,1.35643211487241,9.218322853641542,5.983899252283376,-1.210466538700535,-0.2252197265625,-0.6082916259765625,0.34356689453125,1.327855162973719,-2.2624835056142714,0.6728230585358916,3.250289283479253,1452843119911857787,0.020202637
-1.7141968571319843,1.5050436841107997,0.7511002817416781,8.789773639358547,6.360160173311075,-1.0226914682651156,-0.373199462890625,-0.6959381103515625,0.2863006591796875,1.564485493341715,-2.795027709283094,-0.5518927537032912,2.401620075972761,1452843119931999389,0.020141602
-0.4391187161743364,0.5225652207261398,0.05627573320584234,8.679993960314961,6.49080147849261,-1.0086225349636548,-0.495513916015625,-0.476806640625,0.200927734375,0.8896708466211576,-2.155445497578199,-0.5747346364342079,0.6848843807205796,1452843119952079955,0.020080566
0.08898823018552982,-0.05381061638783802,-0.2784901556228261,8.702241017861345,6.4773488243956505,-1.0782450738693614,-0.41534423828125,-0.1361083984375,0.110076904296875,0.11344561074263279,-0.6740037137045284,-0.04376918839097966,0.7118341698032872,1452843119992424193,0.020172119
-0.10652897799375971,-0.7390847905819671,-0.18397344569235874,8.717094163540635,6.164805005425717,-1.2409533121201413,0.0256805419921875,0.1181488037109375,-0.0666046142578125,-0.5331666072442749,0.45772085624301706,-0.11372289532050098,0.7690520005447644,1452843120012535277,0.020111084
-0.9648252331762581,-1.0305866801218233,0.06530903641486296,8.47588785524657,5.907158335395261,-1.2246260530164255,0.0681304931640625,0.0691375732421875,-0.1315155029296875,-0.30110191343396614,0.5114744451843072,-0.48905267128936625,1.4132451684175609,1452843120032676879,0.020141602
-1.1719334287285061,-1.305902449566208,-0.09323616930560963,8.182904498064444,5.580682723003708,-1.2479350953428279,0.117156982421875,0.0027008056640625,-0.1012725830078125,-0.13156055905565667,0.2803158394667353,-1.378904154412147,1.7571289515630772,1452843120052818480,0.020141601
-1.096433461732805,-1.4821365104342163,-0.12723786122573766,7.908796132631243,5.210148595395154,-1.2797445606492623,0.1939697265625,-0.0426483154296875,-0.072265625,-0.3538943925170863,0.37855380696164187,-1.6789751783027744,1.8479947091100664,1452843120072990600,0.02017212
-0.8972395428237441,-1.0335241497536236,-0.24535718351184022,7.684486246925307,4.951767557956749,-1.3410838565272223,0.1712188720703125,-0.068756103515625,-0.068756103515625,-0.43405524729202893,0.5850553745361372,-1.6983494884961712,1.390471543337502,1452843120093101684,0.020111084
-1.2356016928527458,-0.5253178549591491,-0.22691318821572226,7.375585823712121,4.820438094216962,-1.3978121535811527,0.0227813720703125,-0.173828125,-0.0692138671875,-0.4769534607630517,0.32701380396884655,-1.2645111060144059,1.3616754338335095,1452843120113273803,0.020172119
-0.6209398503759465,-0.2183011589673196,-0.20258767947882794,7.220350861118134,4.765862804475132,-1.4484590734508596,-0.2110137939453125,-0.2796478271484375,-0.1017303466796875,-0.3992622582913995,-0.2869366773835068,-1.2698096806821721,0.6886678892383425,1452843120133384887,0.020111084
0.09091901813674319,-0.16220196233010586,-0.10081526077056235,7.243080615652319,4.725312313892606,-1.4736628886435001,-0.3696746826171875,-0.3395233154296875,-0.123870849609375,-0.2841251778545238,-0.1949389215502279,-0.5962676951612942,0.21151704717805372,1452843120153526488,0.020141601
0.10144615200939455,-0.08381430423908487,0.06483118982105007,7.268442153654668,4.704358737832835,-1.4574550911882376,-0.4005279541015625,-0.2784271240234375,-0.158233642578125,-0.12276039494184585,0.17218562296997908,0.00463323652528079,0.14669438478076824,1452843120173698607,0.020172119
0.12426391619226251,-0.5241660570567648,-0.4112277650770282,7.2958715818546125,4.49386210197864,-1.5772060728135968,-0.3234100341796875,-0.130157470703125,-0.222686767578125,0.05526466913396463,0.13290406449610673,0.02831198792694708,0.6777166450723493,1452843120213920775,0.020111084
0.3722016602975602,-0.6480926112704122,-0.4897854347178725,7.388921996929002,4.331838949161037,-1.699652431493065,-0.1766510009765625,-0.014404296875,-0.1728973388671875,-0.4963800591120001,0.45218248730685373,-0.09185674806531868,0.8935591087182411,1452843120234092894,0.020172119
0.418354589956798,-0.35575436245382974,-0.7488351837117981,7.493510644418202,4.24290035854758,-1.8868612274210144,0.04644775390625,0.124114990234375,-0.110748291015625,-0.5809042990789024,0.6731396617253053,0.08877590604696438,0.9286204077595612,1452843120254234496,0.020141602
0.5998081836841891,0.2982822522244364,-1.0249836743131886,7.643462690339248,4.317470921603689,-2.1431071459993114,0.226654052734375,0.166259765625,-0.0534820556640625,-0.7672171619126249,0.3935957675120473,0.3446680357164623,1.2244728219993994,1452843120274376098,0.020141602
0.7784671524161011,0.6281765830295489,-0.5338052988255511,7.838079478443274,4.474515067361076,-2.276558470705699,0.2477264404296875,0.0437774658203125,-0.0099639892578125,-0.8297194353016568,-0.11630965513743663,0.8929566035149722,1.1338275988490263,1452843120294487182,0.020111084
0.7395461828703809,0.8911398992361388,0.5540104484395592,8.02296602416087,4.697300042170111,-2.138055858595809,0.0881500244140625,-0.0284423828125,-0.0209503173828125,-0.24178195749004194,-0.20791581959227462,1.0880613152206846,1.2837392467276787,1452843120314659301,0.020172119
1.037657454108805,-1.697876030895121,-1.0269494262799324,8.615296399994206,4.351516777965434,-2.355298498524755,-0.031280517578125,-0.0088958740234375,-0.00537109375,0.8400027407901227,-0.2552632632303686,0.9366014720128658,2.3897148952169927,1452843120354911986,0.020141601
1.7276725479733859,-1.0108643012785974,-1.4092426464926961,9.047214536987552,4.098800702645785,-2.707609160147929,0.2555084228515625,0.2594146728515625,0.22796630859375,-1.2989774102488296,1.896034607520195,0.6545589967026698,2.4479918107122125,1452843120375084105,0.020172119
1.389791846972459,-0.08892825742912791,-0.818238843756657,9.394662498730666,4.076568638288503,-2.912168871087093,0.4509735107421875,0.287200927734375,0.3256988525390625,-1.4035894808711253,1.3464770971178903,1.4864723159062636,1.6152227147711649,1452843120395225707,0.020141602
0.7615160947654687,1.9914672573379484,-0.22579468828657578,9.585041522422031,4.574435452622989,-2.9686175431587367,0.4696197509765625,0.128082275390625,0.381439208984375,-0.5899652963914472,0.5055888126466982,1.4160739886090468,2.144022350838352,1452843120415367309,0.020141602
0.3938686375311242,3.270065895714109,1.2531411048394894,9.683508681804813,5.391951926551516,-2.6553322669488644,0.3288116455078125,-0.2031402587890625,0.2498016357421875,0.5288748779603908,-1.3850900705886127,1.5487572392156315,3.5240354842965864,1452843120435478393,0.020111084
-0.7214773556001006,2.1930058415712876,1.7643903252778417,9.503139342904788,5.940203386944337,-2.214234685629404,-0.0602874755859375,-0.4989471435546875,0.2056732177734375,2.144625580662385,-2.300456753348988,1.5897495427019956,2.905662990737837,1452843120455619994,0.020141601
-1.1246672360425798,0.3837869974757808,2.1006357953785235,9.221972533894142,6.036150136313282,-1.6890757367847735,-0.38372802734375,-0.7206878662109375,0.2061309814453125,2.165644371674415,-1.9270676969173466,0.19817114079987003,2.4134704464908396,1452843120475822631,0.020202637
-0.7427635739903131,-0.185890323894375,1.701565765209069,9.036281640396563,5.9896775553396875,-1.2636842954825065,-0.49749755859375,-0.5698089599609375,0.2230682373046875,2.076744186689015,-0.6550742259535433,-1.0406012105291649,1.865898977087437,1452843120495933715,0.020111084
-0.639414097510052,0.18923087630134994,0.1971563866088042,8.752283360205364,6.094323200847088,-0.9927649071166167,-0.0859375,0.0330963134765625,0.044403076171875,1.6257550981767497,-0.056332122236962046,-0.9139616987863461,0.695362749520717,1452843120536186400,0.020111084
-0.6723345006642916,-0.8564766270839206,0.02372852725579333,8.584199735039292,5.880204044076108,-0.9868327753026683,-0.1300811767578125,0.084564208984375,-0.0223236083984375,0.2150764732451087,-0.49970971786110063,-0.43308398715985313,1.0891046490261072,1452843120556389037,0.020202637
-0.5177626200626833,-0.6880499540108866,0.18934414992963466,8.45475908002362,5.708191555573387,-0.9394967378202597,-0.2075042724609375,0.0414886474609375,-0.0650787353515625,-0.11320462563798879,0.31531041756590733,-1.0362976999663673,0.8816700499966716,1452843120576530639,0.020141602
-0.47164417808139625,-0.3437016819587093,0.34290598400620775,8.336848035503271,5.622266135083709,-0.8537702418187078,-0.2438507080078125,0.0277557373046875,-0.0986785888671875,0.07916415352108085,0.29223636451330987,-0.8280538045556886,0.6768778255834558,1452843120596611205,0.020080566
-0.9066000104338663,-0.39938761509821763,0.5719932442362162,8.110198032894804,5.522419231309155,-0.7107719307596537,-0.2783660888671875,0.1322021484375,-0.1593017578125,0.2876572747746678,0.0562636418725113,-0.6101239735209331,1.1439450675029812,1452843120616752807,0.020141602
-1.5043815708470927,-0.6525911467660741,0.4125994782014729,7.73410264018303,5.359271444617637,-0.6076220612092854,-0.303253173828125,0.1172332763671875,-0.180999755859375,0.5186520949607204,-0.11647039985981407,-1.0129388283997134,1.6909398111564922,1452843120636924926,0.020172119
-1.4504534988651745,-0.9288478197566095,0.007533195842428286,7.371489265466737,5.1270594896784845,-0.6057387622486783,-0.231781005859375,0.0785980224609375,-0.192596435546875,0.3441531668134569,-0.2813728684358395,-1.6314611826342886,1.7223908887579595,1452843120657036010,0.020111084
-0.5276967834671398,-0.9613033534615374,-0.05619268160730739,7.239565069599952,4.8867336513131,-0.6197869326505051,-0.1522216796875,0.1894683837890625,-0.18878173828125,-0.09924412111494285,-0.0787196049779542,-1.7177264256726597,1.09805539483406,1452843120677177611,0.020141601
-0.09978648829396963,-0.5886325837153841,-0.2886464216974267,7.17296764063772,4.539178848363822,-0.6864359757635108,-0.039520263671875,0.39593505859375,-0.1613006591796875,-0.09705045612947893,0.5730107452161938,-0.5770821224645618,0.6631458501839695,1452843120717521850,0.020202637
0.468608309364825,-0.5914993286910573,-0.3764005357954414,7.290119717978925,4.391304016191057,-0.7805361097123711,-0.039520263671875,0.39593505859375,-0.1613006591796875,-0.37788826386679386,0.39584783347054847,-0.3745228423336824,0.8432926934314243,1452843120737602416,0.020080566
0.70509904983561,-0.38705444342159634,-0.3154758973863532,7.4663944804378275,4.294540405335659,-0.8594050840589593,0.1032562255859375,0.3310394287109375,-0.1414337158203125,-0.47076604509782966,0.6874409564197477,0.13017986187561578,0.8640028090713633,1452843120757774535,0.020172119
0.7650680093997382,-0.18521728520602743,-0.2724734913465825,7.657661482787762,4.248236084034152,-0.927523456895605,0.125701904296875,0.3336334228515625,-0.115020751953125,-0.3729219784543121,0.6381156074538971,0.44748001005944366,0.8329923800567235,1452843120777946654,0.020172119
0.5852599739260409,-0.22379638675857194,-0.46204617588976604,7.803976476269272,4.192286987344509,-1.0430350008680465,0.116546630859375,0.3123931884765625,-0.0902862548828125,-0.28964585995106074,0.49436251894229044,0.6046381688093305,0.7785247128129325,1452843120798088256,0.020141602
0.49978756898458254,-0.2900600586256079,-0.5447956321180629,7.9289233685154175,4.119771972688108,-1.179233908897562,0.152740478515625,0.2716217041015625,-0.0600433349609375,-0.48135032056645366,0.40247652824144836,0.46088528444163895,0.7941818006579663,1452843120818199340,0.020111084
0.3720834731564153,-0.2665084961192363,-0.3343838689757004,8.021944236804522,4.053144848658299,-1.2628298761414871,0.1719818115234375,0.1919097900390625,-0.027374267578125,-0.5720469559327679,0.40039789356328387,0.3783762483406217,0.5668204842196832,1452843120838340941,0.020141601
0.47951492305638155,-0.25722535158288906,-0.14786598189931022,8.141822967568618,3.9888385107625766,-1.2997963716163148,0.1648101806640625,0.1551055908203125,0.0111083984375,-0.36408072450453066,0.3507140643884797,0.2563791907147233,0.5638827817319443,1452843120858482543,0.020141602
0.6994688720388549,-0.17611719532881143,-0.21209161364444817,8.316690185578333,3.944809211930374,-1.3528192750274268,0.19122314453125,0.139068603515625,0.0561676025390625,-0.17334551724242364,0.4189809094778941,0.33521660880761556,0.7518356349762232,1452843120878685180,0.020202637
0.8658495116935843,0.08690165389320104,0.18734575205319137,8.703929887715445,4.050437172979189,-1.343889052814428,0.2023773193359375,0.1855010986328125,0.1012115478515625,-0.20499240772438893,0.4303209009379554,0.5814282713970202,0.7760558036796834,1452843120918907348,0.020141602
0.6527374374838946,0.15936949989789895,-0.44289412884220747,8.867114247086418,4.0902795479536636,-1.45461258502498,0.240692138671875,0.27972412109375,0.1271820068359375,-0.041353697299975456,-0.02331173318557675,0.7746025362906627,0.8047484135763459,1452843120939048949,0.020141601
0.36330323123711494,-0.18834912664418102,-0.46533825229251624,8.957940054895698,4.0431922662926185,-1.5709471480981088,0.2460479736328125,0.200927734375,0.1473236083984375,-0.3580047151254432,0.06787045532540263,0.7175279301253904,0.6196808213763016,1452843120959221068,0.020172119
0.6639213935834416,0.2685345658721552,-0.4852222619902631,9.123920403291558,4.110325907760657,-1.6922527135956744,0.267120361328125,0.0718841552734375,0.18475341796875,-0.4695242180917174,0.2421305188412443,0.3239199133069932,0.8650682478607532,1452843120979393187,0.020172119
1.8318695367417526,0.9948935706664743,-0.29628327834221047,9.581887787476997,4.359049300427276,-1.766323533181227,0.2904815673828125,0.05523681640625,0.238800048828125,-0.3583588373464274,-0.03623117259139584,0.7865172675687213,2.1055505212701826,1452843120999443236,0.020050049
1.4473193598621528,1.0007366338769295,-0.40931666173626846,9.943717627442535,4.609233458896508,-1.868652698615294,0.345001220703125,-0.067535400390625,0.23895263671875,0.0766288049394343,-0.13579138995271534,2.099769467052195,1.806584420775858,1452843121019615355,0.020172119
-0.45394871132902814,2.4468539555390434,1.2269289948297353,9.830230449610278,5.220946947781269,-1.5619204499078603,0.2562713623046875,-0.1631317138671875,0.3334808349609375,-0.05861511760113686,-0.3141415371048643,1.778096339946138,2.7746204191939934,1452843121039756957,0.020141602
-2.396105746406972,2.611206308962485,1.2945192700825383,9.231204013008535,5.87374852502189,-1.2382906323872258,0.1079864501953125,-0.3124847412109375,0.3018798828125,1.6469543034148333,-2.1592192049518317,0.5690629338766723,3.7729963260709685,1452843121059898559,0.020141602
-2.3246238549380784,1.7185548909199877,0.7188063340347808,8.650048049274016,6.439160603865573,-1.0347069324621996,-0.00958251953125,-0.591033935546875,0.2325439453125,1.625257092370727,-3.31877414622607,-0.7614305369382619,0.9615455521621694,1452843121100151244,0.020141601
0.42172071330838,-0.288157096373709,-0.3284478329364904,8.558549672433807,6.3671213297721465,-1.1168188906963221,-0.349822998046875,-0.405029296875,0.045166015625,0.16064046807838617,-0.8975001891270281,-0.305381590406655,0.6072568247327753,1452843121120323363,0.020172119
0.5010362386154537,-0.4985188411614674,-0.4369526022866923,8.683808732087671,6.24249161948178,-1.2260570412679952,-0.2782135009765625,0.054473876953125,-0.0247650146484375,-0.3613753014961861,0.4453161562591333,0.1996553847994011,0.8309548267168357,1452843121140464965,0.020141602
0.22184949870486292,-0.7290274752729236,-0.2624649138606039,8.739271106763887,6.0602347506635486,-1.2916732697331461,-0.046539306640625,0.2700958251953125,-0.1264801025390625,-0.505725332835411,0.6383968759145047,0.16485539162088825,0.8059690383546171,1452843121160606566,0.020141601
-0.5040023346298597,-1.1546209059995887,0.21786010016151702,8.613270523106422,5.771579524163651,-1.237208244692767,0.1556396484375,0.2609405517578125,-0.187103271484375,-0.3858651062810517,0.6788093443726486,-0.19977997480335838,1.2785268136124663,1452843121180717650,0.020111084
-0.767862512235137,-1.448208443549671,0.10251073637921371,8.421304895047637,5.409527413276233,-1.2115805605979637,0.2095489501953125,0.1826019287109375,-0.222381591796875,-0.006753746964055729,0.6846125381759824,-1.0797642038371968,1.642385151155972,1452843121200920287,0.020202637
-0.7731767285381093,-1.1595189032772373,-0.2587262741778791,8.22801071291311,5.119647687456925,-1.2762621291424334,0.27978515625,0.124725341796875,-0.1712188720703125,-0.18613399446778997,0.784739288235409,-1.4307226258423902,1.417471560758842,1452843121221031371,0.020111084
-0.904723023455487,-1.28463416559054,-0.5257066052798034,8.001829957049237,4.79848914605929,-1.5310155263230323,0.3187408447265625,-0.1196136474609375,-0.073944091796875,-0.5051509129220463,0.5048692764109224,-1.2243999637834102,1.615839598340825,1452843121261375609,0.020202636
-1.1159660943865122,-0.41749301441544606,0.009260663245925782,7.413878692042762,4.464947848399821,-1.5287003605115508,0.069671630859375,-0.285308837890625,-0.0394287109375,-0.7602568892760846,0.028173259659380334,-1.425536242421757,1.1915395506611337,1452843121281517211,0.020141602
-0.22469426222795974,-0.2736916771573572,0.18447151887799063,7.357705126485772,4.396524929110482,-1.4825824807920531,-0.181854248046875,-0.33111572265625,-0.045684814453125,-0.15502965360145846,-0.2478136276257386,-1.1551280303975082,0.3992798353292175,1452843121301567260,0.020050049
-0.23432083946986815,-0.2180011932883854,0.1332217463523926,7.299124916618306,4.342024630788385,-1.449277044203955,-0.2829437255859375,-0.2794952392578125,-0.0536346435546875,0.10363670825419448,0.13857100916083379,-0.3598359589371694,0.3466681551371642,1452843121321708861,0.020141601
-0.43247620282589416,-0.22130036869320868,-0.05421361854308593,7.191005865911832,4.286699538615084,-1.4628304488397266,-0.256683349609375,-0.28302001953125,-0.076385498046875,0.06709090204692587,0.07910134277998951,-0.33078784042506393,0.48882372654157175,1452843121341850463,0.020141602
-0.03492139194821586,-0.0803606074545673,-0.15344169561571874,7.182275517924778,4.266609386751442,-1.5011908727436563,-0.230712890625,-0.206512451171875,-0.111053466796875,-0.1305574611313717,-0.05163423328902439,-0.4682278159389265,0.17669658966571725,1452843121361992064,0.020141601
0.2678270465976773,-0.09301163049490402,-0.353429626023825,7.249232279574198,4.2433564791277165,-1.5895482792496125,-0.1728363037109375,-0.10968017578125,-0.0945587158203125,-0.16960351244312305,0.02497781686801198,-0.04280702692739367,0.4530949026946736,1452843121382164184,0.02017212
0.5167030435281417,-0.26966076923967286,-0.51149125941281,7.378408040456233,4.175941286817798,-1.717421094102815,-0.068389892578125,-0.0078277587890625,-0.0802001953125,-0.34367793388296186,0.16229842201895794,0.24665704863194407,0.8398850673834221,1452843121422447387,0.020172119
0.8019887759830118,0.15246349440535933,-0.6602450310241985,7.727231805071676,4.157015265360266,-2.0197171271789265,0.2042083740234375,0.169921875,-0.0244598388671875,-0.531378728964356,0.39381693852229466,0.5176405461722542,1.0499307667275817,1452843121442588988,0.020141601
0.9651017629739096,0.7048565377117875,-1.0191994427881088,7.968507245815153,4.3332293997882125,-2.2745169878759537,0.231689453125,0.1457977294921875,0.0266876220703125,-0.5076095838427468,0.14985645078854457,0.9067691227644827,1.5706723578868982,1452843121462730590,0.020141602
0.7921741838166287,0.7907284918881796,-0.3042511557929872,8.166550791769309,4.530911522760258,-2.3505797768242003,0.0918121337890625,-0.01898193359375,0.04364013671875,-0.6545523898640826,-0.2953512121951112,1.396903856788796,1.1598966553924817,1452843121482902709,0.020172119
0.7227530189283033,1.4442283013230437,0.19016841130311013,8.347239046501384,4.891968598091019,-2.3030376739984226,-0.0622711181640625,-0.104949951171875,0.037841796875,0.029716907142151805,-0.3073833834036848,1.1180307034100911,1.6261400116133817,1452843121503013793,0.020111084
1.377408958111392,-0.3559210698790647,-0.47765042720751216,8.691591286029233,4.802988330621252,-2.4224502808003003,-0.155120849609375,-0.1422119140625,0.038299560546875,0.657409451978229,-0.7692311929123289,1.272960194765198,1.5006948978659476,1452843121523185912,0.020172119
1.5996322446141136,-0.8705034574657518,-1.13921262692226,9.091499347182761,4.585362466254814,-2.707253437530865,-0.110382080078125,-0.033935546875,0.121978759765625,-0.40873010136398047,0.9148253568071898,1.1171926028022265,2.148116616203164,1452843121543266478,0.020080566
0.9456725925662912,0.06642682387114895,-0.5782890468503084,9.327917495324334,4.601969172222601,-2.8518256992434416,0.2519989013671875,-0.222686767578125,0.240325927734375,-1.1466012831957901,1.2746831264958285,1.2941765473150817,0.7373843305493061,1452843121583549682,0.020080567
0.07766209986742822,2.0193686360275356,1.180258779547053,9.527135263413822,5.147135270222464,-2.5621099758361154,0.31109619140625,-0.3069915771484375,0.2099456787109375,0.12371823392825797,0.2036021591633796,0.6978364053153545,2.3402760257340214,1452843121603813353,0.020263671
-1.5774333083873078,2.1179851431970285,1.8218925705126425,9.132776936316995,5.6766315560217215,-2.106636833207955,0.1070709228515625,-0.484283447265625,0.126251220703125,1.6968708692488366,-1.4374832699536704,0.7288095000759824,3.2083406065600686,1452843121623924437,0.020111084
-2.012337271709846,0.7181185833076231,1.8556830017226142,8.629692618389534,5.856161201848627,-1.6427160827773017,-0.2108612060546875,-0.6484527587890625,0.1280975341796875,2.1395193994042576,-2.3224008390296906,-0.5677679929136683,2.8299743811007594,1452843121644066039,0.020141602
-0.8030094658053777,-0.22087866851015203,1.5955693505968416,8.42894025193819,5.8009415347210895,-1.2438237451280916,-0.30645751953125,-0.4910125732421875,0.161224365234375,1.8658483613845744,-1.4732080888974217,-1.5352601179014649,1.7998480882951988,1452843121664207641,0.020141602
0.0036495562619478505,-0.05897832543312198,1.3549344843837234,8.429852641003677,5.7861969533628095,-0.9050901240321608,-0.3568572998046875,-0.0482940673828125,0.0990753173828125,1.5120060158913342,-0.0746872399575734,-0.9735053783429665,1.356222407683928,1452843121684379760,0.020172119
0.4546896645408083,0.36055659746600277,0.4656492476632287,8.54352505713888,5.87633610272931,-0.7886778121163537,-0.22552490234375,0.166107177734375,0.0135650634765625,1.3302537441443734,0.21759448348196292,-0.14972187408218887,0.7440248469411654,1452843121704490844,0.020111084
0.1958573423373675,-0.6199420198092582,-0.3333052822767837,8.63963765277982,5.704689334262383,-0.8726731112779038,-0.2017059326171875,0.0297393798828125,-0.0232391357421875,-0.013697935764739062,0.16086801147427252,0.11810971759564554,0.7306029138090308,1452843121744743529,0.020141601
-0.2787999659738567,-0.40502344006615676,-0.16614373754017697,8.569937661286357,5.603433474245844,-0.914209045662948,-0.2484283447265625,-0.0904541015625,-0.0595855712890625,-0.42651865746844203,0.5740241883126164,-0.14952843788795506,0.5190155581038651,1452843121764885131,0.020141602
-1.2423881173103357,-0.5881911153341752,0.009687549030358511,8.259340631958773,5.4563856954123,-0.9117871584053585,-0.2861480712890625,-0.13671875,-0.0869293212890625,-0.2296765563643709,0.15625457901139028,-0.4384179971180287,1.3746239015811552,1452843121785087768,0.020202637
-1.3403948688482688,-0.6686730094548397,0.20013285172428685,7.924241914746706,5.28921744304859,-0.8617539454742869,-0.25836181640625,-0.0890655517578125,-0.0915069580078125,-0.08648052507127643,-0.20842329598488238,-1.3559762630693255,1.5112363006318552,1452843121805107299,0.020019531
-0.803358375547365,-0.6316058880326212,0.21657600794192944,7.723402320859865,5.131315971040434,-0.8076099434888044,-0.1742095947265625,0.0390472412109375,-0.0838623046875,0.09164068884488372,-0.17669395121031184,-1.4980707249133451,1.0446127725504988,1452843121825279418,0.020172119
-0.3699083801253922,-0.3081167416760975,0.4135073883847936,7.630925225828517,5.05428678562141,-0.7042330963926061,-0.1615447998046875,0.206573486328125,-0.0931854248046875,0.11470732940026997,0.09854295634320959,-1.0336088828169372,0.6346309923387757,1452843121845421019,0.020141601
-0.37016177343650103,-0.5274119998289519,-0.30389775190248214,7.395491363280251,4.847648205883639,-0.7884331807147054,-0.076934814453125,0.208251953125,-0.1286163330078125,0.36466951687289384,0.10413306393216393,-0.5088506279251738,0.7124163106559341,1452843121885673705,0.020111084
0.051307104688299354,-0.5779354592381614,-0.43453665855323576,7.408318139452326,4.703164341074099,-0.8970673453530142,0.0394287109375,0.1964874267578125,-0.1373138427734375,-0.3867660265021558,0.18379136240421612,-0.5693590441424977,0.7248889029795752,1452843121905845824,0.020172119
0.42294265640688966,-0.42119846504677927,-0.4280248346550888,7.514053803554048,4.597864724812404,-1.0040735540167862,0.113037109375,0.2174224853515625,-0.1312103271484375,-0.5347151432652786,0.4367636049522247,-0.22086465190475835,0.7345024823972995,1452843121926017943,0.020172119
0.36611291418801173,-0.22688797125617377,-0.22277875444282103,7.605582032101051,4.541142731998361,-1.0597682426274915,0.1087646484375,0.1890106201171875,-0.110443115234375,-0.49960070387962013,0.5043465164654329,0.18848756481672627,0.4849197777644005,1452843121946129027,0.020111084
0.24311005791290974,0.049165892526310984,-0.21268345277300682,7.666359546579278,4.553434205129939,-1.1129391058207432,0.0902862548828125,0.10089111328125,-0.116851806640625,-0.25981173732173135,0.3433300676686617,0.22309085104687884,0.3267323619260493,1452843121966240111,0.020111084
0.35529126898657815,-0.09946123129145157,-0.4285696137809054,7.755182363825922,4.528568897307077,-1.2200815092659696,0.1082916259765625,0.05889892578125,-0.113494873046875,-0.19342099545518796,0.04933057641814352,0.2586674420601011,0.5655053812338297,1452843121986381713,0.020141602
0.6259322339392632,-0.10349476628316179,-0.2940397730559745,7.911665422310737,4.502695205736287,-1.293591452529963,0.12554931640625,0.0784454345703125,-0.0560760498046875,-0.4309059354551717,0.1917360118286524,0.3120155780075919,0.6992579754790157,1452843122006553832,0.020172119
0.5304088730889109,0.03780965572347039,-0.10506824422602978,8.044267640582964,4.512147619667155,-1.3198585135864702,0.1338043212890625,0.09417724609375,-0.0261383056640625,-0.29103432588720074,0.3523164896031398,0.5292767023216526,0.5420354957584572,1452843122026664916,0.020111084
0.682749950033628,0.2934557323912763,0.03080136165042613,8.214955128091372,4.585511552764974,-1.3121581731738636,0.1316680908203125,0.08685302734375,-0.0102691650390625,-0.07677464320322011,0.21609272762283613,0.49113346855417667,0.7437825522447689,1452843122046837035,0.020172119
0.7499409250527709,-0.0855428234570832,-0.09112697229372735,8.578473991939417,4.627123023652396,-1.3649124564172102,0.1142578125,0.06256103515625,0.0179901123046875,0.1165910947666475,0.09924853710707514,0.7278521565992756,0.7602848747630306,1452843122087211791,0.020263672
0.528175396292216,-0.0885392392344162,-0.13894161689748197,8.710517841012472,4.604988213843791,-1.3996478606415805,0.1802215576171875,0.1123504638671875,0.04180908203125,-0.08367902645977715,0.42313652105414506,0.6260881067193574,0.5532749940479285,1452843122107261840,0.020050049
0.6426819185962724,0.813555815643717,-0.22504489508048575,8.87118832066154,4.8083771677547205,-1.4559090844117017,0.2669677734375,0.1094512939453125,0.07403564453125,-0.1371690191036392,0.30484898501398194,0.4408684012753359,1.0609233329793848,1452843122127372924,0.020111084
0.6500464137832687,1.0011620353274742,-0.24320730278313873,9.033699924107356,5.058667676586588,-1.5167109101074863,0.2875823974609375,0.1485443115234375,0.1025848388671875,-0.009061492537147914,-0.4179806031509173,0.9750734864716998,1.2182099791007248,1452843122147545043,0.020172119
0.031902365401615285,0.6544818743557288,0.10213825933598897,9.04167551545776,5.222288145175521,-1.491176345273489,0.2080230712890625,0.168853759765625,0.087921142578125,0.018512875911289667,-0.5624673564763524,1.080427395722156,0.6631715530679765,1452843122167717162,0.020172119
-0.23193660377245706,0.6260024916720832,0.4339322871562912,8.983691364514645,5.378788768093542,-1.3826932734844162,0.163726806640625,0.0689849853515625,0.0992279052734375,0.24849019060796146,-0.5143036195684448,0.3369584125459431,0.7962229195306101,1452843122187828246,0.020111084
-0.6756005525492164,0.7726281652126668,0.5165672164437831,8.814791226377341,5.571945809396708,-1.2535514693734706,0.15960693359375,0.005462646484375,0.1039581298828125,0.5551649405883834,-0.567075699064499,0.06471418838346354,1.1490135235884633,1452843122207908812,0.020080566
-0.7309467506331231,0.8593012626388834,0.6037200817487764,8.63205453871906,6.046924834615456,-1.0412188632505837,0.1629638671875,0.17388916015625,0.1063995361328125,0.6585421545768629,-0.9158028026602268,-0.21876815600975374,1.4053939628355663,1452843122248253051,0.020172119
-0.6971369750926986,0.9435148198076355,-0.22752295627453312,8.229745007319261,6.2828035395673645,-1.0980996023192169,0.0666046142578125,0.2242889404296875,0.033721923828125,0.43395242007972895,-1.3275253476795397,-0.15650552517794797,1.1949840471194315,1452843122268394652,0.020141601
-0.23133018554290885,0.4274803128773579,-0.20499199783212663,8.171912460933534,6.389673617786705,-1.1493476017772484,-0.0082244873046875,0.289794921875,0.00225830078125,-0.04699968369174207,-1.193309673873912,0.04230738052513395,0.5275175748885027,1452843122288505736,0.020111084
-0.24153387499682744,-0.09925110126061387,-0.023295356078201213,8.111528992184327,6.364860842471551,-1.1551714407967988,-0.046234130859375,0.2641448974609375,-0.0458526611328125,-0.12146894629471906,-0.5028701734495915,0.10315857180771082,0.26216801385225824,1452843122308677855,0.020172119
-0.06688432655996124,-0.5522280294459909,-0.2598350153313109,8.094807910544336,6.226803835110053,-1.2201301946296266,-0.041961669921875,0.214813232421875,-0.0869293212890625,-0.04049237071019167,-0.07757767052015137,-0.24713183117070342,0.6139572825835722,1452843122328849975,0.02017212
0.2489461520332803,-0.5518532243380427,-0.009735688046298652,8.157044448552657,6.088840529025543,-1.2225641166412013,0.074249267578125,0.2306976318359375,-0.083099365234375,-0.3577077341231436,0.3495053429096515,-0.3561386907104774,0.6054840637425613,1452843122348991576,0.020141601
-0.033423644779626116,-0.191665684939184,0.26690627378171117,8.148688537357751,6.0409241077907465,-1.1558375481957737,0.2190093994140625,0.2714691162109375,-0.0954742431640625,-0.10672421784248787,0.5819828923151326,-0.12851767664179176,0.3302905293792103,1452843122369133178,0.020141602
-0.8523774607839609,-0.41383303054857734,0.21044403865779526,7.735327289885523,5.857497581329827,-1.0491281206890453,0.1209716796875,0.1827545166015625,-0.1334991455078125,0.22878057507230748,0.16657557521207095,-0.17030518849002166,0.9706141386937119,1452843122409416381,0.020172119
-0.4483570467521689,-0.10422316272011223,0.0075520082699862545,7.623238028197481,5.8314417906498,-1.0472401186215488,0.0609588623046875,0.12335205078125,-0.1241912841796875,0.13249588134258208,-0.16879679895361038,-0.9465961520660429,0.46037326361184305,1452843122429527465,0.020111084
-0.044745207714235846,-0.31404259267608925,-0.09254237775901109,7.612051726268923,5.752931142480777,-1.0703757130613014,0.0571441650390625,0.059967041015625,-0.107391357421875,-0.01364764478211088,-0.1929156500063127,-0.4177808545491765,0.3304375513003958,1452843122449669066,0.020141601
0.14988498617236168,-0.3297252850783714,-0.006077359238458868,7.649522972812013,5.670499821211184,-1.0718950528709161,7.9345703125E-4,-0.016845703125,-0.0876922607421875,-0.14355043815194526,0.20754309897370865,-0.21332629844515097,0.3622446783532032,1452843122469841185,0.020172119
0.21370681706288863,0.0520767055310527,0.09085344464048295,7.702949677077736,5.683518997593947,-1.0491816917107954,-0.0589141845703125,-0.0040130615234375,-0.0971527099609375,-0.05892655640434183,0.3495074785599034,-0.07478904160746966,0.23798515777493395,1452843122489982787,0.020141602
0.1020445552128102,0.09717894254984216,0.02291468930613627,7.72846081588094,5.707813733231408,-1.0434530193842613,-0.0986175537109375,0.004547119140625,-0.10906982421875,0.10117579611986742,0.09809155737595227,0.19177704788973213,0.14276526576756177,1452843122510093871,0.020111084
0.13045156213899833,-0.08497657252262591,0.09202559910115893,7.761073706415689,5.686569590100751,-1.0204466196089714,-0.0909881591796875,-0.0027923583984375,-0.0998992919921875,0.03972636527243996,-0.012821698359106671,0.13652597043971626,0.18085170397904812,1452843122530235473,0.020141602
0.3178011911174483,-0.2555789142681002,-0.07473157150032295,7.922031630113853,5.56533959625823,-1.0646043912372416,0.0250701904296875,0.059967041015625,-0.040191650390625,0.0789725947938059,0.15635348509304858,0.04499177678682991,0.4114325252017981,1452843122570488158,0.020172119
0.14978924669016713,-0.21219599341283413,-0.14947615497895672,7.959478941786395,5.512290597905022,-1.1019734299819808,0.04217529296875,0.052490234375,-0.033477783203125,-0.1325760198954994,0.361380567001582,0.1452736448677662,0.2996782924266627,1452843122590629760,0.020141602
0.01837876063338406,-0.18506441191776712,-0.27080162710816547,7.964073631944741,5.46602449492558,-1.169673836759022,0.0479736328125,0.056915283203125,-0.029205322265625,-0.179765171998148,0.23900248275178881,0.01921897830577227,0.3285120038070422,1452843122610771361,0.020141601
-0.0800479680557924,-0.0312790685967137,-0.2817291923115324,7.944061639930792,5.458204727776401,-1.2401061348369051,0.044464111328125,0.063934326171875,-0.0232391357421875,-0.2979016672786077,0.12648130081233339,-0.05636688831747537,0.2945460831901308,1452843122630943480,0.020172119
0.16088838336786626,-0.1207385869086206,0.11343500552577424,7.984283735772759,5.428020081049246,-1.2117473834554617,0.0159149169921875,0.0657806396484375,-7.9345703125E-4,-0.2854815540221436,-0.055169424693991234,-0.04705322086600171,0.23093371072679808,1452843122651054564,0.020111084
0.07989478872554301,-0.29854399452689684,0.020887164576869344,8.004257432954144,5.353384082417522,-1.2065255923112443,-0.07373046875,0.087615966796875,1.220703125E-4,0.09686077436889513,0.20345588859516045,0.05053779169063317,0.309754689355361,1452843122671196166,0.020141602
-0.16632338990315176,-0.149530070559714,-0.06971815217080346,7.956164088145339,5.1959930832550265,-1.2606956661885715,-0.03631591796875,-0.0348663330078125,0.0528106689453125,-0.2285016764645657,0.3621692407723946,-0.26330491151498264,0.2342719205807222,1452843122711448851,0.020080566
-0.1531636923912716,0.3474535802709786,-0.021314072517892857,7.917873165047522,5.282856478322771,-1.2660241843180446,-0.036468505859375,-0.0797576904296875,0.0566253662109375,-0.1015687434152176,0.022277227613032854,-0.20993057709975046,0.3803122359290422,1452843122731651488,0.020202637
0.017215139836983084,0.6646449931230327,0.0327168083919358,7.922176950006767,5.44901772660353,-1.2578449822200608,-0.12152099609375,-0.056549072265625,0.0315704345703125,0.03146869696975682,-0.3729178321172973,0.06767138142991973,0.6656723799846871,1452843122751762572,0.020111084
0.05683851811958629,0.4675924593421765,0.019471786557298643,7.936386579536664,5.5659158414390735,-1.2529770355807361,-0.2071990966796875,-0.0792999267578125,2.74658203125E-4,0.14364472570530903,-0.5249469606128567,0.3832969829605573,0.4714366083021434,1452843122771934691,0.020172119
0.026330189495668677,0.1673234791924907,0.449158972214589,7.942969126910581,5.607746711237197,-1.140687292527089,-0.235748291015625,-0.1886444091796875,-0.0095062255859375,0.09807858732260424,-0.34143781771392806,0.30992462734087955,0.4800356318949913,1452843122792015258,0.020080567
-0.33882354371596524,-0.4710362361772571,0.5478891894904212,7.85826324098159,5.489987652192882,-1.0037149951544837,-0.1760406494140625,-0.18450927734375,0.00592041015625,0.4704265369428544,-0.07017447172773073,0.06487387602287553,0.7980345190082644,1452843122812248412,0.020233154
-0.2777604951290229,-0.5366800631605555,0.29473225002983705,7.788823117199335,5.355817636402743,-0.9300319326470246,-0.00225830078125,-0.0762481689453125,0.0129547119140625,0.46361855679207903,0.24494229795584507,-0.60159802845842,0.672341789610008,1452843122832359496,0.020111084
0.0620689476467815,-0.15415639276650506,0.011753640019095735,7.833502190515388,5.240093892766505,-0.9174390648237832,0.113494873046875,0.17083740234375,-0.0092010498046875,0.2073129884423588,0.3103219499811578,-0.5592540997814961,0.19367226111157587,1452843122872581664,0.020080566
0.1995678764939406,-0.007504801713204223,0.08692976748402659,7.883394159638872,5.238217692338204,-0.8957066229527766,0.0637054443359375,0.1581573486328125,-0.0212554931640625,-0.009877923796355983,0.1931588319440346,0.010051632706573086,0.21780827314838647,1452843122892845336,0.020263672
0.35585791447640247,0.643886295348187,0.11357457570597118,7.9723586382579725,5.3991892661752505,-0.8673129790262837,-0.044708251953125,0.087005615234375,-0.0418701171875,0.08712542141727823,0.12803530216141001,0.15315535524448978,0.7443947883210217,1452843122912925902,0.020080566
0.17366338236237233,0.7429044464347996,0.12148710197102697,8.015774483848565,5.58491537778395,-0.836941203533527,-0.200164794921875,0.018890380859375,-0.04339599609375,0.20901534565785257,-0.311697317033888,0.6428693020089062,0.7725445636670122,1452843122933036986,0.020111084
0.47583256135864715,-0.7064210717584105,-0.2770534824856784,8.134732624188228,5.408310109844348,-0.9062045741549466,-0.2239990234375,-0.033935546875,-0.0191192626953125,0.22444855765489893,-0.4885785918147671,0.5547421962449038,0.8956595275163851,1452843122953178588,0.020141602
0.3404682951806688,-0.8254640058442284,-0.3307492313010427,8.219849697983394,5.201944108383291,-0.9888918819802073,-0.115570068359375,-0.06005859375,0.0013427734375,-0.3681758523594672,0.815910127830795,0.0307115155554128,0.9522103438704402,1452843122973320189,0.020141601
-0.021460813074215324,-0.314851185144132,-0.12006813504083413,8.21448449471484,5.123231312097257,-1.0189089157404159,-0.0214996337890625,-0.0466156005859375,0.0184478759765625,-0.44330544268689354,0.8342104078631805,-0.1194902906949413,0.3376509919082941,1452843122993492309,0.02017212
-0.15881904108437261,0.10417373938469421,0.09344744509233271,8.174779734443748,5.149274746943431,-0.9955470544673327,7.9345703125E-4,0.0040740966796875,0.01019287109375,-0.16811291206035903,0.23753216379493014,-0.17124461264033114,0.21167919307913652,1452843123013603393,0.020111084
-0.10599810396124809,0.34463049541400537,0.19727992873011624,8.148280208453436,5.235432370796932,-0.897441862905968,-0.0134124755859375,0.059661865234375,-0.009033203125,0.10437752310186527,-0.1617572791100457,-0.08802270694163128,0.39797024602113285,1452843123053917113,0.020141601
0.13296443612105158,0.07737015768996436,0.031686400481024335,8.197647746496136,5.339972981958473,-0.8895202627857118,-0.1267242431640625,0.01812744140625,-0.004302978515625,0.24213659659755415,-0.22543262135674919,0.22120196832265532,0.15706594331491155,1452843123074028197,0.020111084
0.03746285749059197,-0.2060970379105278,-0.08375732492768062,8.207013460868783,5.28844872248084,-0.9104595940176319,-0.1360321044921875,-0.0211181640625,-0.0145416259765625,0.044351012579663576,0.012661486513277528,0.1501412240936285,0.2255986352039724,1452843123094169799,0.020141602
-0.028415944476277488,-0.20507538423467242,-0.20291894587964454,8.199909474749715,5.237179876422172,-0.961189330487543,-0.0870208740234375,-0.026611328125,-0.0217132568359375,-0.11163321517113912,0.1823340914449372,-0.0720211727179697,0.2898956324548259,1452843123114311400,0.020141601
0.0681852131689773,0.020668696518512775,-0.1001159184224657,8.21695577804196,5.2423470505518,-0.9862183100931593,-0.0557098388671875,-0.0081329345703125,-0.0243072509765625,-0.2314578949178612,0.13240584972370092,-0.11373398489955774,0.12288049248048717,1452843123134514037,0.020202637
0.006696608035181129,0.05386405877731004,-0.00448238317547256,8.218629930050756,5.2558130652461275,-0.9873389058870274,-0.0558624267578125,0.008819580078125,-0.032867431640625,-0.0942892833253656,0.008579832879206297,0.0783296437546414,0.05446350288104982,1452843123154625121,0.020111084
-0.024318006540605452,-0.015294983446901611,0.07967825361587189,8.212550428415605,5.251989319384402,-0.9674193424830594,-0.0567779541015625,0.0311126708984375,-0.0284271240234375,0.0037501564793517963,-0.04161323713559016,0.0349363401147586,0.08469903222602443,1452843123174766723,0.020141602
0.02265985258001635,-0.10316616253877076,-0.016652904919802536,8.221074998795363,5.208915376320078,-0.999080019814158,-0.0184478759765625,0.0369110107421875,-0.0145416259765625,0.07598611586000906,0.008428410641856973,-0.0364554328149719,0.13041279718412446,1452843123215080443,0.020202636
0.003401231432459184,-0.03999607058731325,-0.1138341286799236,8.221925306653478,5.198916358673251,-1.027538551984139,-0.006988525390625,0.01202392578125,-0.0105743408203125,-0.11868723177785764,0.051633812333381865,-0.015962115618925944,0.12070403013155731,1452843123235191527,0.020111084
0.03526493045846735,0.032138885717649224,0.06780720877481117,8.230741539268095,5.206951080102663,-1.0105867497904362,-0.002410888671875,1.068115234375E-4,-0.004302978515625,-0.11847747864428852,0.02216000637541301,-0.006440764418759272,0.08291164488323388,1452843123255272094,0.020080567
-0.019639618133226122,0.006570483574119379,-0.026149740792650977,8.225831634734789,5.208593700996193,-1.017124184988599,-0.003631591796875,0.0184326171875,-0.0076751708984375,0.07276960771574975,2.1395131262026863E-4,0.03973511607016389,0.03335708018306685,1452843123275474730,0.020202636
-0.03868532731908125,-0.06174800767195432,-0.03910826919662069,8.216160302905019,5.193156699078204,-1.0269012522877543,-0.003631591796875,0.0311126708984375,-0.0125579833984375,-0.02524564552259881,-0.01922150243972974,-0.0102900905510199,0.08269720503617722,1452843123295646850,0.02017212
0.009249492050985353,-0.1498988944188131,-0.0973266544197966,8.218472675917765,5.155681975473501,-1.0512329158927034,-0.005767822265625,0.0268402099609375,-0.00628662109375,-0.0492141744364004,0.02586444929855729,-0.061219469662299394,0.1789628713217751,1452843123315757934,0.020111084
0.177773128797039,-0.06823454522255012,0.004450688182912721,8.262915958117024,5.138623339167863,-1.0501202438469752,0.0035400390625,0.01812744140625,0.00469970703125,-0.11905214291242028,0.1189240333057046,-0.0609210334479667,0.19047059381783418,1452843123335869018,0.020111084
-0.13891318585114476,-0.012656925348681902,-0.05246405956293576,8.241009743468332,5.144065616754932,-1.0601915800855017,-0.0094451904296875,0.008819580078125,-0.0166778564453125,-9.147316122544488E-4,0.15274447359640964,0.11378635161929862,0.14902868350898113,1452843123376182738,0.020172119
-0.11591570493091652,-0.004388235591445522,0.06521869375590139,8.212030817235604,5.1429685578570705,-1.0438869066465264,-0.0141754150390625,-0.0072174072265625,-0.0127105712890625,-0.05785538218404061,-0.0700787490900425,-0.11811550336245216,0.13307586286199077,1452843123396293822,0.020111084
0.015421732930265719,-0.008295744723156417,0.16607876359847107,8.215886250468172,5.140894621676281,-1.0023672157469086,-0.0141754150390625,-0.01593017578125,-0.005523681640625,0.060417077192010935,-0.05113706227896264,-0.10697645881243725,0.16699941600341317,1452843123416404906,0.020111084
-0.031693375374537425,-0.01812341218477531,-0.0078352313087231,8.207962906624537,5.136363768630088,-1.0043260235740894,-0.0181427001953125,-0.0035552978515625,-6.40869140625E-4,0.16337994940302644,0.03352978267357967,-0.008458653445030663,0.037340580626334566,1452843123436607543,0.020202637
0.0789787957941197,-0.0767057609978199,-0.1259092983282284,8.227707605573068,5.117187328380632,-1.0358033481561466,-0.008056640625,0.021026611328125,0.008056640625,-0.011324428581724255,-0.002724985305588272,-0.03547746871191518,0.16725601741297905,1452843123456749144,0.020141601
0.15219670851029576,0.011377090420494618,-0.03852040741258267,8.265756782700642,5.120031600985755,-1.0454334500092923,-0.0050048828125,0.048828125,4.2724609375E-4,-0.13386063666289322,0.09204779042223767,0.039788319733611875,0.15740742693734433,1452843123476890746,0.020141602
0.007853558214486966,0.030158801242645694,0.058197345944933865,8.267720172254263,5.127571301296417,-1.0308841135230589,-0.02960205078125,0.0346221923828125,0.00103759765625,-0.03195670048849167,0.06717849899421995,0.13871883656635145,0.06601638239146441,1452843123497032348,0.020141602
-0.028469816492727062,-0.04540295704845754,-0.008500768907742318,8.250210539148977,5.10981030568127,-1.0180190064828827,-0.0117340087890625,-0.0122528076171875,0.008514404296875,0.06231253322432198,-0.014465352340137374,0.01631149566882948,0.05426068587749765,1452843123537346068,0.020202636
-0.02374020866293236,-0.08322177970126621,-0.07667366200119385,8.244275486983245,5.089004860755954,-1.0371874219831811,0.0136260986328125,-0.0047760009765625,0.0144805908203125,-0.01605311082066318,0.021936412469035733,-0.046960763866070544,0.1156214191604608,1452843123557396117,0.020050049
0.040358419007153756,-0.10485867376101243,-0.07186139053845508,8.254365091735034,5.0627901923157,-1.055152769617795,0.0243072509765625,0.0256195068359375,0.0227203369140625,-0.08910232572532271,0.048590197371358695,-0.05539023932542424,0.13337242180374392,1452843123577568236,0.020172119
0.05526036801822265,-0.08293479057130959,-0.018255713993263978,8.26818018373959,5.042056494672872,-1.059716698116111,-2.74658203125E-4,0.0363006591796875,0.0164642333984375,-0.085747741951575,0.1013847069924654,-0.012516611194038286,0.10131712024144902,1452843123597679320,0.020111084
0.1341741147270774,0.02553449176170286,0.07440910068038886,8.30172371242136,5.048440117613297,-1.0411144229460139,-0.0086669921875,0.01995849609375,0.00836181640625,-0.02875760888496532,0.09696704733623768,0.005962445448220861,0.15553590452492844,1452843123617881957,0.020202637
0.08244915506291228,0.10273960512811264,0.05857513210681109,8.322336001187088,5.074125018895325,-1.026470639919311,-0.0088348388671875,0.005767822265625,0.0106658935546875,0.08174304714518937,0.05734433605630339,0.11925234122226784,0.1441677347182754,1452843123638023559,0.020141602
-0.03454116423091946,0.00849783644624047,9.12840060448783E-4,8.298180416736297,5.076752756233632,-1.0337167222436716,3.35693359375E-4,-0.0102691650390625,0.0175323486328125,0.07584977145176039,-0.03643001342279951,0.11706409394825788,0.0689345013131789,1452843123678306762,0.020172119
-0.0582831029202886,-0.004126814361905318,0.06988109263868725,8.283609641006226,5.075721052643155,-1.0162464490839997,-0.005615234375,0.017364501953125,0.0111083984375,-0.031095596107012322,-0.03790791066597969,-0.04845636621516354,0.09108961406862678,1452843123698509398,0.020202636
