Acc0,Acc1,Acc2,Gyro0,Gyro1,Gyro2,MagnetData0,MagnetData1,MagnetData2,Timestamp,dt
-0.25,0.96875,-0.0625,18.5394287109,-15.3045654297,1.2435913086,2.1362304688,15.0451660156,-11.6577148438,141095813390393,0
-0.265625,0.96875,-0.015625,8.6517333984,-9.2468261719,1.2283325195,1.9836425781,14.9230957031,-11.9323730469,141095913896018,0.100505625
-0.25,0.953125,0,9.0866088867,-9.6282958984,-4.264831543,1.9836425781,14.9230957031,-11.9323730469,141096014538414,0.100642396
-0.28125,0.953125,-0.078125,12.9318237305,-5.5160522461,-0.4043579102,2.0751953125,15.0451660156,-12.451171875,141096115255445,0.100717031
-0.421875,1.109375,-0.0625,7.2937011719,2.1209716797,4.8370361328,2.1362304688,14.892578125,-12.7258300781,141096215896486,0.100641041
-0.421875,1,-0.09375,3.7994384766,-0.0381469727,-0.7019042969,2.3803710938,14.7399902344,-13.6108398438,141096316244715,0.100348229
-0.375,0.9375,-0.0625,-2.7694702148,-4.8751831055,-9.7503662109,2.4108886719,14.8620605469,-12.939453125,141096416662788,0.100418073
-0.359375,0.875,-0.015625,-4.2343139648,-9.1705322266,0.5340576172,2.4108886719,14.8620605469,-12.939453125,141096517430809,0.100768021
-0.296875,0.828125,0.046875,12.7716064453,-46.1044311523,-2.7160644531,2.0446777344,14.7705078125,-12.9699707031,141096618472267,0.101041458
-0.234375,0.890625,-0.015625,46.2112426758,-97.541809082,-12.4130249023,2.2277832031,14.5263671875,-12.939453125,141096718967111,0.100494844
-0.40625,0.875,-0.09375,48.0422973633,-78.4759521484,3.0136108398,2.7160644531,13.18359375,-17.0288085938,141096819497111,0.10053
-0.578125,0.96875,0.078125,32.470703125,-33.561706543,5.5923461914,3.2958984375,12.3596191406,-17.3034667969,141096919820705,0.100323594
-0.46875,0.921875,0.0625,32.470703125,-33.561706543,5.5923461914,3.9978027344,11.71875,-19.7143554688,141097020253726,0.100433021
-0.359375,1.046875,0.1875,28.8696289063,-82.51953125,-12.6342773438,3.9978027344,11.71875,-19.7143554688,141097121438726,0.101185
-0.359375,0.875,0.15625,39.0930175781,-107.2158813477,-8.5754394531,4.9133300781,10.009765625,-21.1181640625,141097222154559,0.100715833
-0.4375,0.828125,0.046875,59.5016479492,-103.1341552734,-1.1749267578,5.8288574219,8.6059570313,-21.8811035156,141097322522267,0.100367708
-0.453125,0.90625,-0.15625,49.9801635742,-104.1717529297,-0.3356933594,6.8054199219,6.7749023438,-24.3225097656,141097423214663,0.100692396
-0.625,0.796875,-0.140625,21.858215332,-38.7878417969,-3.3645629883,7.6293945313,5.4321289063,-24.3530273438,141097523801538,0.100586875
-0.640625,0.8125,-0.171875,-6.0653686523,31.1737060547,-8.1481933594,7.9650878906,5.126953125,-24.4750976563,141097624147423,0.100345885
-0.734375,1,0.046875,-42.5338745117,86.9522094727,6.1187744141,7.8430175781,5.7373046875,-25.3295898438,141097724680861,0.100533438
-0.546875,0.859375,-0.0625,-39.3753051758,99.3576049805,10.6658935547,6.9885253906,7.0190429688,-23.5900878906,141097825985861,0.101305
-0.515625,0.75,0.03125,-48.469543457,85.9527587891,15.0527954102,6.0729980469,8.30078125,-23.4069824219,141097926929715,0.100943854
-0.421875,0.75,0.03125,-30.7769775391,55.9005737305,19.6151733398,5.2490234375,9.3994140625,-21.1791992188,141098027504454,0.100574739
-0.421875,0.953125,-0.078125,-7.2708129883,41.8243408203,3.059387207,4.9133300781,9.9792480469,-19.8974609375,141098127886746,0.100382292
-0.484375,0.90625,-0.015625,-13.5269165039,57.2814941406,22.8805541992,4.7302246094,10.4370117188,-19.7143554688,141098228167944,0.100281198
-0.5,1.125,0.21875,-12.1154785156,73.2116699219,34.3475341797,4.7912597656,10.8947753906,-19.8669433594,141098328518569,0.100350625
-0.265625,0.921875,0.03125,5.9967041016,47.9202270508,16.9372558594,4.7912597656,11.4135742188,-17.9748535156,141098429205027,0.100686458
-0.15625,1,0.078125,-7.453918457,30.4718017578,-0.1831054688,4.9133300781,11.5356445313,-18.2495117188,141098529804975,0.100599948
-0.1875,0.921875,0.078125,2.5253295898,12.3748779297,-15.7241821289,4.9133300781,11.9323730469,-16.2963867188,141098630954454,0.101149479
-0.140625,0.890625,0.015625,8.8348388672,7.080078125,-5.8517456055,4.8217773438,12.0849609375,-15.9606933594,141098731425235,0.100470781
-0.171875,0.9375,-0.03125,10.4217529297,6.0043334961,-4.6539306641,4.6997070313,12.3596191406,-16.9067382813,141098831885652,0.100460417
-0.203125,1.0625,-0.09375,10.4217529297,6.0043334961,-4.6539306641,4.39453125,12.6037597656,-16.5100097656,141098932500339,0.100614687
-0.265625,1.046875,-0.078125,5.9661865234,11.7721557617,-5.5618286133,4.1809082031,12.6953125,-16.4184570313,141099033264767,0.100764428
-0.28125,0.890625,-0.15625,5.3176879883,12.0239257813,-0.114440918,4.1198730469,13.2141113281,-14.0075683594,141099134652162,0.101387395
-0.3125,0.90625,-0.09375,-9.8571777344,7.0724487305,-10.8413696289,3.9367675781,13.3056640625,-14.1906738281,141099235931016,0.101278854
-0.28125,0.828125,-0.09375,-10.1852416992,7.4234008789,2.7008056641,3.90625,13.3972167969,-13.7634277344,141099336642631,0.100711615
-0.25,0.859375,-0.078125,-9.6206665039,1.335144043,-0.1754760742,3.7841796875,13.4887695313,-14.7399902344,141099437423516,0.100780885
-0.28125,0.953125,-0.109375,-1.8005371094,1.1520385742,-0.5111694336,3.662109375,13.6108398438,-15.380859375,141099539268204,0.101844688
-0.359375,1.15625,0.0625,0.0305175781,-0.0534057617,-2.4032592773,3.7841796875,13.5803222656,-14.1296386719,141099640446225,0.101178021
-0.28125,0.921875,0.046875,12.8021240234,-3.2958984375,4.4860839844,3.6926269531,13.6413574219,-14.1906738281,141099741181381,0.100735156
-0.25,0.84375,0.0625,10.1928710938,-11.8789672852,-6.7291259766,3.8146972656,13.4887695313,-15.3198242188,141099842387631,0.10120625
-0.203125,0.84375,0,20.1644897461,-18.6309814453,-5.9432983398,3.662109375,13.427734375,-15.1977539063,141099943450027,0.101062396
-0.203125,0.828125,0.015625,15.8233642578,-46.6995239258,-5.2490234375,3.90625,13.3972167969,-15.1062011719,141100044155443,0.100705416
-0.234375,0.890625,-0.015625,18.9514160156,-22.6745605469,6.9198608398,3.8452148438,13.0615234375,-15.1977539063,141100145403620,0.101248177
-0.3125,1.125,-0.09375,8.1176757813,26.8249511719,1.3275146484,3.9978027344,12.8479003906,-17.6391601563,141100247622735,0.102219115
-0.453125,0.984375,-0.171875,-20.7672119141,28.4194946289,-2.2964477539,4.2114257813,12.5732421875,-15.7165527344,141100349232579,0.101609844
-0.4375,0.890625,-0.078125,-16.4642333984,20.7061767578,10.0402832031,4.0893554688,12.7563476563,-16.0522460938,141100449644610,0.100412031
-0.3125,0.765625,-0.078125,-10.5209350586,16.1209106445,6.9122314453,3.8757324219,13.0310058594,-15.4724121094,141100550308985,0.100664375
-0.265625,0.796875,-0.0625,-10.5209350586,16.1209106445,6.9122314453,3.7841796875,13.3361816406,-14.9536132813,141100650865964,0.100556979
-0.28125,0.90625,-0.125,-1.3809204102,14.8315429688,6.0043334961,3.8452148438,13.0920410156,-15.1672363281,141100751710703,0.100844739
-0.34375,1.125,0.046875,-5.1651000977,7.1563720703,4.2343139648,3.6315917969,13.3361816406,-14.3127441406,141100852495912,0.100785209
-0.296875,0.984375,0.03125,10.5972290039,0.3433227539,3.4027099609,3.8757324219,13.3666992188,-13.6108398438,141100953375964,0.100880052
-0.265625,0.984375,0.046875,3.7155151367,-7.4234008789,-10.4675292969,4.0283203125,13.1225585938,-14.5874023438,141101054051120,0.100675156
-0.234375,0.8125,0,11.9323730469,-4.5547485352,-3.1661987305,3.90625,13.3972167969,-14.0991210938,141101154813516,0.100762396
-0.21875,0.78125,0.015625,6.3400268555,1.0299682617,-1.0757446289,3.6315917969,13.427734375,-13.7634277344,141101256143516,0.10133
-0.234375,0.890625,-0.0625,4.4555664063,10.8337402344,0.7629394531,3.7231445313,13.3972167969,-14.5874023438,141101357054818,0.100911302
-0.328125,1.109375,-0.0625,-3.4332275391,20.1034545898,5.8364868164,3.6010742188,13.6413574219,-13.9465332031,141101459488880,0.102434062
-0.40625,0.890625,-0.15625,-7.0495605469,49.9420166016,3.4866333008,3.7536621094,13.7939453125,-14.0686035156,141101560688307,0.101199427
-0.390625,0.9375,-0.0625,-37.3611450195,84.8083496094,-5.8059692383,3.3874511719,13.8854980469,-12.3596191406,141101661400599,0.100712292
-0.34375,0.796875,-0.046875,-50.537109375,100.7690429688,6.9732666016,2.8991699219,14.4958496094,-12.0544433594,141101762057474,0.100656875
-0.28125,0.875,-0.015625,-42.5796508789,99.1287231445,9.7503662109,2.44140625,14.9536132813,-10.7116699219,141101862652318,0.100594844
-0.28125,0.875,0.046875,-22.4227905273,58.7539672852,2.9144287109,2.44140625,15.0451660156,-9.4299316406,141101963275547,0.100623229
-0.234375,1.09375,0.1875,2.8228759766,5.5389404297,9.0713500977,2.4108886719,14.6789550781,-7.1105957031,141102063978620,0.100703073
-0.296875,0.90625,0.1875,37.109375,-29.0145874023,-10.3454589844,2.8991699219,14.2517089844,-7.1716308594,141102164785547,0.100806927
-0.234375,1.078125,0.09375,40.0314331055,-48.583984375,-2.1209716797,3.173828125,14.1296386719,-6.6833496094,141102265803724,0.101018177
-0.21875,0.796875,0.0625,34.6374511719,-59.196472168,4.7836303711,2.9602050781,14.2822265625,-6.8664550781,141102366432682,0.100628958
-0.21875,0.828125,0.046875,34.6374511719,-59.196472168,4.7836303711,2.6245117188,14.6789550781,-6.4697265625,141102466933515,0.100500833
-0.3125,0.921875,-0.046875,19.5541381836,-53.1158447266,6.0882568359,2.44140625,14.892578125,-7.7514648438,141102567744296,0.100810781
-0.34375,1.109375,0,26.5579223633,-71.2814331055,-9.1781616211,2.5634765625,14.9230957031,-8.7585449219,141102673499088,0.105754792
-0.3125,0.90625,-0.03125,58.3877563477,-165.4891967773,-14.2593383789,2.3803710938,14.8620605469,-11.1999511719,141102777498723,0.103999635
-0.296875,0.984375,0.0625,62.2634887695,-145.0576782227,4.7454833984,2.6550292969,14.5263671875,-11.9934082031,141102878599713,0.10110099
-0.359375,0.78125,-0.078125,33.5464477539,-64.6362304688,4.8294067383,3.1433105469,13.3972167969,-15.4418945313,141102979864400,0.101264687
-0.578125,0.890625,-0.140625,-1.823425293,13.9083862305,5.4931640625,4.150390625,12.0849609375,-17.8527832031,141103080940338,0.101075938
-0.53125,0.984375,0.046875,-26.4205932617,50.7583618164,0.6484985352,4.638671875,11.23046875,-19.5617675781,141103181410963,0.100470625
-0.375,0.765625,0,-12.8936767578,65.9790039063,1.9454956055,4.6081542969,11.23046875,-19.5617675781,141103282444088,0.101033125
-0.375,0.765625,0,-23.6740112305,68.0923461914,-16.5481567383,4.0283203125,11.8713378906,-18.8598632813,141103383462473,0.101018385
-0.265625,0.765625,-0.015625,-17.5476074219,69.82421875,-10.2615356445,3.7231445313,12.5732421875,-16.6625976563,141103484208254,0.100745781
-0.28125,0.8125,0,-23.5366821289,62.2482299805,-6.1798095703,3.173828125,13.5803222656,-15.6555175781,141103584890963,0.100682709
-0.28125,0.8125,0,-26.2222290039,71.8841552734,9.880065918,2.5634765625,14.404296875,-13.3361816406,141103685596327,0.100705364
-0.421875,1.046875,-0.0625,-39.6957397461,80.6427001953,-5.3558349609,2.4108886719,14.7094726563,-12.3596191406,141103786270911,0.100674584
-0.359375,1.046875,0,-24.658203125,69.7174072266,-2.6245117188,2.1667480469,14.8315429688,-11.0168457031,141103886701692,0.100430781
-0.28125,0.78125,-0.078125,-32.5927734375,65.4602050781,-6.6528320313,1.8920898438,15.2893066406,-8.9416503906,141103988219713,0.101518021
-0.4375,0.9375,0,-26.1993408203,56.7016601563,3.2501220703,1.7395019531,15.5639648438,-9.033203125,141104089672942,0.101453229
-0.28125,0.765625,0.03125,-13.0920410156,33.3023071289,3.0822753906,1.5563964844,15.4724121094,-6.5002441406,141104190894140,0.101221198
-0.34375,1.109375,0.015625,-4.9362182617,1.4419555664,7.3089599609,1.7700195313,15.380859375,-6.0729980469,141104291735650,0.10084151
-0.34375,1.109375,0.015625,1.0757446289,-22.7203369141,8.171081543,1.953125,14.9230957031,-6.2255859375,141104392503410,0.10076776
-0.375,1.03125,0.140625,25.993347168,-31.9900512695,-6.5231323242,2.1667480469,14.6789550781,-6.591796875,141104493070962,0.100567552
-0.3125,0.875,0.078125,31.4865112305,-23.8265991211,-9.0026855469,2.2583007813,14.8010253906,-6.7138671875,141104593470702,0.10039974
-0.3125,0.875,0.078125,31.5399169922,-35.2630615234,2.7542114258,2.2583007813,14.8010253906,-6.7138671875,141104693924348,0.100453646
-0.25,0.875,-0.015625,29.1900634766,-59.7839355469,4.150390625,1.708984375,15.13671875,-7.1716308594,141104794707785,0.100783437
-0.40625,1.09375,-0.078125,17.4407958984,-50.1251220703,-1.7471313477,1.5869140625,15.2893066406,-6.8359375,141104895444296,0.100736511
-0.46875,0.875,-0.125,22.5067138672,-30.1513671875,7.4081420898,1.5869140625,15.2893066406,-6.8359375,141104996171535,0.100727239
-0.359375,0.953125,-0.09375,10.5361938477,-22.7355957031,-15.7165527344,1.8920898438,15.380859375,-8.2092285156,141105096924400,0.100752865
-0.375,0.703125,-0.0625,-5.8898925781,-13.1759643555,4.5776367188,1.8615722656,15.5639648438,-9.3994140625,141105197733827,0.100809427
-0.296875,0.765625,-0.046875,-5.5084228516,-11.9781494141,12.2528076172,1.8310546875,15.3198242188,-9.3688964844,141105299344504,0.101610677
-0.328125,0.890625,-0.078125,0.5874633789,-5.241394043,15.8538818359,1.7395019531,15.380859375,-10.1318359375,141105400332993,0.100988489
-0.40625,1.140625,0.109375,6.2637329102,-4.1275024414,3.3493041992,1.9226074219,15.380859375,-9.6740722656,141105500969035,0.100636042
-0.40625,1.140625,0.109375,9.2391967773,-3.5095214844,8.2855224609,2.2888183594,14.7094726563,-10.6201171875,141105602022368,0.101053333
-0.234375,0.75,0.046875,11.4517211914,2.1896362305,-2.9296875,2.5939941406,14.7705078125,-10.7116699219,141105703449764,0.101427396
-0.234375,0.75,0.03125,15.9378051758,-3.7078857422,1.7013549805,2.5329589844,14.9536132813,-10.4370117188,141105804216326,0.100766562
-0.21875,0.828125,-0.015625,13.4582519531,-8.0337524414,-3.2653808594,2.3498535156,14.7705078125,-10.3759765625,141105904710545,0.100494219
-0.34375,1.03125,-0.09375,7.3928833008,-6.1340332031,3.3950805664,2.6245117188,14.8010253906,-10.1623535156,141106005111066,0.100400521
-0.421875,1.25,-0.1875,17.1127319336,7.2860717773,-8.9797973633,2.6245117188,14.8010253906,-10.1623535156,141106105668878,0.100557812
-0.40625,1.109375,-0.109375,-8.903503418,12.8326416016,-3.1356811523,2.5329589844,14.3737792969,-10.3454589844,141106206267576,0.100598698
-0.3125,0.875,-0.046875,-12.0010375977,12.9547119141,-3.5629272461,2.4108886719,14.7399902344,-10.0708007813,141106306976222,0.100708646
-0.265625,0.71875,-0.046875,-10.7116699219,16.3726806641,2.5024414063,2.4719238281,14.9230957031,-10.6201171875,141106407372889,0.100396667
-0.25,0.890625,-0.109375,-7.2402954102,17.6849365234,7.1868896484,2.5939941406,14.7399902344,-9.3383789063,141106508379555,0.101006666
-0.359375,1.125,0,0.8087158203,3.9978027344,3.8681030273,2.6245117188,14.8620605469,-9.3688964844,141106609246430,0.100866875
-0.375,1.21875,0,9.4604492188,-5.5618286133,-2.3040771484,2.685546875,14.6484375,-9.7045898438,141106710464920,0.10121849
-0.390625,1.109375,0.078125,8.5372924805,-6.0119628906,-3.8681030273,2.5939941406,14.5874023438,-9.7961425781,141106811196014,0.100731094
-0.21875,0.875,0.03125,19.5083618164,-7.6141357422,-1.3732910156,2.5939941406,14.5874023438,-9.7961425781,141106911883878,0.100687864
-0.171875,0.78125,0,19.7677612305,-10.3454589844,-4.3411254883,2.8991699219,14.5568847656,-10.5285644531,141107013856847,0.101972969
-0.234375,0.78125,-0.09375,20.149230957,-27.6641845703,9.0255737305,2.5634765625,14.5263671875,-9.765625,141107114672211,0.100815364
-0.375,1.15625,-0.109375,-1.0375976563,-8.4228515625,12.0697021484,2.6245117188,14.8010253906,-9.8876953125,141107215544295,0.100872084
-0.359375,0.90625,-0.140625,5.1498413086,8.1558227539,-3.044128418,2.9602050781,14.16015625,-10.6506347656,141107316176326,0.100632031
-0.296875,0.859375,-0.078125,-12.7868652344,8.9721679688,-11.9323730469,3.0517578125,14.3127441406,-10.2233886719,141107416871742,0.100695416
-0.21875,0.703125,-0.046875,-14.6560668945,7.0877075195,-2.8610229492,2.7160644531,14.4653320313,-10.4370117188,141107517767888,0.100896146
-0.25,1,-0.109375,-9.7961425781,12.0620727539,-1.8157958984,2.5024414063,14.5263671875,-10.1013183594,141107618206847,0.100438959
-0.328125,1,0.015625,1.7242431641,8.4762573242,14.8086547852,2.3193359375,14.7399902344,-10.6811523438,141107719637315,0.101430468
-0.265625,1.15625,-0.03125,15.8157348633,-20.866394043,0.1678466797,2.7160644531,14.4958496094,-9.8571777344,141107821367628,0.101730313
-0.40625,1.078125,0.046875,4.3640136719,-8.4381103516,-6.2942504883,2.7160644531,14.4958496094,-9.8571777344,141107922040544,0.100672916
-0.265625,0.9375,0.015625,13.2064819336,11.344909668,-12.4893188477,2.9602050781,14.5568847656,-10.3149414063,141108022956690,0.100916146
-0.21875,0.75,-0.015625,15.3198242188,4.7378540039,-6.0577392578,2.7465820313,14.5874023438,-10.5895996094,141108124227523,0.101270833
-0.234375,0.78125,-0.0625,2.8915405273,-1.4801025391,4.7988891602,2.6550292969,14.892578125,-9.8571777344,141108224918148,0.100690625
-0.3125,1.078125,-0.109375,-2.4642944336,2.8381347656,4.8370361328,2.44140625,14.6484375,-10.2233886719,141108325499971,0.100581823
-0.359375,1.046875,-0.203125,3.7002563477,13.18359375,-2.1438598633,2.5329589844,14.5568847656,-9.3078613281,141108426174503,0.100674532
-0.390625,0.84375,-0.09375,-13.5269165039,11.4135742188,-9.8037719727,2.4719238281,14.6789550781,-9.5825195313,141108526846898,0.100672395
-0.25,0.734375,-0.046875,-12.7105712891,4.6081542969,6.7138671875,2.3193359375,14.5874023438,-9.6130371094,141108627512002,0.100665104
-0.25,0.78125,-0.09375,-11.0778808594,18.4326171875,5.9204101563,2.44140625,14.6789550781,-9.2163085938,141108727918982,0.10040698
-0.296875,0.96875,-0.0625,-17.1203613281,42.5796508789,16.9525146484,2.7160644531,14.6789550781,-9.6740722656,141108828413669,0.100494687
-0.3125,1.109375,0.09375,-14.7933959961,22.0489501953,-20.133972168,2.7770996094,14.4958496094,-8.6364746094,141108928946742,0.100533073
-0.28125,0.90625,0.078125,-1.708984375,34.6984863281,-0.48828125,2.5634765625,14.5874023438,-9.3688964844,141109029694763,0.100748021
-0.34375,1,0.03125,-6.1340332031,51.6052246094,-11.8865966797,2.5634765625,14.7399902344,-8.2397460938,141109130867471,0.101172708
-0.25,0.734375,0.09375,-10.7574462891,64.2623901367,-5.1956176758,2.4719238281,14.6789550781,-7.2326660156,141109231721377,0.100853906
-0.234375,0.796875,0.03125,-8.4686279297,49.5071411133,-2.1743774414,2.2888183594,14.5568847656,-5.6762695313,141109333115648,0.101394271
-0.3125,1.09375,-0.046875,-19.4091796875,34.4619750977,0.1449584961,2.4108886719,14.1906738281,-4.2724609375,141109434341429,0.101225781
-0.21875,1.109375,-0.03125,-5.3939819336,20.2789306641,11.8865966797,2.3803710938,14.1296386719,-5.2490234375,141109535192210,0.100850781
-0.21875,1.109375,0.015625,20.1110839844,-23.6434936523,-13.6108398438,2.3803710938,14.1296386719,-5.2490234375,141109635969762,0.100777552
-0.140625,0.75,0.015625,25.1007080078,-86.181640625,-4.1275024414,2.2277832031,14.3432617188,-4.39453125,141109737130127,0.101160365
-0.15625,0.703125,0.03125,38.4216308594,-124.8550415039,5.2185058594,1.8615722656,14.892578125,-5.1879882813,141109837510856,0.100380729
-0.3125,0.96875,-0.015625,42.236328125,-128.8986206055,27.2445678711,1.953125,15.0146484375,-7.2937011719,141109937906898,0.100396042
-0.453125,1.1875,0.109375,32.0281982422,-81.5811157227,8.1481933594,2.5024414063,14.5874023438,-9.1552734375,141110038545075,0.100638177
-0.296875,0.765625,0.109375,30.7846069336,-44.4183349609,4.6844482422,3.2043457031,13.9770507813,-12.451171875,141110139268825,0.10072375
-0.296875,0.90625,0.03125,24.6810913086,-35.5606079102,6.8206787109,3.5095214844,13.7023925781,-12.9089355469,141110239988721,0.100719896
-0.1875,0.765625,0.015625,25.8407592773,-29.411315918,5.1803588867,3.8146972656,13.427734375,-13.6413574219,141110341004814,0.101016093
-0.15625,0.828125,-0.0625,21.1563110352,-22.3770141602,2.1133422852,4.2419433594,13.0920410156,-13.916015625,141110441606064,0.10060125
-0.265625,1.125,-0.140625,5.6381225586,3.1051635742,-2.1133422852,4.2114257813,13.0004882813,-15.4418945313,141110542331325,0.100725261
-0.4375,1.265625,-0.21875,2.7465820313,44.8760986328,-0.9841918945,4.3640136719,12.7868652344,-14.5568847656,141110642832679,0.100501354
-0.453125,1.0625,-0.109375,-19.8669433594,45.783996582,1.7623901367,4.3029785156,12.8784179688,-13.2141113281,141110743454345,0.100621666
-0.25,0.75,-0.03125,-22.7508544922,39.6194458008,-6.0119628906,3.9672851563,13.1225585938,-12.7868652344,141110844245543,0.100791198
-0.21875,0.71875,-0.09375,-14.2364501953,36.2777709961,-6.5994262695,3.7231445313,13.5803222656,-12.5427246094,141110944927210,0.100681667
-0.234375,0.796875,-0.125,-11.7263793945,58.7768554688,-2.8381347656,3.3264160156,13.5803222656,-11.2609863281,141111045911793,0.100984583
-0.390625,1.21875,0.140625,-21.110534668,57.3959350586,-7.0419311523,3.0517578125,13.916015625,-11.3830566406,141111146546220,0.100634427
-0.234375,0.796875,0.125,-5.3405761719,20.378112793,-3.4790039063,3.0212402344,13.9770507813,-10.1013183594,141111247552158,0.101005938
-0.25,0.765625,0.09375,8.6669921875,14.3737792969,-18.9437866211,2.7770996094,14.4348144531,-8.5754394531,141111348229449,0.100677291
-0.25,0.765625,0.0625,16.845703125,-1.3961791992,3.2272338867,2.4719238281,14.5263671875,-7.6904296875,141111448660335,0.100430886
-0.203125,0.796875,0,12.0544433594,-4.8522949219,4.508972168,2.5634765625,14.7399902344,-7.7819824219,141111549318303,0.100657968
-0.28125,1.078125,-0.0625,-2.4719238281,-4.5166015625,5.5618286133,2.7160644531,14.3432617188,-8.2092285156,141111650610855,0.101292552
-0.359375,1.234375,-0.125,9.0026855469,3.4255981445,-12.2375488281,2.7770996094,14.404296875,-7.9956054688,141111751245647,0.100634792
-0.34375,0.96875,-0.078125,-3.0212402344,12.809753418,-1.2130737305,2.685546875,14.4653320313,-7.8735351563,141111851855282,0.100609635
-0.25,0.9375,0,-2.8991699219,-3.2730102539,-10.4751586914,2.685546875,14.3432617188,-8.1481933594,141111952390543,0.100535261
-0.15625,0.71875,-0.015625,0.4119873047,-14.5263671875,-6.5002441406,2.4108886719,14.5874023438,-7.2326660156,141112053137157,0.100746614
-0.25,0.875,-0.09375,3.2958984375,-11.2686157227,11.9400024414,2.44140625,14.7094726563,-8.0871582031,141112154071220,0.100934063
-0.3125,1.15625,0.03125,16.8075561523,-31.8908691406,10.4598999023,2.5329589844,14.6179199219,-9.3078613281,141112254901689,0.100830469
-0.46875,1.296875,0.078125,15.6631469727,-49.4537353516,-0.2212524414,2.7160644531,14.4653320313,-8.8806152344,141112355733772,0.100832083
-0.40625,1.125,0.03125,22.0642089844,-32.8216552734,-4.8065185547,2.5634765625,14.5568847656,-10.1928710938,141112456923147,0.101189375
-0.328125,0.828125,0,16.6015625,-18.2800292969,3.4484863281,2.7160644531,14.5263671875,-9.7961425781,141112557763355,0.100840208
-0.25,0.734375,0.046875,16.8533325195,-2.6702880859,-7.0648193359,2.6245117188,14.3737792969,-10.6811523438,141112658217730,0.100454375
-0.25,0.890625,-0.046875,4.9591064453,-4.8065185547,1.8692016602,2.6245117188,14.5263671875,-10.7116699219,141112765253615,0.107035885
-0.375,1.109375,-0.078125,16.7007446289,3.6468505859,6.0348510742,2.4719238281,14.6484375,-10.6811523438,141112866286324,0.101032709
-0.328125,0.859375,-0.0625,3.8452148438,-2.5634765625,2.5863647461,2.8076171875,14.4653320313,-10.6201171875,141112966933459,0.100647135
-0.25,0.703125,-0.078125,-5.3176879883,-15.1824951172,-11.116027832,2.7770996094,14.2517089844,-10.8337402344,141113067701428,0.100767969
-0.25,0.703125,-0.078125,-5.973815918,-12.8326416016,11.6653442383,2.7465820313,14.4958496094,-10.8032226563,141113168253303,0.100551875
-0.40625,1.15625,-0.15625,-3.3111572266,-3.9520263672,5.9051513672,2.5024414063,14.3737792969,-11.1389160156,141113269094917,0.100841614
-0.40625,1.15625,-0.0625,3.3111572266,16.3497924805,5.3634643555,2.8686523438,14.1906738281,-11.6577148438,141113369439136,0.100344219
-0.53125,1.359375,0.109375,-4.8446655273,-9.6588134766,1.5411376953,2.685546875,14.1296386719,-11.3220214844,141113469859501,0.100420365
-0.28125,1.046875,0.078125,13.5726928711,-9.8342895508,-11.2075805664,2.7465820313,14.0380859375,-11.4135742188,141113571165542,0.101306041
-0.328125,0.84375,0.03125,21.3394165039,0.6561279297,0.1373291016,2.8686523438,14.0686035156,-10.7116699219,141113671976376,0.100810834
-0.234375,0.75,0,22.4227905273,-13.1683349609,-2.5787353516,2.7160644531,14.1296386719,-11.0168457031,141113772765021,0.100788645
-0.25,0.765625,-0.0625,4.0664672852,-7.5759887695,10.1852416992,2.8991699219,14.0380859375,-10.5590820313,141113873794969,0.101029948
-0.359375,1.125,-0.015625,10.5819702148,-18.5089111328,-2.7160644531,2.7465820313,14.0075683594,-10.5590820313,141113974624084,0.100829115
-0.25,0.765625,-0.140625,4.6005249023,1.7318725586,1.8539428711,3.1433105469,13.8244628906,-12.7563476563,141114076986167,0.102362083
-0.421875,0.921875,-0.0625,-13.1301879883,20.8206176758,-1.7929077148,3.2958984375,13.5498046875,-11.6577148438,141114178485646,0.101499479
-0.234375,0.734375,-0.125,-7.1411132813,6.7901611328,1.2054443359,2.9907226563,13.8244628906,-11.4440917969,141114279015438,0.100529792
-0.34375,1.078125,-0.03125,-4.7302246094,3.2501220703,5.5541992188,2.8076171875,13.7023925781,-11.5356445313,141114379382938,0.1003675
-0.453125,1.421875,0.078125,-2.0141601563,4.2877197266,8.5296630859,2.8076171875,13.7939453125,-11.5356445313,141114479970490,0.100587552
-0.390625,1.1875,0.015625,0.7781982422,6.3629150391,3.8223266602,3.1127929688,13.5192871094,-12.0849609375,141114580986844,0.101016354
-0.34375,0.828125,-0.015625,5.5999755859,20.5307006836,-22.4838256836,3.0822753906,13.7939453125,-12.1765136719,141114681647313,0.100660469
-0.25,0.703125,0,-1.8844604492,48.0041503906,-14.5721435547,2.6245117188,14.0380859375,-12.0239257813,141114782267677,0.100620364
-0.234375,0.796875,-0.015625,-5.5923461914,39.0777587891,-11.3677978516,2.4719238281,14.404296875,-10.1318359375,141114883159448,0.100891771
-0.234375,0.796875,-0.015625,-13.2598876953,25.1846313477,3.3874511719,2.0141601563,14.6789550781,-9.3078613281,141114983968615,0.100809167
-0.390625,1.15625,-0.078125,-4.9438476563,18.8674926758,-0.9078979492,1.9226074219,14.7094726563,-8.6669921875,141115084858510,0.100889895
-0.421875,0.890625,-0.125,-5.5313110352,16.4566040039,3.6010742188,1.9226074219,14.5874023438,-8.2092285156,141115185866531,0.101008021
-0.359375,0.90625,-0.03125,-3.7689208984,0.6256103516,-5.5847167969,1.9836425781,14.6179199219,-9.27734375,141115288210854,0.102344323
-0.25,0.75,-0.015625,0.2746582031,-26.2603759766,1.9149780273,1.9226074219,14.7094726563,-8.544921875,141115388936896,0.100726042
-0.21875,0.8125,-0.0625,5.9661865234,-25.1770019531,-1.7547607422,1.9226074219,14.8620605469,-8.1481933594,141115489602573,0.100665677
-0.375,1.078125,-0.046875,0.3814697266,-7.0571899414,25.2990722656,1.8310546875,14.6179199219,-9.6740722656,141115590398562,0.100795989
-0.484375,1.28125,0.078125,1.1291503906,-11.5585327148,12.2299194336,2.1057128906,14.4958496094,-9.8571777344,141115691259552,0.10086099
-0.390625,1.140625,0.109375,20.1797485352,-14.6026611328,-7.4157714844,2.5329589844,14.3127441406,-10.1928710938,141115792055489,0.100795937
-0.21875,0.71875,0.015625,24.9328613281,-9.5672607422,-2.5482177734,2.4719238281,14.0380859375,-10.8642578125,141115895264343,0.103208854
-0.1875,0.734375,-0.046875,25.6958007813,-20.5307006836,0.4196166992,2.5634765625,14.1296386719,-11.7797851563,141115996662000,0.101397657
-0.390625,1.171875,-0.046875,1.2893676758,-7.6141357422,9.0560913086,2.6245117188,14.2211914063,-10.986328125,141116097527312,0.100865312
-0.328125,0.90625,-0.15625,13.3743286133,-6.8740844727,15.9225463867,2.5024414063,14.0075683594,-10.6201171875,141116197849500,0.100322188
-0.265625,0.96875,-0.09375,-3.1967163086,-6.5078735352,-11.848449707,2.5329589844,14.0075683594,-11.3525390625,141116298269187,0.100419687
-0.25,0.703125,-0.046875,-3.1967163086,-6.5078735352,-11.848449707,2.9602050781,13.6108398438,-10.6506347656,141116400578197,0.10230901
-0.234375,0.734375,-0.078125,-4.0283203125,-7.9193115234,4.6081542969,2.8381347656,13.5803222656,-12.1459960938,141116503002208,0.102424011
-0.328125,1.015625,-0.046875,4.9057006836,-33.4014892578,8.8424682617,2.5939941406,13.8244628906,-11.8408203125,141116604260385,0.101258177
-0.296875,1.234375,0.125,12.451171875,-43.0526733398,16.3955688477,2.8991699219,13.7023925781,-12.939453125,141116705236583,0.100976198
-0.296875,1.234375,0.125,22.0031738281,-50.4608154297,0.6637573242,3.173828125,13.3666992188,-13.0920410156,141116806387520,0.101150937
-0.28125,1.015625,0.09375,24.7802734375,-43.6553955078,-10.2081298828,3.662109375,12.7563476563,-13.8244628906,141116907326374,0.100938854
-0.21875,0.90625,0.015625,27.34375,-44.5404052734,-8.7280273438,3.8452148438,12.2375488281,-14.4653320313,141117008231166,0.100904792
-0.203125,0.75,-0.046875,10.2005004883,-22.2702026367,-2.2659301758,4.1809082031,11.71875,-15.8996582031,141117109516791,0.101285625
-0.265625,1.0625,-0.0625,3.6773681641,-11.1312866211,4.1427612305,4.2724609375,11.71875,-16.2048339844,141117210642780,0.101125989
-0.421875,1.0625,-0.09375,-4.3334960938,-3.2653808594,11.4440917969,4.2114257813,11.7492675781,-17.9748535156,141117311946687,0.101303907
-0.34375,0.9375,-0.046875,-20.9121704102,5.859375,-20.0729370117,4.4555664063,11.474609375,-16.3269042969,141117412654343,0.100707656
-0.28125,0.734375,-0.015625,-14.2822265625,10.9710693359,-0.3814697266,4.0893554688,12.0544433594,-17.2424316406,141117513161114,0.100506771
-0.265625,0.765625,-0.03125,-14.2822265625,10.9710693359,-0.3814697266,4.0893554688,12.0544433594,-17.2424316406,141117613867312,0.100706198
-0.25,0.84375,-0.0625,-2.8305053711,28.2440185547,1.4877319336,3.7231445313,12.3596191406,-15.8386230469,141117714526218,0.100658906
-0.40625,1.125,0.1875,-13.2598876953,26.3519287109,-5.5313110352,3.6010742188,12.6953125,-14.9841308594,141117815009551,0.100483333
-0.3125,0.796875,0.109375,-1.6555786133,42.2973632813,1.0757446289,3.6010742188,12.6953125,-14.9841308594,141117916130541,0.10112099
-0.296875,1,0.0625,-1.9302368164,51.2542724609,-19.2184448242,3.2348632813,12.9699707031,-15.8081054688,141118024332155,0.108201614
-0.234375,0.765625,0.03125,-4.6463012695,53.8177490234,-5.2108764648,3.0822753906,13.2751464844,-15.3198242188,141118132481999,0.108149844
-0.234375,0.8125,0,-7.7438354492,47.8820800781,4.39453125,2.7160644531,13.9465332031,-12.8784179688,141118233452884,0.100970885
-0.359375,1.09375,-0.078125,-19.3786621094,39.3295288086,11.4440917969,2.0141601563,14.7094726563,-10.8337402344,141118334114759,0.100661875
-0.484375,1.328125,-0.15625,-13.3819580078,52.0553588867,12.8707885742,2.2277832031,14.6484375,-9.6435546875,141118434767103,0.100652344
-0.53125,1.140625,-0.03125,-21.8658447266,54.2221069336,-13.2446289063,2.2277832031,14.7705078125,-8.8806152344,141118535357259,0.100590156
-0.34375,0.875,0,-9.0866088867,29.4647216797,-12.4740600586,1.9836425781,15.0756835938,-8.30078125,141118636797728,0.101440469
-0.25,0.765625,-0.03125,-9.0866088867,29.4647216797,-12.4740600586,1.9836425781,15.0756835938,-8.30078125,141118737400176,0.100602448
-0.25,0.765625,-0.046875,-11.2686157227,17.08984375,3.8909912109,1.6784667969,15.1672363281,-6.7138671875,141118838211374,0.100811198
-0.328125,1.125,0.078125,-2.1133422852,5.6610107422,0.2899169922,1.7395019531,15.0146484375,-8.3618164063,141118938705957,0.100494583
-0.390625,0.96875,0.140625,8.4686279297,-14.1983032227,5.9204101563,2.0141601563,14.8620605469,-7.7819824219,141119039469342,0.100763385
-0.3125,1,0.046875,20.7214355469,-0.1831054688,-1.4266967773,2.0141601563,14.8620605469,-6.8664550781,141119140813457,0.101344115
-0.28125,0.75,0.03125,15.9149169922,0.617980957,8.2702636719,1.9226074219,14.9536132813,-6.6528320313,141119241497623,0.100684166
-0.21875,0.734375,-0.015625,12.9699707031,-12.9318237305,-0.2899169922,2.0446777344,14.8010253906,-5.9509277344,141119342714238,0.101216615
-0.296875,1.015625,-0.078125,-3.7536621094,-21.598815918,5.2719116211,1.9836425781,15.0146484375,-7.3852539063,141119443077988,0.10036375
-0.328125,1.21875,-0.125,24.9252319336,-40.4663085938,2.9449462891,1.953125,14.8620605469,-7.9345703125,141119544117832,0.101039844
-0.3125,1.03125,-0.0625,5.8975219727,-43.0679321289,-1.7700195313,2.0141601563,14.5874023438,-7.1411132813,141119648300019,0.104182187
-0.3125,0.96875,0,8.9645385742,-48.7442016602,-0.1983642578,2.2277832031,14.7705078125,-8.8500976563,141119749490904,0.101190885
-0.25,0.734375,0,18.4936523438,-73.5778808594,10.1165771484,2.5329589844,14.7399902344,-10.25390625,141119849984915,0.100494011
-0.21875,0.8125,-0.015625,30.1895141602,-81.7031860352,7.5073242188,2.4719238281,14.5874023438,-11.2609863281,141119950739967,0.100755052
-0.328125,1.109375,0.09375,24.543762207,-89.3859863281,3.5858154297,3.2348632813,13.5192871094,-13.7939453125,141120051554342,0.100814375
-0.28125,1.03125,0.046875,31.9137573242,-60.9817504883,8.4991455078,3.5400390625,12.8479003906,-14.9841308594,141120152433456,0.100879114
-0.328125,1.046875,0.046875,21.2173461914,-38.8031005859,-17.9901123047,3.8757324219,12.0849609375,-16.2658691406,141120253154498,0.100721042
-0.21875,0.765625,0,23.0941772461,-23.8723754883,0.48828125,4.0588378906,11.71875,-17.3645019531,141120354063092,0.100908594
-0.265625,0.78125,-0.046875,21.4462280273,-8.7738037109,0.5874633789,4.5166015625,11.5661621094,-18.1579589844,141120455015123,0.100952031
-0.3125,1,-0.0625,6.3629150391,4.1122436523,0.1831054688,4.5166015625,11.5356445313,-17.9748535156,141120556178352,0.101163229
-0.3125,0.953125,-0.0625,14.7857666016,18.5623168945,-6.6833496094,4.6081542969,11.5051269531,-17.2729492188,141120656867310,0.100688958
-0.3125,0.953125,-0.140625,-11.0397338867,29.9301147461,-4.5700073242,4.6997070313,11.8408203125,-17.9443359375,141120757374029,0.100506719
-0.296875,0.828125,-0.0625,-24.055480957,26.0314941406,-8.5525512695,4.3029785156,12.1459960938,-15.869140625,141120858030383,0.100656354
-0.25,0.71875,-0.015625,-18.0435180664,31.4483642578,-1.7623901367,3.9367675781,12.5732421875,-16.2353515625,141120958369706,0.100339323
-0.25,0.78125,-0.109375,-4.0740966797,34.8587036133,-2.3880004883,3.5095214844,12.8479003906,-16.11328125,141121058743612,0.100373906
-0.359375,1.109375,-0.0625,-17.9061889648,51.139831543,-2.8762817383,3.3874511719,13.2446289063,-14.5568847656,141121159310696,0.100567084
-0.453125,1.359375,0,-17.3187255859,65.5364990234,-4.524230957,3.2653808594,13.5192871094,-13.18359375,141121259708456,0.10039776
-0.40625,1.0625,0.109375,-17.9901123047,69.1833496094,-7.6065063477,2.8686523438,14.0686035156,-12.4816894531,141121360659966,0.10095151
-0.265625,0.9375,0.0625,-6.2561035156,57.6324462891,-13.4811401367,2.5634765625,14.3737792969,-12.0544433594,141121462067362,0.101407396
-0.21875,0.78125,0.0625,5.0201416016,34.1491699219,-6.6070556641,1.9836425781,14.892578125,-9.3383789063,141121562932831,0.100865469
-0.21875,0.765625,-0.015625,-10.0250244141,18.5012817383,3.0136108398,1.708984375,15.0451660156,-8.5144042969,141121663667622,0.100734791
-0.328125,1.09375,-0.046875,-5.3253173828,16.4642333984,3.8223266602,1.708984375,15.0451660156,-8.5144042969,141121764090018,0.100422396
-0.359375,1.171875,-0.109375,1.350402832,2.3422241211,-0.2975463867,1.8920898438,15.2282714844,-7.5988769531,141121864557206,0.100467188
-0.328125,0.890625,-0.015625,-1.7471313477,-4.4708251953,-9.8266601563,1.8615722656,15.1062011719,-7.7209472656,141121966307466,0.10175026
-0.28125,0.734375,0,-0.129699707,-15.8538818359,4.7073364258,1.6784667969,15.3503417969,-7.7819824219,141122066995695,0.100688229
-0.25,0.75,-0.03125,3.3874511719,-26.9241333008,12.6266479492,1.6784667969,15.2282714844,-7.8735351563,141122169406112,0.102410417
-0.296875,0.9375,-0.046875,15.8920288086,-21.6064453125,9.8419189453,1.8920898438,15.1672363281,-9.0026855469,141122270160903,0.100754791
-0.390625,1.234375,0.0625,6.8511962891,-17.0059204102,7.942199707,2.0751953125,15.0451660156,-9.765625,141122371002674,0.100841771
-0.234375,0.796875,0.09375,18.3715820313,-15.7928466797,-11.100769043,2.2277832031,15.0451660156,-8.5144042969,141122471654237,0.100651563
-0.25,0.875,0.046875,25.146484375,-12.3748779297,-5.3863525391,2.4719238281,14.7094726563,-10.7727050781,141122573561216,0.101906979
-0.25,0.75,0.03125,29.78515625,-38.3911132813,5.9051513672,2.3498535156,14.9230957031,-9.3078613281,141122674103195,0.100541979
-0.1875,0.78125,0,34.1873168945,-89.3630981445,10.5133056641,2.2277832031,14.8010253906,-10.25390625,141122774843820,0.100740625
-0.265625,1.140625,-0.125,24.0631103516,-63.8198852539,9.3460083008,2.3803710938,14.6484375,-10.1623535156,141122875594028,0.100750208
-0.484375,1.125,-0.203125,24.6810913086,-48.1185913086,27.0538330078,3.2653808594,13.5192871094,-13.3361816406,141122976454757,0.100860729
-0.5,0.984375,-0.109375,-1.0986328125,-58.3038330078,-0.9460449219,3.9672851563,12.8784179688,-14.892578125,141123077114705,0.100659948
-0.265625,0.75,-0.046875,2.8381347656,-44.792175293,10.2005004883,4.2419433594,12.2985839844,-16.9067382813,141123177766580,0.100651875
-0.28125,0.78125,-0.03125,14.5797729492,-38.818359375,3.173828125,4.4555664063,11.6882324219,-17.1508789063,141123278602830,0.10083625
-0.25,0.84375,-0.09375,36.1480712891,-40.6112670898,5.5541992188,4.6691894531,11.1999511719,-18.1274414063,141123379475955,0.100873125
-0.375,1.15625,0.09375,1.8081665039,-27.9922485352,-8.903503418,5.0354003906,10.5895996094,-19.1955566406,141123480296528,0.100820573
-0.21875,0.796875,0.03125,-2.5939941406,15.7165527344,-13.2522583008,5.1574707031,10.0708007813,-19.0734863281,141123581525278,0.10122875
-0.34375,0.9375,0,-21.7208862305,56.5948486328,-25.5508422852,4.8828125,10.5590820313,-19.6533203125,141123683247778,0.1017225
-0.3125,0.734375,0.015625,-10.5438232422,67.8253173828,-11.4059448242,4.1198730469,11.6577148438,-18.5546875,141123784351320,0.101103542
-0.28125,0.796875,-0.015625,-5.7601928711,58.6700439453,-1.1520385742,3.4790039063,12.6953125,-18.1579589844,141123885141320,0.10079
-0.453125,1.234375,-0.1875,-21.3623046875,58.2504272461,16.5100097656,3.0822753906,13.3361816406,-15.13671875,141123986041267,0.100899947
-0.546875,1.09375,-0.0625,-15.6478881836,57.5561523438,7.5073242188,3.2043457031,13.4887695313,-14.8620605469,141124086818090,0.100776823
-0.265625,0.75,-0.015625,-23.5595703125,31.5628051758,-17.5247192383,3.0822753906,13.9465332031,-13.7634277344,141124187210903,0.100392813
-0.265625,0.75,-0.015625,-17.5628662109,20.2255249023,-0.3662109375,2.7160644531,14.2517089844,-12.1459960938,141124288076996,0.100866093
-0.25,0.703125,-0.046875,-13.4658813477,24.9710083008,3.1661987305,2.4108886719,14.3127441406,-11.5051269531,141124389225330,0.101148334
-0.421875,1.078125,-0.078125,-23.3306884766,47.1038818359,6.6833496094,2.4719238281,14.6179199219,-11.474609375,141124489968819,0.100743489
-0.421875,1.078125,0.1875,-12.4206542969,47.3709106445,6.233215332,2.2888183594,14.6179199219,-10.9252929688,141124591053507,0.101084688
-0.34375,0.953125,0.125,6.9580078125,14.6102905273,6.7443847656,2.3498535156,14.7094726563,-10.6201171875,141124691656788,0.100603281
-0.265625,1.046875,0.0625,20.99609375,-3.5095214844,-15.5181884766,2.6550292969,14.4348144531,-10.3454589844,141124792725434,0.101068646
-0.28125,0.84375,0.015625,16.3879394531,-5.1040649414,-1.6479492188,2.44140625,14.6484375,-9.2468261719,141124893622882,0.100897448
-0.28125,0.78125,0.015625,10.1852416992,-10.4751586914,3.9978027344,2.2277832031,14.8315429688,-9.033203125,141124994384652,0.10076177
-0.265625,0.828125,0.015625,4.4250488281,-11.71875,5.5694580078,2.2888183594,14.7705078125,-9.3383789063,141125097541475,0.103156823
-0.359375,0.9375,-0.046875,15.5181884766,-6.6070556641,-6.8283081055,2.2583007813,14.8010253906,-9.5825195313,141125198182569,0.100641094
-0.421875,0.890625,0,3.6163330078,-11.1541748047,2.8457641602,2.6550292969,14.6179199219,-10.6506347656,141125298877413,0.100694844
-0.421875,0.890625,0,8.8577270508,-9.9182128906,0.9307861328,2.5634765625,14.5263671875,-9.8266601563,141125400525590,0.101648177
-0.390625,0.9375,-0.0625,15.6326293945,-18.5012817383,9.2620849609,2.5939941406,14.5263671875,-9.0942382813,141125502095850,0.10157026
-0.328125,0.859375,-0.078125,21.1334228516,-20.637512207,-1.9683837891,2.5329589844,14.3737792969,-10.4370117188,141125603049340,0.10095349
-0.4375,0.859375,-0.015625,2.7923583984,-24.6200561523,-10.5438232422,2.8991699219,14.4958496094,-10.8642578125,141125703770017,0.100720677
-0.359375,0.84375,0.015625,-0.3128051758,-6.9198608398,8.7280273438,2.7770996094,14.16015625,-10.6811523438,141125806483715,0.102713698
-0.3125,1.0625,0,5.0582885742,-3.4866333008,-2.3956298828,3.0212402344,13.8244628906,-10.8642578125,141125907131163,0.100647448
-0.28125,0.875,-0.015625,10.4751586914,-3.662109375,2.3498535156,3.0822753906,14.0686035156,-11.474609375,141126008141319,0.101010156
-0.296875,0.9375,-0.015625,5.5313110352,-9.2010498047,-2.1133422852,3.0822753906,13.8549804688,-12.2985839844,141126109747204,0.101605885
-0.328125,0.921875,-0.03125,6.2637329102,-8.3160400391,-9.3002319336,3.0517578125,14.0075683594,-11.1999511719,141126219351267,0.109604063
-0.328125,0.921875,-0.03125,2.8228759766,-0.862121582,-4.7302246094,2.9296875,13.9770507813,-12.0239257813,141126321201319,0.101850052
-0.328125,0.890625,0,3.6010742188,-0.8087158203,-7.8353881836,2.5939941406,14.4653320313,-11.4440917969,141126421971631,0.100770312
-0.328125,0.890625,0,3.6010742188,-0.8087158203,-7.8353881836,2.5939941406,14.4653320313,-11.4440917969,141126522499860,0.100528229
-0.359375,0.921875,-0.03125,7.1105957031,0.6408691406,-3.0136108398,2.5329589844,14.5263671875,-11.23046875,141126623165485,0.100665625
-0.296875,0.90625,-0.03125,8.6135864258,-7.8353881836,-4.020690918,2.6550292969,14.4653320313,-12.1765136719,141126723739079,0.100573594
-0.328125,0.953125,-0.046875,14.3585205078,-25.9017944336,-6.2713623047,2.6550292969,14.4653320313,-12.1765136719,141126824589496,0.100850417
-0.328125,0.875,-0.03125,19.6685791016,-52.864074707,-22.1328735352,2.1057128906,14.6179199219,-12.5427246094,141126925250537,0.100661041
